engine	mode	workload	lanes	jobs	sample	elapsed_ns	checksum
zig-js	single	arithmetic	1	240	0	87832667	224429640
zig-js	single	arithmetic	1	240	1	87345834	224429640
zig-js	single	arithmetic	1	240	2	87135375	224429640
zig-js	single	arithmetic	1	240	3	87223000	224429640
zig-js	single	arithmetic	1	240	4	87949209	224429640
zig-js	single	arithmetic	1	240	5	86646375	224429640
zig-js	single	arithmetic	1	240	6	88574083	224429640
JavaScriptCore	single	arithmetic	1	240	0	496048542	224429640
JavaScriptCore	single	arithmetic	1	240	1	367516458	224429640
JavaScriptCore	single	arithmetic	1	240	2	371064666	224429640
JavaScriptCore	single	arithmetic	1	240	3	366528625	224429640
JavaScriptCore	single	arithmetic	1	240	4	368788250	224429640
JavaScriptCore	single	arithmetic	1	240	5	371721250	224429640
JavaScriptCore	single	arithmetic	1	240	6	378742041	224429640
JavaScriptCore	independent_steady	arithmetic	1	240	0	369631958	224429640
JavaScriptCore	independent_steady	arithmetic	1	240	1	368396875	224429640
JavaScriptCore	independent_steady	arithmetic	1	240	2	371524875	224429640
JavaScriptCore	independent_steady	arithmetic	1	240	3	365057667	224429640
JavaScriptCore	independent_steady	arithmetic	1	240	4	369998792	224429640
JavaScriptCore	independent_steady	arithmetic	1	240	5	368033167	224429640
JavaScriptCore	independent_steady	arithmetic	1	240	6	367097500	224429640
zig-js	independent_steady	arithmetic	1	240	0	88349584	224429640
zig-js	independent_steady	arithmetic	1	240	1	87891083	224429640
zig-js	independent_steady	arithmetic	1	240	2	87282792	224429640
zig-js	independent_steady	arithmetic	1	240	3	86930542	224429640
zig-js	independent_steady	arithmetic	1	240	4	88042292	224429640
zig-js	independent_steady	arithmetic	1	240	5	88344958	224429640
zig-js	independent_steady	arithmetic	1	240	6	86837834	224429640
zig-js	independent_cold	arithmetic	1	240	0	90929833	224429640
zig-js	independent_cold	arithmetic	1	240	1	91071750	224429640
zig-js	independent_cold	arithmetic	1	240	2	90127541	224429640
zig-js	independent_cold	arithmetic	1	240	3	90795333	224429640
zig-js	independent_cold	arithmetic	1	240	4	90848417	224429640
zig-js	independent_cold	arithmetic	1	240	5	90458834	224429640
zig-js	independent_cold	arithmetic	1	240	6	92724667	224429640
JavaScriptCore	independent_cold	arithmetic	1	240	0	396835500	224429640
JavaScriptCore	independent_cold	arithmetic	1	240	1	387941708	224429640
JavaScriptCore	independent_cold	arithmetic	1	240	2	378179125	224429640
JavaScriptCore	independent_cold	arithmetic	1	240	3	368668667	224429640
JavaScriptCore	independent_cold	arithmetic	1	240	4	371086583	224429640
JavaScriptCore	independent_cold	arithmetic	1	240	5	374633375	224429640
JavaScriptCore	independent_cold	arithmetic	1	240	6	371173500	224429640
zig-js	shared	arithmetic	1	240	0	87901709	224429640
zig-js	shared	arithmetic	1	240	1	87227292	224429640
zig-js	shared	arithmetic	1	240	2	87246500	224429640
zig-js	shared	arithmetic	1	240	3	87573334	224429640
zig-js	shared	arithmetic	1	240	4	87596208	224429640
zig-js	shared	arithmetic	1	240	5	88857792	224429640
zig-js	shared	arithmetic	1	240	6	89379625	224429640
JavaScriptCore	independent_steady	arithmetic	2	240	0	376931750	232858800
JavaScriptCore	independent_steady	arithmetic	2	240	1	377791167	232858800
JavaScriptCore	independent_steady	arithmetic	2	240	2	379839750	232858800
JavaScriptCore	independent_steady	arithmetic	2	240	3	374854625	232858800
JavaScriptCore	independent_steady	arithmetic	2	240	4	374662209	232858800
JavaScriptCore	independent_steady	arithmetic	2	240	5	375269750	232858800
JavaScriptCore	independent_steady	arithmetic	2	240	6	376858083	232858800
zig-js	independent_steady	arithmetic	2	240	0	89838875	232858800
zig-js	independent_steady	arithmetic	2	240	1	88907333	232858800
zig-js	independent_steady	arithmetic	2	240	2	88263292	232858800
zig-js	independent_steady	arithmetic	2	240	3	88401791	232858800
zig-js	independent_steady	arithmetic	2	240	4	88711167	232858800
zig-js	independent_steady	arithmetic	2	240	5	88454625	232858800
zig-js	independent_steady	arithmetic	2	240	6	88509125	232858800
zig-js	independent_cold	arithmetic	2	240	0	91842459	232858800
zig-js	independent_cold	arithmetic	2	240	1	93842417	232858800
zig-js	independent_cold	arithmetic	2	240	2	91374041	232858800
zig-js	independent_cold	arithmetic	2	240	3	91728417	232858800
zig-js	independent_cold	arithmetic	2	240	4	91348750	232858800
zig-js	independent_cold	arithmetic	2	240	5	91876083	232858800
zig-js	independent_cold	arithmetic	2	240	6	91458750	232858800
JavaScriptCore	independent_cold	arithmetic	2	240	0	386536041	232858800
JavaScriptCore	independent_cold	arithmetic	2	240	1	380367917	232858800
JavaScriptCore	independent_cold	arithmetic	2	240	2	376473792	232858800
JavaScriptCore	independent_cold	arithmetic	2	240	3	378181459	232858800
JavaScriptCore	independent_cold	arithmetic	2	240	4	375744875	232858800
JavaScriptCore	independent_cold	arithmetic	2	240	5	377802125	232858800
JavaScriptCore	independent_cold	arithmetic	2	240	6	377489000	232858800
zig-js	shared	arithmetic	2	240	0	89050000	232858800
zig-js	shared	arithmetic	2	240	1	88179417	232858800
zig-js	shared	arithmetic	2	240	2	88135416	232858800
zig-js	shared	arithmetic	2	240	3	88856667	232858800
zig-js	shared	arithmetic	2	240	4	88403250	232858800
zig-js	shared	arithmetic	2	240	5	88690708	232858800
zig-js	shared	arithmetic	2	240	6	88824500	232858800
JavaScriptCore	independent_steady	arithmetic	4	240	0	399084750	321717840
JavaScriptCore	independent_steady	arithmetic	4	240	1	393463250	321717840
JavaScriptCore	independent_steady	arithmetic	4	240	2	395009250	321717840
JavaScriptCore	independent_steady	arithmetic	4	240	3	393649959	321717840
JavaScriptCore	independent_steady	arithmetic	4	240	4	394365708	321717840
JavaScriptCore	independent_steady	arithmetic	4	240	5	392824708	321717840
JavaScriptCore	independent_steady	arithmetic	4	240	6	570739208	321717840
zig-js	independent_steady	arithmetic	4	240	0	92044625	321717840
zig-js	independent_steady	arithmetic	4	240	1	90513792	321717840
zig-js	independent_steady	arithmetic	4	240	2	90326834	321717840
zig-js	independent_steady	arithmetic	4	240	3	90883583	321717840
zig-js	independent_steady	arithmetic	4	240	4	90553459	321717840
zig-js	independent_steady	arithmetic	4	240	5	90485166	321717840
zig-js	independent_steady	arithmetic	4	240	6	89718167	321717840
zig-js	independent_cold	arithmetic	4	240	0	98140084	321717840
zig-js	independent_cold	arithmetic	4	240	1	95920167	321717840
zig-js	independent_cold	arithmetic	4	240	2	94622583	321717840
zig-js	independent_cold	arithmetic	4	240	3	94496708	321717840
zig-js	independent_cold	arithmetic	4	240	4	93987666	321717840
zig-js	independent_cold	arithmetic	4	240	5	99784625	321717840
zig-js	independent_cold	arithmetic	4	240	6	103686250	321717840
JavaScriptCore	independent_cold	arithmetic	4	240	0	445989833	321717840
JavaScriptCore	independent_cold	arithmetic	4	240	1	401863208	321717840
JavaScriptCore	independent_cold	arithmetic	4	240	2	408111750	321717840
JavaScriptCore	independent_cold	arithmetic	4	240	3	508259500	321717840
JavaScriptCore	independent_cold	arithmetic	4	240	4	458513708	321717840
JavaScriptCore	independent_cold	arithmetic	4	240	5	483790834	321717840
JavaScriptCore	independent_cold	arithmetic	4	240	6	403365000	321717840
zig-js	shared	arithmetic	4	240	0	90236041	321717840
zig-js	shared	arithmetic	4	240	1	90542708	321717840
zig-js	shared	arithmetic	4	240	2	91026791	321717840
zig-js	shared	arithmetic	4	240	3	91866666	321717840
zig-js	shared	arithmetic	4	240	4	94169375	321717840
zig-js	shared	arithmetic	4	240	5	91354542	321717840
zig-js	shared	arithmetic	4	240	6	91495125	321717840
JavaScriptCore	independent_steady	arithmetic	8	240	0	565542792	787438800
JavaScriptCore	independent_steady	arithmetic	8	240	1	655704667	787438800
JavaScriptCore	independent_steady	arithmetic	8	240	2	689046292	787438800
JavaScriptCore	independent_steady	arithmetic	8	240	3	790295625	787438800
JavaScriptCore	independent_steady	arithmetic	8	240	4	542177625	787438800
JavaScriptCore	independent_steady	arithmetic	8	240	5	544328125	787438800
JavaScriptCore	independent_steady	arithmetic	8	240	6	583909291	787438800
zig-js	independent_steady	arithmetic	8	240	0	109630708	787438800
zig-js	independent_steady	arithmetic	8	240	1	109825708	787438800
zig-js	independent_steady	arithmetic	8	240	2	110722292	787438800
zig-js	independent_steady	arithmetic	8	240	3	110601708	787438800
zig-js	independent_steady	arithmetic	8	240	4	112366666	787438800
zig-js	independent_steady	arithmetic	8	240	5	124191750	787438800
zig-js	independent_steady	arithmetic	8	240	6	119547958	787438800
zig-js	independent_cold	arithmetic	8	240	0	119861917	787438800
zig-js	independent_cold	arithmetic	8	240	1	118528209	787438800
zig-js	independent_cold	arithmetic	8	240	2	114529791	787438800
zig-js	independent_cold	arithmetic	8	240	3	111766125	787438800
zig-js	independent_cold	arithmetic	8	240	4	112463708	787438800
zig-js	independent_cold	arithmetic	8	240	5	112294958	787438800
zig-js	independent_cold	arithmetic	8	240	6	114282250	787438800
JavaScriptCore	independent_cold	arithmetic	8	240	0	551271250	787438800
JavaScriptCore	independent_cold	arithmetic	8	240	1	551377292	787438800
JavaScriptCore	independent_cold	arithmetic	8	240	2	658469000	787438800
JavaScriptCore	independent_cold	arithmetic	8	240	3	645683625	787438800
JavaScriptCore	independent_cold	arithmetic	8	240	4	670678250	787438800
JavaScriptCore	independent_cold	arithmetic	8	240	5	633178125	787438800
JavaScriptCore	independent_cold	arithmetic	8	240	6	888809334	787438800
zig-js	shared	arithmetic	8	240	0	117921917	787438800
zig-js	shared	arithmetic	8	240	1	117654250	787438800
zig-js	shared	arithmetic	8	240	2	117037833	787438800
zig-js	shared	arithmetic	8	240	3	118934834	787438800
zig-js	shared	arithmetic	8	240	4	119842375	787438800
zig-js	shared	arithmetic	8	240	5	117968208	787438800
zig-js	shared	arithmetic	8	240	6	115175208	787438800
JavaScriptCore	single	properties	1	300	0	333003375	453042750
JavaScriptCore	single	properties	1	300	1	329482458	453042750
JavaScriptCore	single	properties	1	300	2	325925541	453042750
JavaScriptCore	single	properties	1	300	3	343724416	453042750
JavaScriptCore	single	properties	1	300	4	394469709	453042750
JavaScriptCore	single	properties	1	300	5	367857417	453042750
JavaScriptCore	single	properties	1	300	6	322166500	453042750
zig-js	single	properties	1	300	0	110604541	453042750
zig-js	single	properties	1	300	1	112459209	453042750
zig-js	single	properties	1	300	2	113467750	453042750
zig-js	single	properties	1	300	3	113080083	453042750
zig-js	single	properties	1	300	4	110144666	453042750
zig-js	single	properties	1	300	5	110475833	453042750
zig-js	single	properties	1	300	6	114364375	453042750
zig-js	independent_steady	properties	1	300	0	114449375	453042750
zig-js	independent_steady	properties	1	300	1	111593083	453042750
zig-js	independent_steady	properties	1	300	2	112312000	453042750
zig-js	independent_steady	properties	1	300	3	113855417	453042750
zig-js	independent_steady	properties	1	300	4	114108209	453042750
zig-js	independent_steady	properties	1	300	5	110885750	453042750
zig-js	independent_steady	properties	1	300	6	110967917	453042750
JavaScriptCore	independent_steady	properties	1	300	0	319377042	453042750
JavaScriptCore	independent_steady	properties	1	300	1	315699625	453042750
JavaScriptCore	independent_steady	properties	1	300	2	325456083	453042750
JavaScriptCore	independent_steady	properties	1	300	3	315172625	453042750
JavaScriptCore	independent_steady	properties	1	300	4	318792166	453042750
JavaScriptCore	independent_steady	properties	1	300	5	320967542	453042750
JavaScriptCore	independent_steady	properties	1	300	6	313907875	453042750
JavaScriptCore	independent_cold	properties	1	300	0	324763500	453042750
JavaScriptCore	independent_cold	properties	1	300	1	316885542	453042750
JavaScriptCore	independent_cold	properties	1	300	2	315880375	453042750
JavaScriptCore	independent_cold	properties	1	300	3	403962042	453042750
JavaScriptCore	independent_cold	properties	1	300	4	341422541	453042750
JavaScriptCore	independent_cold	properties	1	300	5	315417583	453042750
JavaScriptCore	independent_cold	properties	1	300	6	322601209	453042750
zig-js	independent_cold	properties	1	300	0	112805917	453042750
zig-js	independent_cold	properties	1	300	1	115131166	453042750
zig-js	independent_cold	properties	1	300	2	114298750	453042750
zig-js	independent_cold	properties	1	300	3	114020833	453042750
zig-js	independent_cold	properties	1	300	4	112156083	453042750
zig-js	independent_cold	properties	1	300	5	111638917	453042750
zig-js	independent_cold	properties	1	300	6	113498333	453042750
zig-js	shared	properties	1	300	0	165312041	453042750
zig-js	shared	properties	1	300	1	161352833	453042750
zig-js	shared	properties	1	300	2	162410959	453042750
zig-js	shared	properties	1	300	3	165183458	453042750
zig-js	shared	properties	1	300	4	162309583	453042750
zig-js	shared	properties	1	300	5	160550708	453042750
zig-js	shared	properties	1	300	6	165901708	453042750
zig-js	independent_steady	properties	2	300	0	114493042	906086400
zig-js	independent_steady	properties	2	300	1	112048750	906086400
zig-js	independent_steady	properties	2	300	2	115310583	906086400
zig-js	independent_steady	properties	2	300	3	117532542	906086400
zig-js	independent_steady	properties	2	300	4	113303875	906086400
zig-js	independent_steady	properties	2	300	5	112558041	906086400
zig-js	independent_steady	properties	2	300	6	113226208	906086400
JavaScriptCore	independent_steady	properties	2	300	0	323721666	906086400
JavaScriptCore	independent_steady	properties	2	300	1	320322208	906086400
JavaScriptCore	independent_steady	properties	2	300	2	325584417	906086400
JavaScriptCore	independent_steady	properties	2	300	3	319490792	906086400
JavaScriptCore	independent_steady	properties	2	300	4	323946917	906086400
JavaScriptCore	independent_steady	properties	2	300	5	322403833	906086400
JavaScriptCore	independent_steady	properties	2	300	6	478482000	906086400
JavaScriptCore	independent_cold	properties	2	300	0	334985875	906086400
JavaScriptCore	independent_cold	properties	2	300	1	327767667	906086400
JavaScriptCore	independent_cold	properties	2	300	2	335486209	906086400
JavaScriptCore	independent_cold	properties	2	300	3	319849125	906086400
JavaScriptCore	independent_cold	properties	2	300	4	336774709	906086400
JavaScriptCore	independent_cold	properties	2	300	5	318315667	906086400
JavaScriptCore	independent_cold	properties	2	300	6	323121500	906086400
zig-js	independent_cold	properties	2	300	0	114779417	906086400
zig-js	independent_cold	properties	2	300	1	117556916	906086400
zig-js	independent_cold	properties	2	300	2	115786125	906086400
zig-js	independent_cold	properties	2	300	3	115291625	906086400
zig-js	independent_cold	properties	2	300	4	113366833	906086400
zig-js	independent_cold	properties	2	300	5	113451417	906086400
zig-js	independent_cold	properties	2	300	6	116765583	906086400
zig-js	shared	properties	2	300	0	167219750	906086400
zig-js	shared	properties	2	300	1	163907750	906086400
zig-js	shared	properties	2	300	2	165819500	906086400
zig-js	shared	properties	2	300	3	166613791	906086400
zig-js	shared	properties	2	300	4	161689084	906086400
zig-js	shared	properties	2	300	5	164970000	906086400
zig-js	shared	properties	2	300	6	167802333	906086400
zig-js	independent_steady	properties	4	300	0	115501250	1812176400
zig-js	independent_steady	properties	4	300	1	120136208	1812176400
zig-js	independent_steady	properties	4	300	2	125613250	1812176400
zig-js	independent_steady	properties	4	300	3	117249125	1812176400
zig-js	independent_steady	properties	4	300	4	115173875	1812176400
zig-js	independent_steady	properties	4	300	5	117852167	1812176400
zig-js	independent_steady	properties	4	300	6	125134584	1812176400
JavaScriptCore	independent_steady	properties	4	300	0	337200208	1812176400
JavaScriptCore	independent_steady	properties	4	300	1	351036584	1812176400
JavaScriptCore	independent_steady	properties	4	300	2	333624250	1812176400
JavaScriptCore	independent_steady	properties	4	300	3	339063083	1812176400
JavaScriptCore	independent_steady	properties	4	300	4	349829917	1812176400
JavaScriptCore	independent_steady	properties	4	300	5	336294792	1812176400
JavaScriptCore	independent_steady	properties	4	300	6	343390041	1812176400
JavaScriptCore	independent_cold	properties	4	300	0	362446042	1812176400
JavaScriptCore	independent_cold	properties	4	300	1	350172541	1812176400
JavaScriptCore	independent_cold	properties	4	300	2	356625041	1812176400
JavaScriptCore	independent_cold	properties	4	300	3	349657708	1812176400
JavaScriptCore	independent_cold	properties	4	300	4	343574666	1812176400
JavaScriptCore	independent_cold	properties	4	300	5	331778583	1812176400
JavaScriptCore	independent_cold	properties	4	300	6	349830583	1812176400
zig-js	independent_cold	properties	4	300	0	123435083	1812176400
zig-js	independent_cold	properties	4	300	1	121541958	1812176400
zig-js	independent_cold	properties	4	300	2	127046833	1812176400
zig-js	independent_cold	properties	4	300	3	117838250	1812176400
zig-js	independent_cold	properties	4	300	4	117274375	1812176400
zig-js	independent_cold	properties	4	300	5	138432333	1812176400
zig-js	independent_cold	properties	4	300	6	164576417	1812176400
zig-js	shared	properties	4	300	0	169348209	1812176400
zig-js	shared	properties	4	300	1	180772584	1812176400
zig-js	shared	properties	4	300	2	172045250	1812176400
zig-js	shared	properties	4	300	3	171084708	1812176400
zig-js	shared	properties	4	300	4	185072167	1812176400
zig-js	shared	properties	4	300	5	167929333	1812176400
zig-js	shared	properties	4	300	6	172108917	1812176400
zig-js	independent_steady	properties	8	300	0	163526375	3624367200
zig-js	independent_steady	properties	8	300	1	147799792	3624367200
zig-js	independent_steady	properties	8	300	2	163289375	3624367200
zig-js	independent_steady	properties	8	300	3	153832250	3624367200
zig-js	independent_steady	properties	8	300	4	145899625	3624367200
zig-js	independent_steady	properties	8	300	5	154824042	3624367200
zig-js	independent_steady	properties	8	300	6	156995750	3624367200
JavaScriptCore	independent_steady	properties	8	300	0	475102542	3624367200
JavaScriptCore	independent_steady	properties	8	300	1	467671125	3624367200
JavaScriptCore	independent_steady	properties	8	300	2	483081958	3624367200
JavaScriptCore	independent_steady	properties	8	300	3	488753500	3624367200
JavaScriptCore	independent_steady	properties	8	300	4	484819333	3624367200
JavaScriptCore	independent_steady	properties	8	300	5	462204833	3624367200
JavaScriptCore	independent_steady	properties	8	300	6	466773125	3624367200
JavaScriptCore	independent_cold	properties	8	300	0	478947875	3624367200
JavaScriptCore	independent_cold	properties	8	300	1	467608792	3624367200
JavaScriptCore	independent_cold	properties	8	300	2	497760667	3624367200
JavaScriptCore	independent_cold	properties	8	300	3	470268333	3624367200
JavaScriptCore	independent_cold	properties	8	300	4	463703542	3624367200
JavaScriptCore	independent_cold	properties	8	300	5	488504166	3624367200
JavaScriptCore	independent_cold	properties	8	300	6	669514792	3624367200
zig-js	independent_cold	properties	8	300	0	164224583	3624367200
zig-js	independent_cold	properties	8	300	1	154159625	3624367200
zig-js	independent_cold	properties	8	300	2	175775792	3624367200
zig-js	independent_cold	properties	8	300	3	153726625	3624367200
zig-js	independent_cold	properties	8	300	4	146977250	3624367200
zig-js	independent_cold	properties	8	300	5	160474292	3624367200
zig-js	independent_cold	properties	8	300	6	157375500	3624367200
zig-js	shared	properties	8	300	0	230758917	3624367200
zig-js	shared	properties	8	300	1	233021333	3624367200
zig-js	shared	properties	8	300	2	217215416	3624367200
zig-js	shared	properties	8	300	3	232681250	3624367200
zig-js	shared	properties	8	300	4	208963917	3624367200
zig-js	shared	properties	8	300	5	240548666	3624367200
zig-js	shared	properties	8	300	6	218734292	3624367200
zig-js	single	polymorphic_properties	1	400	0	103603042	2841281327
zig-js	single	polymorphic_properties	1	400	1	102432959	2841281327
zig-js	single	polymorphic_properties	1	400	2	101691167	2841281327
zig-js	single	polymorphic_properties	1	400	3	98272708	2841281327
zig-js	single	polymorphic_properties	1	400	4	98029666	2841281327
zig-js	single	polymorphic_properties	1	400	5	101120292	2841281327
zig-js	single	polymorphic_properties	1	400	6	101299791	2841281327
JavaScriptCore	single	polymorphic_properties	1	400	0	214688167	2841281327
JavaScriptCore	single	polymorphic_properties	1	400	1	215934041	2841281327
JavaScriptCore	single	polymorphic_properties	1	400	2	211920250	2841281327
JavaScriptCore	single	polymorphic_properties	1	400	3	218798041	2841281327
JavaScriptCore	single	polymorphic_properties	1	400	4	212041625	2841281327
JavaScriptCore	single	polymorphic_properties	1	400	5	216668209	2841281327
JavaScriptCore	single	polymorphic_properties	1	400	6	254292250	2841281327
JavaScriptCore	independent_steady	polymorphic_properties	1	400	0	259236292	2841281327
JavaScriptCore	independent_steady	polymorphic_properties	1	400	1	237845375	2841281327
JavaScriptCore	independent_steady	polymorphic_properties	1	400	2	239455000	2841281327
JavaScriptCore	independent_steady	polymorphic_properties	1	400	3	301422375	2841281327
JavaScriptCore	independent_steady	polymorphic_properties	1	400	4	246520625	2841281327
JavaScriptCore	independent_steady	polymorphic_properties	1	400	5	223571000	2841281327
JavaScriptCore	independent_steady	polymorphic_properties	1	400	6	225211625	2841281327
zig-js	independent_steady	polymorphic_properties	1	400	0	104827875	2841281327
zig-js	independent_steady	polymorphic_properties	1	400	1	107626500	2841281327
zig-js	independent_steady	polymorphic_properties	1	400	2	121499000	2841281327
zig-js	independent_steady	polymorphic_properties	1	400	3	126130250	2841281327
zig-js	independent_steady	polymorphic_properties	1	400	4	105678583	2841281327
zig-js	independent_steady	polymorphic_properties	1	400	5	101254042	2841281327
zig-js	independent_steady	polymorphic_properties	1	400	6	99643584	2841281327
zig-js	independent_cold	polymorphic_properties	1	400	0	103955333	2841281327
zig-js	independent_cold	polymorphic_properties	1	400	1	106002125	2841281327
zig-js	independent_cold	polymorphic_properties	1	400	2	102375375	2841281327
zig-js	independent_cold	polymorphic_properties	1	400	3	100666708	2841281327
zig-js	independent_cold	polymorphic_properties	1	400	4	101594250	2841281327
zig-js	independent_cold	polymorphic_properties	1	400	5	101811167	2841281327
zig-js	independent_cold	polymorphic_properties	1	400	6	101468541	2841281327
JavaScriptCore	independent_cold	polymorphic_properties	1	400	0	219855167	2841281327
JavaScriptCore	independent_cold	polymorphic_properties	1	400	1	214862458	2841281327
JavaScriptCore	independent_cold	polymorphic_properties	1	400	2	214677750	2841281327
JavaScriptCore	independent_cold	polymorphic_properties	1	400	3	214936083	2841281327
JavaScriptCore	independent_cold	polymorphic_properties	1	400	4	214553458	2841281327
JavaScriptCore	independent_cold	polymorphic_properties	1	400	5	214730791	2841281327
JavaScriptCore	independent_cold	polymorphic_properties	1	400	6	214922625	2841281327
zig-js	shared	polymorphic_properties	1	400	0	788097166	2841281327
zig-js	shared	polymorphic_properties	1	400	1	755731291	2841281327
zig-js	shared	polymorphic_properties	1	400	2	749848291	2841281327
zig-js	shared	polymorphic_properties	1	400	3	753047208	2841281327
zig-js	shared	polymorphic_properties	1	400	4	754773792	2841281327
zig-js	shared	polymorphic_properties	1	400	5	755362583	2841281327
zig-js	shared	polymorphic_properties	1	400	6	756444750	2841281327
JavaScriptCore	independent_steady	polymorphic_properties	2	400	0	223373375	5686541534
JavaScriptCore	independent_steady	polymorphic_properties	2	400	1	220114250	5686541534
JavaScriptCore	independent_steady	polymorphic_properties	2	400	2	218440125	5686541534
JavaScriptCore	independent_steady	polymorphic_properties	2	400	3	219449209	5686541534
JavaScriptCore	independent_steady	polymorphic_properties	2	400	4	222492417	5686541534
JavaScriptCore	independent_steady	polymorphic_properties	2	400	5	218438208	5686541534
JavaScriptCore	independent_steady	polymorphic_properties	2	400	6	219592000	5686541534
zig-js	independent_steady	polymorphic_properties	2	400	0	102643458	5686541534
zig-js	independent_steady	polymorphic_properties	2	400	1	101159917	5686541534
zig-js	independent_steady	polymorphic_properties	2	400	2	102010667	5686541534
zig-js	independent_steady	polymorphic_properties	2	400	3	107280250	5686541534
zig-js	independent_steady	polymorphic_properties	2	400	4	106745958	5686541534
zig-js	independent_steady	polymorphic_properties	2	400	5	107536375	5686541534
zig-js	independent_steady	polymorphic_properties	2	400	6	107092667	5686541534
zig-js	independent_cold	polymorphic_properties	2	400	0	137156292	5686541534
zig-js	independent_cold	polymorphic_properties	2	400	1	188245291	5686541534
zig-js	independent_cold	polymorphic_properties	2	400	2	129600791	5686541534
zig-js	independent_cold	polymorphic_properties	2	400	3	110273708	5686541534
zig-js	independent_cold	polymorphic_properties	2	400	4	110567375	5686541534
zig-js	independent_cold	polymorphic_properties	2	400	5	105733000	5686541534
zig-js	independent_cold	polymorphic_properties	2	400	6	104027667	5686541534
JavaScriptCore	independent_cold	polymorphic_properties	2	400	0	225560708	5686541534
JavaScriptCore	independent_cold	polymorphic_properties	2	400	1	219192208	5686541534
JavaScriptCore	independent_cold	polymorphic_properties	2	400	2	234051542	5686541534
JavaScriptCore	independent_cold	polymorphic_properties	2	400	3	230273542	5686541534
JavaScriptCore	independent_cold	polymorphic_properties	2	400	4	229938750	5686541534
JavaScriptCore	independent_cold	polymorphic_properties	2	400	5	230276042	5686541534
JavaScriptCore	independent_cold	polymorphic_properties	2	400	6	230156959	5686541534
zig-js	shared	polymorphic_properties	2	400	0	774966000	5686541534
zig-js	shared	polymorphic_properties	2	400	1	874504584	5686541534
zig-js	shared	polymorphic_properties	2	400	2	807284792	5686541534
zig-js	shared	polymorphic_properties	2	400	3	761043166	5686541534
zig-js	shared	polymorphic_properties	2	400	4	767932125	5686541534
zig-js	shared	polymorphic_properties	2	400	5	777671959	5686541534
zig-js	shared	polymorphic_properties	2	400	6	772642208	5686541534
JavaScriptCore	independent_steady	polymorphic_properties	4	400	0	238408959	11389518244
JavaScriptCore	independent_steady	polymorphic_properties	4	400	1	232592458	11389518244
JavaScriptCore	independent_steady	polymorphic_properties	4	400	2	249442500	11389518244
JavaScriptCore	independent_steady	polymorphic_properties	4	400	3	236234833	11389518244
JavaScriptCore	independent_steady	polymorphic_properties	4	400	4	255920959	11389518244
JavaScriptCore	independent_steady	polymorphic_properties	4	400	5	235524375	11389518244
JavaScriptCore	independent_steady	polymorphic_properties	4	400	6	247953834	11389518244
zig-js	independent_steady	polymorphic_properties	4	400	0	115305250	11389518244
zig-js	independent_steady	polymorphic_properties	4	400	1	105424500	11389518244
zig-js	independent_steady	polymorphic_properties	4	400	2	107768042	11389518244
zig-js	independent_steady	polymorphic_properties	4	400	3	114801292	11389518244
zig-js	independent_steady	polymorphic_properties	4	400	4	114163375	11389518244
zig-js	independent_steady	polymorphic_properties	4	400	5	105800459	11389518244
zig-js	independent_steady	polymorphic_properties	4	400	6	104964959	11389518244
zig-js	independent_cold	polymorphic_properties	4	400	0	116754125	11389518244
zig-js	independent_cold	polymorphic_properties	4	400	1	123235333	11389518244
zig-js	independent_cold	polymorphic_properties	4	400	2	118895208	11389518244
zig-js	independent_cold	polymorphic_properties	4	400	3	260915916	11389518244
zig-js	independent_cold	polymorphic_properties	4	400	4	119410125	11389518244
zig-js	independent_cold	polymorphic_properties	4	400	5	120471750	11389518244
zig-js	independent_cold	polymorphic_properties	4	400	6	114064208	11389518244
JavaScriptCore	independent_cold	polymorphic_properties	4	400	0	236942542	11389518244
JavaScriptCore	independent_cold	polymorphic_properties	4	400	1	262405917	11389518244
JavaScriptCore	independent_cold	polymorphic_properties	4	400	2	237835792	11389518244
JavaScriptCore	independent_cold	polymorphic_properties	4	400	3	253472709	11389518244
JavaScriptCore	independent_cold	polymorphic_properties	4	400	4	244016916	11389518244
JavaScriptCore	independent_cold	polymorphic_properties	4	400	5	252183958	11389518244
JavaScriptCore	independent_cold	polymorphic_properties	4	400	6	244138583	11389518244
zig-js	shared	polymorphic_properties	4	400	0	812455875	11389518244
zig-js	shared	polymorphic_properties	4	400	1	822093500	11389518244
zig-js	shared	polymorphic_properties	4	400	2	808193500	11389518244
zig-js	shared	polymorphic_properties	4	400	3	807515500	11389518244
zig-js	shared	polymorphic_properties	4	400	4	963195459	11389518244
zig-js	shared	polymorphic_properties	4	400	5	827487334	11389518244
zig-js	shared	polymorphic_properties	4	400	6	838670000	11389518244
JavaScriptCore	independent_steady	polymorphic_properties	8	400	0	374779583	22844935960
JavaScriptCore	independent_steady	polymorphic_properties	8	400	1	351780250	22844935960
JavaScriptCore	independent_steady	polymorphic_properties	8	400	2	500748916	22844935960
JavaScriptCore	independent_steady	polymorphic_properties	8	400	3	438309000	22844935960
JavaScriptCore	independent_steady	polymorphic_properties	8	400	4	445640167	22844935960
JavaScriptCore	independent_steady	polymorphic_properties	8	400	5	419184084	22844935960
JavaScriptCore	independent_steady	polymorphic_properties	8	400	6	674454167	22844935960
zig-js	independent_steady	polymorphic_properties	8	400	0	181513250	22844935960
zig-js	independent_steady	polymorphic_properties	8	400	1	164337625	22844935960
zig-js	independent_steady	polymorphic_properties	8	400	2	166385333	22844935960
zig-js	independent_steady	polymorphic_properties	8	400	3	191882834	22844935960
zig-js	independent_steady	polymorphic_properties	8	400	4	194674334	22844935960
zig-js	independent_steady	polymorphic_properties	8	400	5	183760917	22844935960
zig-js	independent_steady	polymorphic_properties	8	400	6	179198208	22844935960
zig-js	independent_cold	polymorphic_properties	8	400	0	182484875	22844935960
zig-js	independent_cold	polymorphic_properties	8	400	1	182846834	22844935960
zig-js	independent_cold	polymorphic_properties	8	400	2	219397125	22844935960
zig-js	independent_cold	polymorphic_properties	8	400	3	185007667	22844935960
zig-js	independent_cold	polymorphic_properties	8	400	4	160235875	22844935960
zig-js	independent_cold	polymorphic_properties	8	400	5	157488458	22844935960
zig-js	independent_cold	polymorphic_properties	8	400	6	161611291	22844935960
JavaScriptCore	independent_cold	polymorphic_properties	8	400	0	379693000	22844935960
JavaScriptCore	independent_cold	polymorphic_properties	8	400	1	361550792	22844935960
JavaScriptCore	independent_cold	polymorphic_properties	8	400	2	348879083	22844935960
JavaScriptCore	independent_cold	polymorphic_properties	8	400	3	348742042	22844935960
JavaScriptCore	independent_cold	polymorphic_properties	8	400	4	341474792	22844935960
JavaScriptCore	independent_cold	polymorphic_properties	8	400	5	346477458	22844935960
JavaScriptCore	independent_cold	polymorphic_properties	8	400	6	351469500	22844935960
zig-js	shared	polymorphic_properties	8	400	0	1327643166	22844935960
zig-js	shared	polymorphic_properties	8	400	1	1194182167	22844935960
zig-js	shared	polymorphic_properties	8	400	2	1142878916	22844935960
zig-js	shared	polymorphic_properties	8	400	3	1132077917	22844935960
zig-js	shared	polymorphic_properties	8	400	4	1173293833	22844935960
zig-js	shared	polymorphic_properties	8	400	5	1170686667	22844935960
zig-js	shared	polymorphic_properties	8	400	6	1137002667	22844935960
JavaScriptCore	single	object_churn	1	100	0	132776583	1030552128
JavaScriptCore	single	object_churn	1	100	1	138728541	1030552128
JavaScriptCore	single	object_churn	1	100	2	132953417	1030552128
JavaScriptCore	single	object_churn	1	100	3	132100292	1030552128
JavaScriptCore	single	object_churn	1	100	4	134779167	1030552128
JavaScriptCore	single	object_churn	1	100	5	137394083	1030552128
JavaScriptCore	single	object_churn	1	100	6	130586209	1030552128
zig-js	single	object_churn	1	100	0	111771042	1030552128
zig-js	single	object_churn	1	100	1	108965958	1030552128
zig-js	single	object_churn	1	100	2	110138459	1030552128
zig-js	single	object_churn	1	100	3	103748666	1030552128
zig-js	single	object_churn	1	100	4	105021916	1030552128
zig-js	single	object_churn	1	100	5	109544708	1030552128
zig-js	single	object_churn	1	100	6	110690708	1030552128
zig-js	independent_steady	object_churn	1	100	0	109471166	1030552128
zig-js	independent_steady	object_churn	1	100	1	106179875	1030552128
zig-js	independent_steady	object_churn	1	100	2	108951959	1030552128
zig-js	independent_steady	object_churn	1	100	3	105375750	1030552128
zig-js	independent_steady	object_churn	1	100	4	104557625	1030552128
zig-js	independent_steady	object_churn	1	100	5	105735084	1030552128
zig-js	independent_steady	object_churn	1	100	6	107727917	1030552128
JavaScriptCore	independent_steady	object_churn	1	100	0	232961167	1030552128
JavaScriptCore	independent_steady	object_churn	1	100	1	154780959	1030552128
JavaScriptCore	independent_steady	object_churn	1	100	2	137468250	1030552128
JavaScriptCore	independent_steady	object_churn	1	100	3	134747167	1030552128
JavaScriptCore	independent_steady	object_churn	1	100	4	131416041	1030552128
JavaScriptCore	independent_steady	object_churn	1	100	5	133565791	1030552128
JavaScriptCore	independent_steady	object_churn	1	100	6	134891833	1030552128
JavaScriptCore	independent_cold	object_churn	1	100	0	139331291	1030552128
JavaScriptCore	independent_cold	object_churn	1	100	1	135372708	1030552128
JavaScriptCore	independent_cold	object_churn	1	100	2	138139375	1030552128
JavaScriptCore	independent_cold	object_churn	1	100	3	140489625	1030552128
JavaScriptCore	independent_cold	object_churn	1	100	4	133731250	1030552128
JavaScriptCore	independent_cold	object_churn	1	100	5	133353541	1030552128
JavaScriptCore	independent_cold	object_churn	1	100	6	137150125	1030552128
zig-js	independent_cold	object_churn	1	100	0	112433500	1030552128
zig-js	independent_cold	object_churn	1	100	1	113055125	1030552128
zig-js	independent_cold	object_churn	1	100	2	107267000	1030552128
zig-js	independent_cold	object_churn	1	100	3	114839166	1030552128
zig-js	independent_cold	object_churn	1	100	4	109687667	1030552128
zig-js	independent_cold	object_churn	1	100	5	107927084	1030552128
zig-js	independent_cold	object_churn	1	100	6	108303458	1030552128
zig-js	shared	object_churn	1	100	0	178017375	1030552128
zig-js	shared	object_churn	1	100	1	178398042	1030552128
zig-js	shared	object_churn	1	100	2	174642000	1030552128
zig-js	shared	object_churn	1	100	3	179393000	1030552128
zig-js	shared	object_churn	1	100	4	175598958	1030552128
zig-js	shared	object_churn	1	100	5	177399083	1030552128
zig-js	shared	object_churn	1	100	6	178766000	1030552128
zig-js	independent_steady	object_churn	2	100	0	117909875	2066980992
zig-js	independent_steady	object_churn	2	100	1	112342167	2066980992
zig-js	independent_steady	object_churn	2	100	2	118454833	2066980992
zig-js	independent_steady	object_churn	2	100	3	117451208	2066980992
zig-js	independent_steady	object_churn	2	100	4	109766875	2066980992
zig-js	independent_steady	object_churn	2	100	5	109349000	2066980992
zig-js	independent_steady	object_churn	2	100	6	116421625	2066980992
JavaScriptCore	independent_steady	object_churn	2	100	0	141923167	2066980992
JavaScriptCore	independent_steady	object_churn	2	100	1	136505459	2066980992
JavaScriptCore	independent_steady	object_churn	2	100	2	144093417	2066980992
JavaScriptCore	independent_steady	object_churn	2	100	3	139611709	2066980992
JavaScriptCore	independent_steady	object_churn	2	100	4	136512375	2066980992
JavaScriptCore	independent_steady	object_churn	2	100	5	139248041	2066980992
JavaScriptCore	independent_steady	object_churn	2	100	6	139490458	2066980992
JavaScriptCore	independent_cold	object_churn	2	100	0	143667250	2066980992
JavaScriptCore	independent_cold	object_churn	2	100	1	141048709	2066980992
JavaScriptCore	independent_cold	object_churn	2	100	2	137620542	2066980992
JavaScriptCore	independent_cold	object_churn	2	100	3	138877833	2066980992
JavaScriptCore	independent_cold	object_churn	2	100	4	143801958	2066980992
JavaScriptCore	independent_cold	object_churn	2	100	5	243447625	2066980992
JavaScriptCore	independent_cold	object_churn	2	100	6	163239625	2066980992
zig-js	independent_cold	object_churn	2	100	0	123092750	2066980992
zig-js	independent_cold	object_churn	2	100	1	126515375	2066980992
zig-js	independent_cold	object_churn	2	100	2	118058667	2066980992
zig-js	independent_cold	object_churn	2	100	3	117079167	2066980992
zig-js	independent_cold	object_churn	2	100	4	113794166	2066980992
zig-js	independent_cold	object_churn	2	100	5	112052542	2066980992
zig-js	independent_cold	object_churn	2	100	6	112529875	2066980992
zig-js	shared	object_churn	2	100	0	252438625	2066980992
zig-js	shared	object_churn	2	100	1	243786250	2066980992
zig-js	shared	object_churn	2	100	2	260982792	2066980992
zig-js	shared	object_churn	2	100	3	282589583	2066980992
zig-js	shared	object_churn	2	100	4	232775083	2066980992
zig-js	shared	object_churn	2	100	5	261886041	2066980992
zig-js	shared	object_churn	2	100	6	226024667	2066980992
zig-js	independent_steady	object_churn	4	100	0	152390583	4146563328
zig-js	independent_steady	object_churn	4	100	1	145640000	4146563328
zig-js	independent_steady	object_churn	4	100	2	145601042	4146563328
zig-js	independent_steady	object_churn	4	100	3	150643125	4146563328
zig-js	independent_steady	object_churn	4	100	4	142423834	4146563328
zig-js	independent_steady	object_churn	4	100	5	123573208	4146563328
zig-js	independent_steady	object_churn	4	100	6	137517791	4146563328
JavaScriptCore	independent_steady	object_churn	4	100	0	144939917	4146563328
JavaScriptCore	independent_steady	object_churn	4	100	1	141470000	4146563328
JavaScriptCore	independent_steady	object_churn	4	100	2	161330083	4146563328
JavaScriptCore	independent_steady	object_churn	4	100	3	162256417	4146563328
JavaScriptCore	independent_steady	object_churn	4	100	4	154672417	4146563328
JavaScriptCore	independent_steady	object_churn	4	100	5	156978459	4146563328
JavaScriptCore	independent_steady	object_churn	4	100	6	156091208	4146563328
JavaScriptCore	independent_cold	object_churn	4	100	0	160214667	4146563328
JavaScriptCore	independent_cold	object_churn	4	100	1	155323750	4146563328
JavaScriptCore	independent_cold	object_churn	4	100	2	160748541	4146563328
JavaScriptCore	independent_cold	object_churn	4	100	3	143015834	4146563328
JavaScriptCore	independent_cold	object_churn	4	100	4	143924000	4146563328
JavaScriptCore	independent_cold	object_churn	4	100	5	159341959	4146563328
JavaScriptCore	independent_cold	object_churn	4	100	6	150053250	4146563328
zig-js	independent_cold	object_churn	4	100	0	135536250	4146563328
zig-js	independent_cold	object_churn	4	100	1	141821292	4146563328
zig-js	independent_cold	object_churn	4	100	2	133659541	4146563328
zig-js	independent_cold	object_churn	4	100	3	125800834	4146563328
zig-js	independent_cold	object_churn	4	100	4	128336792	4146563328
zig-js	independent_cold	object_churn	4	100	5	143389583	4146563328
zig-js	independent_cold	object_churn	4	100	6	148503458	4146563328
zig-js	shared	object_churn	4	100	0	459713917	4146563328
zig-js	shared	object_churn	4	100	1	456153791	4146563328
zig-js	shared	object_churn	4	100	2	431075417	4146563328
zig-js	shared	object_churn	4	100	3	446504792	4146563328
zig-js	shared	object_churn	4	100	4	404502542	4146563328
zig-js	shared	object_churn	4	100	5	451577250	4146563328
zig-js	shared	object_churn	4	100	6	398295000	4146563328
zig-js	independent_steady	object_churn	8	100	0	220140917	8309369344
zig-js	independent_steady	object_churn	8	100	1	207214416	8309369344
zig-js	independent_steady	object_churn	8	100	2	223480042	8309369344
zig-js	independent_steady	object_churn	8	100	3	187407166	8309369344
zig-js	independent_steady	object_churn	8	100	4	211604875	8309369344
zig-js	independent_steady	object_churn	8	100	5	196869750	8309369344
zig-js	independent_steady	object_churn	8	100	6	198534375	8309369344
JavaScriptCore	independent_steady	object_churn	8	100	0	378951500	8309369344
JavaScriptCore	independent_steady	object_churn	8	100	1	220965750	8309369344
JavaScriptCore	independent_steady	object_churn	8	100	2	205226792	8309369344
JavaScriptCore	independent_steady	object_churn	8	100	3	208271625	8309369344
JavaScriptCore	independent_steady	object_churn	8	100	4	197301583	8309369344
JavaScriptCore	independent_steady	object_churn	8	100	5	230709333	8309369344
JavaScriptCore	independent_steady	object_churn	8	100	6	200765333	8309369344
JavaScriptCore	independent_cold	object_churn	8	100	0	220920833	8309369344
JavaScriptCore	independent_cold	object_churn	8	100	1	221569208	8309369344
JavaScriptCore	independent_cold	object_churn	8	100	2	218085000	8309369344
JavaScriptCore	independent_cold	object_churn	8	100	3	222803666	8309369344
JavaScriptCore	independent_cold	object_churn	8	100	4	200797875	8309369344
JavaScriptCore	independent_cold	object_churn	8	100	5	238647333	8309369344
JavaScriptCore	independent_cold	object_churn	8	100	6	205494708	8309369344
zig-js	independent_cold	object_churn	8	100	0	220324125	8309369344
zig-js	independent_cold	object_churn	8	100	1	226213208	8309369344
zig-js	independent_cold	object_churn	8	100	2	197815083	8309369344
zig-js	independent_cold	object_churn	8	100	3	219832750	8309369344
zig-js	independent_cold	object_churn	8	100	4	188432625	8309369344
zig-js	independent_cold	object_churn	8	100	5	216272125	8309369344
zig-js	independent_cold	object_churn	8	100	6	207789125	8309369344
zig-js	shared	object_churn	8	100	0	864091166	8309369344
zig-js	shared	object_churn	8	100	1	996654000	8309369344
zig-js	shared	object_churn	8	100	2	893762500	8309369344
zig-js	shared	object_churn	8	100	3	975141125	8309369344
zig-js	shared	object_churn	8	100	4	867105167	8309369344
zig-js	shared	object_churn	8	100	5	964916625	8309369344
zig-js	shared	object_churn	8	100	6	1047917583	8309369344
zig-js	single	arrays	1	550	0	115432500	29007000000
zig-js	single	arrays	1	550	1	115128625	29007000000
zig-js	single	arrays	1	550	2	111835750	29007000000
zig-js	single	arrays	1	550	3	116897041	29007000000
zig-js	single	arrays	1	550	4	118262875	29007000000
zig-js	single	arrays	1	550	5	111042625	29007000000
zig-js	single	arrays	1	550	6	110962541	29007000000
JavaScriptCore	single	arrays	1	550	0	177271958	29007000000
JavaScriptCore	single	arrays	1	550	1	168540125	29007000000
JavaScriptCore	single	arrays	1	550	2	176038208	29007000000
JavaScriptCore	single	arrays	1	550	3	172804000	29007000000
JavaScriptCore	single	arrays	1	550	4	166738875	29007000000
JavaScriptCore	single	arrays	1	550	5	176726750	29007000000
JavaScriptCore	single	arrays	1	550	6	170869792	29007000000
JavaScriptCore	independent_steady	arrays	1	550	0	174535000	29007000000
JavaScriptCore	independent_steady	arrays	1	550	1	172019541	29007000000
JavaScriptCore	independent_steady	arrays	1	550	2	167922875	29007000000
JavaScriptCore	independent_steady	arrays	1	550	3	175607375	29007000000
JavaScriptCore	independent_steady	arrays	1	550	4	171117917	29007000000
JavaScriptCore	independent_steady	arrays	1	550	5	166814667	29007000000
JavaScriptCore	independent_steady	arrays	1	550	6	176543041	29007000000
zig-js	independent_steady	arrays	1	550	0	112284334	29007000000
zig-js	independent_steady	arrays	1	550	1	110829375	29007000000
zig-js	independent_steady	arrays	1	550	2	114595375	29007000000
zig-js	independent_steady	arrays	1	550	3	117264208	29007000000
zig-js	independent_steady	arrays	1	550	4	110584250	29007000000
zig-js	independent_steady	arrays	1	550	5	109561709	29007000000
zig-js	independent_steady	arrays	1	550	6	111239500	29007000000
zig-js	independent_cold	arrays	1	550	0	100845208	29007000000
zig-js	independent_cold	arrays	1	550	1	96269375	29007000000
zig-js	independent_cold	arrays	1	550	2	94439125	29007000000
zig-js	independent_cold	arrays	1	550	3	95342583	29007000000
zig-js	independent_cold	arrays	1	550	4	92352375	29007000000
zig-js	independent_cold	arrays	1	550	5	97029375	29007000000
zig-js	independent_cold	arrays	1	550	6	96118708	29007000000
JavaScriptCore	independent_cold	arrays	1	550	0	179443125	29007000000
JavaScriptCore	independent_cold	arrays	1	550	1	179218667	29007000000
JavaScriptCore	independent_cold	arrays	1	550	2	186272791	29007000000
JavaScriptCore	independent_cold	arrays	1	550	3	302236458	29007000000
JavaScriptCore	independent_cold	arrays	1	550	4	184050792	29007000000
JavaScriptCore	independent_cold	arrays	1	550	5	179105959	29007000000
JavaScriptCore	independent_cold	arrays	1	550	6	186400125	29007000000
zig-js	shared	arrays	1	550	0	689655458	29007000000
zig-js	shared	arrays	1	550	1	705181417	29007000000
zig-js	shared	arrays	1	550	2	721433583	29007000000
zig-js	shared	arrays	1	550	3	718687333	29007000000
zig-js	shared	arrays	1	550	4	702772584	29007000000
zig-js	shared	arrays	1	550	5	802192417	29007000000
zig-js	shared	arrays	1	550	6	761712041	29007000000
JavaScriptCore	independent_steady	arrays	2	550	0	187697916	58019500000
JavaScriptCore	independent_steady	arrays	2	550	1	191720125	58019500000
JavaScriptCore	independent_steady	arrays	2	550	2	185716250	58019500000
JavaScriptCore	independent_steady	arrays	2	550	3	196059000	58019500000
JavaScriptCore	independent_steady	arrays	2	550	4	193379333	58019500000
JavaScriptCore	independent_steady	arrays	2	550	5	218094208	58019500000
JavaScriptCore	independent_steady	arrays	2	550	6	191118625	58019500000
zig-js	independent_steady	arrays	2	550	0	120243542	58019500000
zig-js	independent_steady	arrays	2	550	1	123752625	58019500000
zig-js	independent_steady	arrays	2	550	2	113311833	58019500000
zig-js	independent_steady	arrays	2	550	3	113163042	58019500000
zig-js	independent_steady	arrays	2	550	4	118574417	58019500000
zig-js	independent_steady	arrays	2	550	5	118828500	58019500000
zig-js	independent_steady	arrays	2	550	6	120847458	58019500000
zig-js	independent_cold	arrays	2	550	0	168985167	58019500000
zig-js	independent_cold	arrays	2	550	1	110062958	58019500000
zig-js	independent_cold	arrays	2	550	2	100890958	58019500000
zig-js	independent_cold	arrays	2	550	3	99849584	58019500000
zig-js	independent_cold	arrays	2	550	4	100201042	58019500000
zig-js	independent_cold	arrays	2	550	5	96927833	58019500000
zig-js	independent_cold	arrays	2	550	6	95519959	58019500000
JavaScriptCore	independent_cold	arrays	2	550	0	177200917	58019500000
JavaScriptCore	independent_cold	arrays	2	550	1	174754584	58019500000
JavaScriptCore	independent_cold	arrays	2	550	2	175061875	58019500000
JavaScriptCore	independent_cold	arrays	2	550	3	175637292	58019500000
JavaScriptCore	independent_cold	arrays	2	550	4	176009083	58019500000
JavaScriptCore	independent_cold	arrays	2	550	5	174772000	58019500000
JavaScriptCore	independent_cold	arrays	2	550	6	173091417	58019500000
zig-js	shared	arrays	2	550	0	708419291	58019500000
zig-js	shared	arrays	2	550	1	750037000	58019500000
zig-js	shared	arrays	2	550	2	735388000	58019500000
zig-js	shared	arrays	2	550	3	745782750	58019500000
zig-js	shared	arrays	2	550	4	772504167	58019500000
zig-js	shared	arrays	2	550	5	710444500	58019500000
zig-js	shared	arrays	2	550	6	689391834	58019500000
JavaScriptCore	independent_steady	arrays	4	550	0	176109458	116061000000
JavaScriptCore	independent_steady	arrays	4	550	1	179845083	116061000000
JavaScriptCore	independent_steady	arrays	4	550	2	179331292	116061000000
JavaScriptCore	independent_steady	arrays	4	550	3	179272125	116061000000
JavaScriptCore	independent_steady	arrays	4	550	4	179447334	116061000000
JavaScriptCore	independent_steady	arrays	4	550	5	180046458	116061000000
JavaScriptCore	independent_steady	arrays	4	550	6	178983416	116061000000
zig-js	independent_steady	arrays	4	550	0	125380125	116061000000
zig-js	independent_steady	arrays	4	550	1	119067458	116061000000
zig-js	independent_steady	arrays	4	550	2	119271500	116061000000
zig-js	independent_steady	arrays	4	550	3	120578417	116061000000
zig-js	independent_steady	arrays	4	550	4	120154583	116061000000
zig-js	independent_steady	arrays	4	550	5	122157625	116061000000
zig-js	independent_steady	arrays	4	550	6	120468333	116061000000
zig-js	independent_cold	arrays	4	550	0	114736750	116061000000
zig-js	independent_cold	arrays	4	550	1	108868250	116061000000
zig-js	independent_cold	arrays	4	550	2	101857542	116061000000
zig-js	independent_cold	arrays	4	550	3	101259042	116061000000
zig-js	independent_cold	arrays	4	550	4	100248167	116061000000
zig-js	independent_cold	arrays	4	550	5	101570000	116061000000
zig-js	independent_cold	arrays	4	550	6	101427000	116061000000
JavaScriptCore	independent_cold	arrays	4	550	0	193509125	116061000000
JavaScriptCore	independent_cold	arrays	4	550	1	181207000	116061000000
JavaScriptCore	independent_cold	arrays	4	550	2	220687833	116061000000
JavaScriptCore	independent_cold	arrays	4	550	3	242109625	116061000000
JavaScriptCore	independent_cold	arrays	4	550	4	209498625	116061000000
JavaScriptCore	independent_cold	arrays	4	550	5	210717834	116061000000
JavaScriptCore	independent_cold	arrays	4	550	6	194321666	116061000000
zig-js	shared	arrays	4	550	0	776379416	116061000000
zig-js	shared	arrays	4	550	1	731779375	116061000000
zig-js	shared	arrays	4	550	2	767613084	116061000000
zig-js	shared	arrays	4	550	3	736052584	116061000000
zig-js	shared	arrays	4	550	4	738354916	116061000000
zig-js	shared	arrays	4	550	5	769148208	116061000000
zig-js	shared	arrays	4	550	6	878185042	116061000000
JavaScriptCore	independent_steady	arrays	8	550	0	324791667	232210000000
JavaScriptCore	independent_steady	arrays	8	550	1	321970959	232210000000
JavaScriptCore	independent_steady	arrays	8	550	2	274923000	232210000000
JavaScriptCore	independent_steady	arrays	8	550	3	300899833	232210000000
JavaScriptCore	independent_steady	arrays	8	550	4	328236125	232210000000
JavaScriptCore	independent_steady	arrays	8	550	5	306425125	232210000000
JavaScriptCore	independent_steady	arrays	8	550	6	276162791	232210000000
zig-js	independent_steady	arrays	8	550	0	184011000	232210000000
zig-js	independent_steady	arrays	8	550	1	172184333	232210000000
zig-js	independent_steady	arrays	8	550	2	177795917	232210000000
zig-js	independent_steady	arrays	8	550	3	173053208	232210000000
zig-js	independent_steady	arrays	8	550	4	180861292	232210000000
zig-js	independent_steady	arrays	8	550	5	324723208	232210000000
zig-js	independent_steady	arrays	8	550	6	271997042	232210000000
zig-js	independent_cold	arrays	8	550	0	167333708	232210000000
zig-js	independent_cold	arrays	8	550	1	150405709	232210000000
zig-js	independent_cold	arrays	8	550	2	143719208	232210000000
zig-js	independent_cold	arrays	8	550	3	140403333	232210000000
zig-js	independent_cold	arrays	8	550	4	142166083	232210000000
zig-js	independent_cold	arrays	8	550	5	143268791	232210000000
zig-js	independent_cold	arrays	8	550	6	142088292	232210000000
JavaScriptCore	independent_cold	arrays	8	550	0	285927333	232210000000
JavaScriptCore	independent_cold	arrays	8	550	1	273103208	232210000000
JavaScriptCore	independent_cold	arrays	8	550	2	274216958	232210000000
JavaScriptCore	independent_cold	arrays	8	550	3	282780916	232210000000
JavaScriptCore	independent_cold	arrays	8	550	4	271746834	232210000000
JavaScriptCore	independent_cold	arrays	8	550	5	291897000	232210000000
JavaScriptCore	independent_cold	arrays	8	550	6	273232625	232210000000
zig-js	shared	arrays	8	550	0	1044105083	232210000000
zig-js	shared	arrays	8	550	1	1065004167	232210000000
zig-js	shared	arrays	8	550	2	1038934583	232210000000
zig-js	shared	arrays	8	550	3	1207037291	232210000000
zig-js	shared	arrays	8	550	4	1132372791	232210000000
zig-js	shared	arrays	8	550	5	1154018958	232210000000
zig-js	shared	arrays	8	550	6	1211825708	232210000000
JavaScriptCore	single	direct_calls	1	600	0	130045875	597092100
JavaScriptCore	single	direct_calls	1	600	1	128984917	597092100
JavaScriptCore	single	direct_calls	1	600	2	129705708	597092100
JavaScriptCore	single	direct_calls	1	600	3	128017291	597092100
JavaScriptCore	single	direct_calls	1	600	4	128928250	597092100
JavaScriptCore	single	direct_calls	1	600	5	129281917	597092100
JavaScriptCore	single	direct_calls	1	600	6	130200208	597092100
zig-js	single	direct_calls	1	600	0	86446334	597092100
zig-js	single	direct_calls	1	600	1	85698041	597092100
zig-js	single	direct_calls	1	600	2	85527750	597092100
zig-js	single	direct_calls	1	600	3	85478584	597092100
zig-js	single	direct_calls	1	600	4	86023250	597092100
zig-js	single	direct_calls	1	600	5	86899333	597092100
zig-js	single	direct_calls	1	600	6	88401417	597092100
zig-js	independent_steady	direct_calls	1	600	0	89636500	597092100
zig-js	independent_steady	direct_calls	1	600	1	90345875	597092100
zig-js	independent_steady	direct_calls	1	600	2	89544250	597092100
zig-js	independent_steady	direct_calls	1	600	3	91016292	597092100
zig-js	independent_steady	direct_calls	1	600	4	90375583	597092100
zig-js	independent_steady	direct_calls	1	600	5	89935458	597092100
zig-js	independent_steady	direct_calls	1	600	6	87652667	597092100
JavaScriptCore	independent_steady	direct_calls	1	600	0	134879333	597092100
JavaScriptCore	independent_steady	direct_calls	1	600	1	138560416	597092100
JavaScriptCore	independent_steady	direct_calls	1	600	2	134728417	597092100
JavaScriptCore	independent_steady	direct_calls	1	600	3	136305875	597092100
JavaScriptCore	independent_steady	direct_calls	1	600	4	136680709	597092100
JavaScriptCore	independent_steady	direct_calls	1	600	5	132610042	597092100
JavaScriptCore	independent_steady	direct_calls	1	600	6	136609750	597092100
JavaScriptCore	independent_cold	direct_calls	1	600	0	138407208	597092100
JavaScriptCore	independent_cold	direct_calls	1	600	1	137948000	597092100
JavaScriptCore	independent_cold	direct_calls	1	600	2	152914458	597092100
JavaScriptCore	independent_cold	direct_calls	1	600	3	133831583	597092100
JavaScriptCore	independent_cold	direct_calls	1	600	4	136011333	597092100
JavaScriptCore	independent_cold	direct_calls	1	600	5	136510041	597092100
JavaScriptCore	independent_cold	direct_calls	1	600	6	134467834	597092100
zig-js	independent_cold	direct_calls	1	600	0	91730000	597092100
zig-js	independent_cold	direct_calls	1	600	1	90359000	597092100
zig-js	independent_cold	direct_calls	1	600	2	92200542	597092100
zig-js	independent_cold	direct_calls	1	600	3	90959625	597092100
zig-js	independent_cold	direct_calls	1	600	4	152317666	597092100
zig-js	independent_cold	direct_calls	1	600	5	139397625	597092100
zig-js	independent_cold	direct_calls	1	600	6	99734542	597092100
zig-js	shared	direct_calls	1	600	0	91062000	597092100
zig-js	shared	direct_calls	1	600	1	93166708	597092100
zig-js	shared	direct_calls	1	600	2	92124083	597092100
zig-js	shared	direct_calls	1	600	3	90588500	597092100
zig-js	shared	direct_calls	1	600	4	91748459	597092100
zig-js	shared	direct_calls	1	600	5	89334334	597092100
zig-js	shared	direct_calls	1	600	6	89092583	597092100
zig-js	independent_steady	direct_calls	2	600	0	88683167	1194184800
zig-js	independent_steady	direct_calls	2	600	1	90233375	1194184800
zig-js	independent_steady	direct_calls	2	600	2	90423292	1194184800
zig-js	independent_steady	direct_calls	2	600	3	87661084	1194184800
zig-js	independent_steady	direct_calls	2	600	4	94425916	1194184800
zig-js	independent_steady	direct_calls	2	600	5	91503250	1194184800
zig-js	independent_steady	direct_calls	2	600	6	90584334	1194184800
JavaScriptCore	independent_steady	direct_calls	2	600	0	136740541	1194184800
JavaScriptCore	independent_steady	direct_calls	2	600	1	136929625	1194184800
JavaScriptCore	independent_steady	direct_calls	2	600	2	137179292	1194184800
JavaScriptCore	independent_steady	direct_calls	2	600	3	137806084	1194184800
JavaScriptCore	independent_steady	direct_calls	2	600	4	132642958	1194184800
JavaScriptCore	independent_steady	direct_calls	2	600	5	131318750	1194184800
JavaScriptCore	independent_steady	direct_calls	2	600	6	130872333	1194184800
JavaScriptCore	independent_cold	direct_calls	2	600	0	138754875	1194184800
JavaScriptCore	independent_cold	direct_calls	2	600	1	131998250	1194184800
JavaScriptCore	independent_cold	direct_calls	2	600	2	132139291	1194184800
JavaScriptCore	independent_cold	direct_calls	2	600	3	132550625	1194184800
JavaScriptCore	independent_cold	direct_calls	2	600	4	132708417	1194184800
JavaScriptCore	independent_cold	direct_calls	2	600	5	132436250	1194184800
JavaScriptCore	independent_cold	direct_calls	2	600	6	137046125	1194184800
zig-js	independent_cold	direct_calls	2	600	0	93979000	1194184800
zig-js	independent_cold	direct_calls	2	600	1	92516417	1194184800
zig-js	independent_cold	direct_calls	2	600	2	91859208	1194184800
zig-js	independent_cold	direct_calls	2	600	3	92769750	1194184800
zig-js	independent_cold	direct_calls	2	600	4	90133666	1194184800
zig-js	independent_cold	direct_calls	2	600	5	89188917	1194184800
zig-js	independent_cold	direct_calls	2	600	6	90860959	1194184800
zig-js	shared	direct_calls	2	600	0	94122916	1194184800
zig-js	shared	direct_calls	2	600	1	92216875	1194184800
zig-js	shared	direct_calls	2	600	2	92888750	1194184800
zig-js	shared	direct_calls	2	600	3	92194125	1194184800
zig-js	shared	direct_calls	2	600	4	92875209	1194184800
zig-js	shared	direct_calls	2	600	5	92547750	1194184800
zig-js	shared	direct_calls	2	600	6	92674000	1194184800
zig-js	independent_steady	direct_calls	4	600	0	96744375	2388372000
zig-js	independent_steady	direct_calls	4	600	1	90047083	2388372000
zig-js	independent_steady	direct_calls	4	600	2	92657125	2388372000
zig-js	independent_steady	direct_calls	4	600	3	98975666	2388372000
zig-js	independent_steady	direct_calls	4	600	4	117713000	2388372000
zig-js	independent_steady	direct_calls	4	600	5	112159500	2388372000
zig-js	independent_steady	direct_calls	4	600	6	102334000	2388372000
JavaScriptCore	independent_steady	direct_calls	4	600	0	186287709	2388372000
JavaScriptCore	independent_steady	direct_calls	4	600	1	207108125	2388372000
JavaScriptCore	independent_steady	direct_calls	4	600	2	199045458	2388372000
JavaScriptCore	independent_steady	direct_calls	4	600	3	322436583	2388372000
JavaScriptCore	independent_steady	direct_calls	4	600	4	154490666	2388372000
JavaScriptCore	independent_steady	direct_calls	4	600	5	172849208	2388372000
JavaScriptCore	independent_steady	direct_calls	4	600	6	145352792	2388372000
JavaScriptCore	independent_cold	direct_calls	4	600	0	155101791	2388372000
JavaScriptCore	independent_cold	direct_calls	4	600	1	141777917	2388372000
JavaScriptCore	independent_cold	direct_calls	4	600	2	142187333	2388372000
JavaScriptCore	independent_cold	direct_calls	4	600	3	143463250	2388372000
JavaScriptCore	independent_cold	direct_calls	4	600	4	146959167	2388372000
JavaScriptCore	independent_cold	direct_calls	4	600	5	184692791	2388372000
JavaScriptCore	independent_cold	direct_calls	4	600	6	175409291	2388372000
zig-js	independent_cold	direct_calls	4	600	0	102026750	2388372000
zig-js	independent_cold	direct_calls	4	600	1	98270750	2388372000
zig-js	independent_cold	direct_calls	4	600	2	101632084	2388372000
zig-js	independent_cold	direct_calls	4	600	3	92158500	2388372000
zig-js	independent_cold	direct_calls	4	600	4	93536334	2388372000
zig-js	independent_cold	direct_calls	4	600	5	94911583	2388372000
zig-js	independent_cold	direct_calls	4	600	6	92883250	2388372000
zig-js	shared	direct_calls	4	600	0	100329167	2388372000
zig-js	shared	direct_calls	4	600	1	99781083	2388372000
zig-js	shared	direct_calls	4	600	2	102819250	2388372000
zig-js	shared	direct_calls	4	600	3	101253209	2388372000
zig-js	shared	direct_calls	4	600	4	100000833	2388372000
zig-js	shared	direct_calls	4	600	5	100376583	2388372000
zig-js	shared	direct_calls	4	600	6	103219000	2388372000
zig-js	independent_steady	direct_calls	8	600	0	120300875	4776753600
zig-js	independent_steady	direct_calls	8	600	1	113130375	4776753600
zig-js	independent_steady	direct_calls	8	600	2	122799208	4776753600
zig-js	independent_steady	direct_calls	8	600	3	130675292	4776753600
zig-js	independent_steady	direct_calls	8	600	4	127062542	4776753600
zig-js	independent_steady	direct_calls	8	600	5	123742833	4776753600
zig-js	independent_steady	direct_calls	8	600	6	125040167	4776753600
JavaScriptCore	independent_steady	direct_calls	8	600	0	221364750	4776753600
JavaScriptCore	independent_steady	direct_calls	8	600	1	212563000	4776753600
JavaScriptCore	independent_steady	direct_calls	8	600	2	215019834	4776753600
JavaScriptCore	independent_steady	direct_calls	8	600	3	215400875	4776753600
JavaScriptCore	independent_steady	direct_calls	8	600	4	215434333	4776753600
JavaScriptCore	independent_steady	direct_calls	8	600	5	236613333	4776753600
JavaScriptCore	independent_steady	direct_calls	8	600	6	253446542	4776753600
JavaScriptCore	independent_cold	direct_calls	8	600	0	255978708	4776753600
JavaScriptCore	independent_cold	direct_calls	8	600	1	244158166	4776753600
JavaScriptCore	independent_cold	direct_calls	8	600	2	212148167	4776753600
JavaScriptCore	independent_cold	direct_calls	8	600	3	221747416	4776753600
JavaScriptCore	independent_cold	direct_calls	8	600	4	220461542	4776753600
JavaScriptCore	independent_cold	direct_calls	8	600	5	225590458	4776753600
JavaScriptCore	independent_cold	direct_calls	8	600	6	221359041	4776753600
zig-js	independent_cold	direct_calls	8	600	0	135029750	4776753600
zig-js	independent_cold	direct_calls	8	600	1	133302875	4776753600
zig-js	independent_cold	direct_calls	8	600	2	126267834	4776753600
zig-js	independent_cold	direct_calls	8	600	3	134414875	4776753600
zig-js	independent_cold	direct_calls	8	600	4	145743167	4776753600
zig-js	independent_cold	direct_calls	8	600	5	132156000	4776753600
zig-js	independent_cold	direct_calls	8	600	6	122770958	4776753600
zig-js	shared	direct_calls	8	600	0	174950541	4776753600
zig-js	shared	direct_calls	8	600	1	173124459	4776753600
zig-js	shared	direct_calls	8	600	2	169980458	4776753600
zig-js	shared	direct_calls	8	600	3	159505417	4776753600
zig-js	shared	direct_calls	8	600	4	161316167	4776753600
zig-js	shared	direct_calls	8	600	5	160118916	4776753600
zig-js	shared	direct_calls	8	600	6	162305125	4776753600
zig-js	single	method_calls	1	500	0	99001084	2550250
zig-js	single	method_calls	1	500	1	98333000	2550250
zig-js	single	method_calls	1	500	2	143430208	2550250
zig-js	single	method_calls	1	500	3	149323209	2550250
zig-js	single	method_calls	1	500	4	105563208	2550250
zig-js	single	method_calls	1	500	5	96022333	2550250
zig-js	single	method_calls	1	500	6	97408708	2550250
JavaScriptCore	single	method_calls	1	500	0	157054292	2550250
JavaScriptCore	single	method_calls	1	500	1	159680458	2550250
JavaScriptCore	single	method_calls	1	500	2	154280833	2550250
JavaScriptCore	single	method_calls	1	500	3	154792959	2550250
JavaScriptCore	single	method_calls	1	500	4	154339125	2550250
JavaScriptCore	single	method_calls	1	500	5	155300583	2550250
JavaScriptCore	single	method_calls	1	500	6	155074541	2550250
JavaScriptCore	independent_steady	method_calls	1	500	0	161405083	2550250
JavaScriptCore	independent_steady	method_calls	1	500	1	162056833	2550250
JavaScriptCore	independent_steady	method_calls	1	500	2	160149709	2550250
JavaScriptCore	independent_steady	method_calls	1	500	3	161111416	2550250
JavaScriptCore	independent_steady	method_calls	1	500	4	159908333	2550250
JavaScriptCore	independent_steady	method_calls	1	500	5	157693625	2550250
JavaScriptCore	independent_steady	method_calls	1	500	6	157473958	2550250
zig-js	independent_steady	method_calls	1	500	0	101314833	2550250
zig-js	independent_steady	method_calls	1	500	1	101784500	2550250
zig-js	independent_steady	method_calls	1	500	2	101291083	2550250
zig-js	independent_steady	method_calls	1	500	3	98563417	2550250
zig-js	independent_steady	method_calls	1	500	4	99368542	2550250
zig-js	independent_steady	method_calls	1	500	5	103548500	2550250
zig-js	independent_steady	method_calls	1	500	6	97201333	2550250
zig-js	independent_cold	method_calls	1	500	0	99946708	2550250
zig-js	independent_cold	method_calls	1	500	1	100805459	2550250
zig-js	independent_cold	method_calls	1	500	2	99028708	2550250
zig-js	independent_cold	method_calls	1	500	3	99846209	2550250
zig-js	independent_cold	method_calls	1	500	4	98142959	2550250
zig-js	independent_cold	method_calls	1	500	5	99707875	2550250
zig-js	independent_cold	method_calls	1	500	6	98950958	2550250
JavaScriptCore	independent_cold	method_calls	1	500	0	160272208	2550250
JavaScriptCore	independent_cold	method_calls	1	500	1	158524041	2550250
JavaScriptCore	independent_cold	method_calls	1	500	2	156089625	2550250
JavaScriptCore	independent_cold	method_calls	1	500	3	162616208	2550250
JavaScriptCore	independent_cold	method_calls	1	500	4	163250584	2550250
JavaScriptCore	independent_cold	method_calls	1	500	5	155451041	2550250
JavaScriptCore	independent_cold	method_calls	1	500	6	155980500	2550250
zig-js	shared	method_calls	1	500	0	183112542	2550250
zig-js	shared	method_calls	1	500	1	182019167	2550250
zig-js	shared	method_calls	1	500	2	182770917	2550250
zig-js	shared	method_calls	1	500	3	182836459	2550250
zig-js	shared	method_calls	1	500	4	182278250	2550250
zig-js	shared	method_calls	1	500	5	181378375	2550250
zig-js	shared	method_calls	1	500	6	181106208	2550250
JavaScriptCore	independent_steady	method_calls	2	500	0	156882417	10100500
JavaScriptCore	independent_steady	method_calls	2	500	1	156879000	10100500
JavaScriptCore	independent_steady	method_calls	2	500	2	156719833	10100500
JavaScriptCore	independent_steady	method_calls	2	500	3	156070041	10100500
JavaScriptCore	independent_steady	method_calls	2	500	4	157413125	10100500
JavaScriptCore	independent_steady	method_calls	2	500	5	163220584	10100500
JavaScriptCore	independent_steady	method_calls	2	500	6	158284542	10100500
zig-js	independent_steady	method_calls	2	500	0	101299334	10100500
zig-js	independent_steady	method_calls	2	500	1	97252083	10100500
zig-js	independent_steady	method_calls	2	500	2	97803000	10100500
zig-js	independent_steady	method_calls	2	500	3	98856166	10100500
zig-js	independent_steady	method_calls	2	500	4	99546417	10100500
zig-js	independent_steady	method_calls	2	500	5	101136792	10100500
zig-js	independent_steady	method_calls	2	500	6	97756375	10100500
zig-js	independent_cold	method_calls	2	500	0	100952583	10100500
zig-js	independent_cold	method_calls	2	500	1	102584792	10100500
zig-js	independent_cold	method_calls	2	500	2	100057208	10100500
zig-js	independent_cold	method_calls	2	500	3	99137375	10100500
zig-js	independent_cold	method_calls	2	500	4	101213625	10100500
zig-js	independent_cold	method_calls	2	500	5	99780625	10100500
zig-js	independent_cold	method_calls	2	500	6	99337250	10100500
JavaScriptCore	independent_cold	method_calls	2	500	0	162012750	10100500
JavaScriptCore	independent_cold	method_calls	2	500	1	156161542	10100500
JavaScriptCore	independent_cold	method_calls	2	500	2	157989916	10100500
JavaScriptCore	independent_cold	method_calls	2	500	3	156901959	10100500
JavaScriptCore	independent_cold	method_calls	2	500	4	157690667	10100500
JavaScriptCore	independent_cold	method_calls	2	500	5	156215709	10100500
JavaScriptCore	independent_cold	method_calls	2	500	6	156867583	10100500
zig-js	shared	method_calls	2	500	0	195523292	10100500
zig-js	shared	method_calls	2	500	1	194382792	10100500
zig-js	shared	method_calls	2	500	2	233772917	10100500
zig-js	shared	method_calls	2	500	3	199956375	10100500
zig-js	shared	method_calls	2	500	4	308187709	10100500
zig-js	shared	method_calls	2	500	5	191401583	10100500
zig-js	shared	method_calls	2	500	6	189652958	10100500
JavaScriptCore	independent_steady	method_calls	4	500	0	164644916	40201000
JavaScriptCore	independent_steady	method_calls	4	500	1	162605958	40201000
JavaScriptCore	independent_steady	method_calls	4	500	2	163097625	40201000
JavaScriptCore	independent_steady	method_calls	4	500	3	161566459	40201000
JavaScriptCore	independent_steady	method_calls	4	500	4	162260792	40201000
JavaScriptCore	independent_steady	method_calls	4	500	5	162468458	40201000
JavaScriptCore	independent_steady	method_calls	4	500	6	163388333	40201000
zig-js	independent_steady	method_calls	4	500	0	103389916	40201000
zig-js	independent_steady	method_calls	4	500	1	102766084	40201000
zig-js	independent_steady	method_calls	4	500	2	102316750	40201000
zig-js	independent_steady	method_calls	4	500	3	102440541	40201000
zig-js	independent_steady	method_calls	4	500	4	104492917	40201000
zig-js	independent_steady	method_calls	4	500	5	105031750	40201000
zig-js	independent_steady	method_calls	4	500	6	102027542	40201000
zig-js	independent_cold	method_calls	4	500	0	114407416	40201000
zig-js	independent_cold	method_calls	4	500	1	123907667	40201000
zig-js	independent_cold	method_calls	4	500	2	123492084	40201000
zig-js	independent_cold	method_calls	4	500	3	105688000	40201000
zig-js	independent_cold	method_calls	4	500	4	102898792	40201000
zig-js	independent_cold	method_calls	4	500	5	102742542	40201000
zig-js	independent_cold	method_calls	4	500	6	104392667	40201000
JavaScriptCore	independent_cold	method_calls	4	500	0	201612750	40201000
JavaScriptCore	independent_cold	method_calls	4	500	1	170964166	40201000
JavaScriptCore	independent_cold	method_calls	4	500	2	163752833	40201000
JavaScriptCore	independent_cold	method_calls	4	500	3	165069792	40201000
JavaScriptCore	independent_cold	method_calls	4	500	4	162399291	40201000
JavaScriptCore	independent_cold	method_calls	4	500	5	164135875	40201000
JavaScriptCore	independent_cold	method_calls	4	500	6	171244500	40201000
zig-js	shared	method_calls	4	500	0	229514209	40201000
zig-js	shared	method_calls	4	500	1	212116042	40201000
zig-js	shared	method_calls	4	500	2	201150334	40201000
zig-js	shared	method_calls	4	500	3	199158833	40201000
zig-js	shared	method_calls	4	500	4	198154875	40201000
zig-js	shared	method_calls	4	500	5	198948333	40201000
zig-js	shared	method_calls	4	500	6	217761291	40201000
JavaScriptCore	independent_steady	method_calls	8	500	0	277693583	160402000
JavaScriptCore	independent_steady	method_calls	8	500	1	273760000	160402000
JavaScriptCore	independent_steady	method_calls	8	500	2	273888083	160402000
JavaScriptCore	independent_steady	method_calls	8	500	3	283993000	160402000
JavaScriptCore	independent_steady	method_calls	8	500	4	280781667	160402000
JavaScriptCore	independent_steady	method_calls	8	500	5	267679375	160402000
JavaScriptCore	independent_steady	method_calls	8	500	6	252398250	160402000
zig-js	independent_steady	method_calls	8	500	0	136627375	160402000
zig-js	independent_steady	method_calls	8	500	1	132214625	160402000
zig-js	independent_steady	method_calls	8	500	2	142162417	160402000
zig-js	independent_steady	method_calls	8	500	3	145647125	160402000
zig-js	independent_steady	method_calls	8	500	4	152133375	160402000
zig-js	independent_steady	method_calls	8	500	5	147989208	160402000
zig-js	independent_steady	method_calls	8	500	6	323914666	160402000
zig-js	independent_cold	method_calls	8	500	0	146965875	160402000
zig-js	independent_cold	method_calls	8	500	1	139745542	160402000
zig-js	independent_cold	method_calls	8	500	2	132539750	160402000
zig-js	independent_cold	method_calls	8	500	3	136587375	160402000
zig-js	independent_cold	method_calls	8	500	4	131849917	160402000
zig-js	independent_cold	method_calls	8	500	5	127979833	160402000
zig-js	independent_cold	method_calls	8	500	6	132960708	160402000
JavaScriptCore	independent_cold	method_calls	8	500	0	248152083	160402000
JavaScriptCore	independent_cold	method_calls	8	500	1	254799666	160402000
JavaScriptCore	independent_cold	method_calls	8	500	2	242226958	160402000
JavaScriptCore	independent_cold	method_calls	8	500	3	242260167	160402000
JavaScriptCore	independent_cold	method_calls	8	500	4	259577292	160402000
JavaScriptCore	independent_cold	method_calls	8	500	5	247989250	160402000
JavaScriptCore	independent_cold	method_calls	8	500	6	251181125	160402000
zig-js	shared	method_calls	8	500	0	284166084	160402000
zig-js	shared	method_calls	8	500	1	272141875	160402000
zig-js	shared	method_calls	8	500	2	279592291	160402000
zig-js	shared	method_calls	8	500	3	273402000	160402000
zig-js	shared	method_calls	8	500	4	274260292	160402000
zig-js	shared	method_calls	8	500	5	271591709	160402000
zig-js	shared	method_calls	8	500	6	274450875	160402000
JavaScriptCore	single	closure_calls	1	600	0	217037250	597092100
JavaScriptCore	single	closure_calls	1	600	1	215780875	597092100
JavaScriptCore	single	closure_calls	1	600	2	215646042	597092100
JavaScriptCore	single	closure_calls	1	600	3	215937917	597092100
JavaScriptCore	single	closure_calls	1	600	4	215533583	597092100
JavaScriptCore	single	closure_calls	1	600	5	217004750	597092100
JavaScriptCore	single	closure_calls	1	600	6	216799333	597092100
zig-js	single	closure_calls	1	600	0	102302000	597092100
zig-js	single	closure_calls	1	600	1	100025750	597092100
zig-js	single	closure_calls	1	600	2	100614833	597092100
zig-js	single	closure_calls	1	600	3	107224542	597092100
zig-js	single	closure_calls	1	600	4	101811500	597092100
zig-js	single	closure_calls	1	600	5	105901125	597092100
zig-js	single	closure_calls	1	600	6	108762375	597092100
zig-js	independent_steady	closure_calls	1	600	0	103035750	597092100
zig-js	independent_steady	closure_calls	1	600	1	102333875	597092100
zig-js	independent_steady	closure_calls	1	600	2	104735500	597092100
zig-js	independent_steady	closure_calls	1	600	3	103732625	597092100
zig-js	independent_steady	closure_calls	1	600	4	104654667	597092100
zig-js	independent_steady	closure_calls	1	600	5	103561625	597092100
zig-js	independent_steady	closure_calls	1	600	6	103206000	597092100
JavaScriptCore	independent_steady	closure_calls	1	600	0	224706750	597092100
JavaScriptCore	independent_steady	closure_calls	1	600	1	226955708	597092100
JavaScriptCore	independent_steady	closure_calls	1	600	2	228778584	597092100
JavaScriptCore	independent_steady	closure_calls	1	600	3	226518792	597092100
JavaScriptCore	independent_steady	closure_calls	1	600	4	223581875	597092100
JavaScriptCore	independent_steady	closure_calls	1	600	5	226242292	597092100
JavaScriptCore	independent_steady	closure_calls	1	600	6	225062333	597092100
JavaScriptCore	independent_cold	closure_calls	1	600	0	230866500	597092100
JavaScriptCore	independent_cold	closure_calls	1	600	1	281019000	597092100
JavaScriptCore	independent_cold	closure_calls	1	600	2	288098500	597092100
JavaScriptCore	independent_cold	closure_calls	1	600	3	217691458	597092100
JavaScriptCore	independent_cold	closure_calls	1	600	4	217802709	597092100
JavaScriptCore	independent_cold	closure_calls	1	600	5	221338375	597092100
JavaScriptCore	independent_cold	closure_calls	1	600	6	230857083	597092100
zig-js	independent_cold	closure_calls	1	600	0	107068125	597092100
zig-js	independent_cold	closure_calls	1	600	1	171202834	597092100
zig-js	independent_cold	closure_calls	1	600	2	199911167	597092100
zig-js	independent_cold	closure_calls	1	600	3	210890875	597092100
zig-js	independent_cold	closure_calls	1	600	4	205440291	597092100
zig-js	independent_cold	closure_calls	1	600	5	206992459	597092100
zig-js	independent_cold	closure_calls	1	600	6	203961917	597092100
zig-js	shared	closure_calls	1	600	0	183789042	597092100
zig-js	shared	closure_calls	1	600	1	176615916	597092100
zig-js	shared	closure_calls	1	600	2	177612250	597092100
zig-js	shared	closure_calls	1	600	3	177817333	597092100
zig-js	shared	closure_calls	1	600	4	183753584	597092100
zig-js	shared	closure_calls	1	600	5	178666875	597092100
zig-js	shared	closure_calls	1	600	6	178420125	597092100
zig-js	independent_steady	closure_calls	2	600	0	191992042	1194184800
zig-js	independent_steady	closure_calls	2	600	1	190700291	1194184800
zig-js	independent_steady	closure_calls	2	600	2	196789458	1194184800
zig-js	independent_steady	closure_calls	2	600	3	209683667	1194184800
zig-js	independent_steady	closure_calls	2	600	4	197877959	1194184800
zig-js	independent_steady	closure_calls	2	600	5	195859292	1194184800
zig-js	independent_steady	closure_calls	2	600	6	190868833	1194184800
JavaScriptCore	independent_steady	closure_calls	2	600	0	346091125	1194184800
JavaScriptCore	independent_steady	closure_calls	2	600	1	613632333	1194184800
JavaScriptCore	independent_steady	closure_calls	2	600	2	234584250	1194184800
JavaScriptCore	independent_steady	closure_calls	2	600	3	250946041	1194184800
JavaScriptCore	independent_steady	closure_calls	2	600	4	233017750	1194184800
JavaScriptCore	independent_steady	closure_calls	2	600	5	233577125	1194184800
JavaScriptCore	independent_steady	closure_calls	2	600	6	224769166	1194184800
JavaScriptCore	independent_cold	closure_calls	2	600	0	228614667	1194184800
JavaScriptCore	independent_cold	closure_calls	2	600	1	223069750	1194184800
JavaScriptCore	independent_cold	closure_calls	2	600	2	221644416	1194184800
JavaScriptCore	independent_cold	closure_calls	2	600	3	224079875	1194184800
JavaScriptCore	independent_cold	closure_calls	2	600	4	223890250	1194184800
JavaScriptCore	independent_cold	closure_calls	2	600	5	230979833	1194184800
JavaScriptCore	independent_cold	closure_calls	2	600	6	227817167	1194184800
zig-js	independent_cold	closure_calls	2	600	0	104374417	1194184800
zig-js	independent_cold	closure_calls	2	600	1	106928958	1194184800
zig-js	independent_cold	closure_calls	2	600	2	105557417	1194184800
zig-js	independent_cold	closure_calls	2	600	3	103976000	1194184800
zig-js	independent_cold	closure_calls	2	600	4	104838958	1194184800
zig-js	independent_cold	closure_calls	2	600	5	104409041	1194184800
zig-js	independent_cold	closure_calls	2	600	6	103421958	1194184800
zig-js	shared	closure_calls	2	600	0	112452917	1194184800
zig-js	shared	closure_calls	2	600	1	111442791	1194184800
zig-js	shared	closure_calls	2	600	2	113081666	1194184800
zig-js	shared	closure_calls	2	600	3	112206958	1194184800
zig-js	shared	closure_calls	2	600	4	111069042	1194184800
zig-js	shared	closure_calls	2	600	5	112130708	1194184800
zig-js	shared	closure_calls	2	600	6	113898459	1194184800
zig-js	independent_steady	closure_calls	4	600	0	110584708	2388372000
zig-js	independent_steady	closure_calls	4	600	1	106044458	2388372000
zig-js	independent_steady	closure_calls	4	600	2	105356833	2388372000
zig-js	independent_steady	closure_calls	4	600	3	107294542	2388372000
zig-js	independent_steady	closure_calls	4	600	4	107208666	2388372000
zig-js	independent_steady	closure_calls	4	600	5	107716083	2388372000
zig-js	independent_steady	closure_calls	4	600	6	109427667	2388372000
JavaScriptCore	independent_steady	closure_calls	4	600	0	245122792	2388372000
JavaScriptCore	independent_steady	closure_calls	4	600	1	237971250	2388372000
JavaScriptCore	independent_steady	closure_calls	4	600	2	244422875	2388372000
JavaScriptCore	independent_steady	closure_calls	4	600	3	242264666	2388372000
JavaScriptCore	independent_steady	closure_calls	4	600	4	253530250	2388372000
JavaScriptCore	independent_steady	closure_calls	4	600	5	327257500	2388372000
JavaScriptCore	independent_steady	closure_calls	4	600	6	276130375	2388372000
JavaScriptCore	independent_cold	closure_calls	4	600	0	314133791	2388372000
JavaScriptCore	independent_cold	closure_calls	4	600	1	465721625	2388372000
JavaScriptCore	independent_cold	closure_calls	4	600	2	289737750	2388372000
JavaScriptCore	independent_cold	closure_calls	4	600	3	253691583	2388372000
JavaScriptCore	independent_cold	closure_calls	4	600	4	243205042	2388372000
JavaScriptCore	independent_cold	closure_calls	4	600	5	260501334	2388372000
JavaScriptCore	independent_cold	closure_calls	4	600	6	256176625	2388372000
zig-js	independent_cold	closure_calls	4	600	0	121729416	2388372000
zig-js	independent_cold	closure_calls	4	600	1	122352584	2388372000
zig-js	independent_cold	closure_calls	4	600	2	109896458	2388372000
zig-js	independent_cold	closure_calls	4	600	3	107775708	2388372000
zig-js	independent_cold	closure_calls	4	600	4	109327875	2388372000
zig-js	independent_cold	closure_calls	4	600	5	108644958	2388372000
zig-js	independent_cold	closure_calls	4	600	6	108564333	2388372000
zig-js	shared	closure_calls	4	600	0	118863375	2388372000
zig-js	shared	closure_calls	4	600	1	117543333	2388372000
zig-js	shared	closure_calls	4	600	2	116299083	2388372000
zig-js	shared	closure_calls	4	600	3	118081208	2388372000
zig-js	shared	closure_calls	4	600	4	119264667	2388372000
zig-js	shared	closure_calls	4	600	5	120415416	2388372000
zig-js	shared	closure_calls	4	600	6	118942125	2388372000
zig-js	independent_steady	closure_calls	8	600	0	140821167	4776753600
zig-js	independent_steady	closure_calls	8	600	1	140199166	4776753600
zig-js	independent_steady	closure_calls	8	600	2	171551208	4776753600
zig-js	independent_steady	closure_calls	8	600	3	149635459	4776753600
zig-js	independent_steady	closure_calls	8	600	4	145779917	4776753600
zig-js	independent_steady	closure_calls	8	600	5	144927500	4776753600
zig-js	independent_steady	closure_calls	8	600	6	147217833	4776753600
JavaScriptCore	independent_steady	closure_calls	8	600	0	357832416	4776753600
JavaScriptCore	independent_steady	closure_calls	8	600	1	354858458	4776753600
JavaScriptCore	independent_steady	closure_calls	8	600	2	356361458	4776753600
JavaScriptCore	independent_steady	closure_calls	8	600	3	356272000	4776753600
JavaScriptCore	independent_steady	closure_calls	8	600	4	392013583	4776753600
JavaScriptCore	independent_steady	closure_calls	8	600	5	380737667	4776753600
JavaScriptCore	independent_steady	closure_calls	8	600	6	365980833	4776753600
JavaScriptCore	independent_cold	closure_calls	8	600	0	373753083	4776753600
JavaScriptCore	independent_cold	closure_calls	8	600	1	369701250	4776753600
JavaScriptCore	independent_cold	closure_calls	8	600	2	387624917	4776753600
JavaScriptCore	independent_cold	closure_calls	8	600	3	371594000	4776753600
JavaScriptCore	independent_cold	closure_calls	8	600	4	366993958	4776753600
JavaScriptCore	independent_cold	closure_calls	8	600	5	396999292	4776753600
JavaScriptCore	independent_cold	closure_calls	8	600	6	424311500	4776753600
zig-js	independent_cold	closure_calls	8	600	0	165386750	4776753600
zig-js	independent_cold	closure_calls	8	600	1	152217417	4776753600
zig-js	independent_cold	closure_calls	8	600	2	149310625	4776753600
zig-js	independent_cold	closure_calls	8	600	3	147254083	4776753600
zig-js	independent_cold	closure_calls	8	600	4	143450500	4776753600
zig-js	independent_cold	closure_calls	8	600	5	139802541	4776753600
zig-js	independent_cold	closure_calls	8	600	6	144583917	4776753600
zig-js	shared	closure_calls	8	600	0	195222500	4776753600
zig-js	shared	closure_calls	8	600	1	191308459	4776753600
zig-js	shared	closure_calls	8	600	2	189318084	4776753600
zig-js	shared	closure_calls	8	600	3	186011834	4776753600
zig-js	shared	closure_calls	8	600	4	180109250	4776753600
zig-js	shared	closure_calls	8	600	5	178343584	4776753600
zig-js	shared	closure_calls	8	600	6	179393959	4776753600
zig-js	single	arguments_calls	1	600	0	99522709	597092100
zig-js	single	arguments_calls	1	600	1	98799917	597092100
zig-js	single	arguments_calls	1	600	2	103285042	597092100
zig-js	single	arguments_calls	1	600	3	98736583	597092100
zig-js	single	arguments_calls	1	600	4	98725625	597092100
zig-js	single	arguments_calls	1	600	5	98630417	597092100
zig-js	single	arguments_calls	1	600	6	100709916	597092100
JavaScriptCore	single	arguments_calls	1	600	0	339454375	597092100
JavaScriptCore	single	arguments_calls	1	600	1	337355291	597092100
JavaScriptCore	single	arguments_calls	1	600	2	371575917	597092100
JavaScriptCore	single	arguments_calls	1	600	3	490883291	597092100
JavaScriptCore	single	arguments_calls	1	600	4	341874750	597092100
JavaScriptCore	single	arguments_calls	1	600	5	338540750	597092100
JavaScriptCore	single	arguments_calls	1	600	6	346327292	597092100
JavaScriptCore	independent_steady	arguments_calls	1	600	0	351141792	597092100
JavaScriptCore	independent_steady	arguments_calls	1	600	1	341964042	597092100
JavaScriptCore	independent_steady	arguments_calls	1	600	2	338125500	597092100
JavaScriptCore	independent_steady	arguments_calls	1	600	3	338274584	597092100
JavaScriptCore	independent_steady	arguments_calls	1	600	4	391115500	597092100
JavaScriptCore	independent_steady	arguments_calls	1	600	5	354465333	597092100
JavaScriptCore	independent_steady	arguments_calls	1	600	6	345073417	597092100
zig-js	independent_steady	arguments_calls	1	600	0	101911625	597092100
zig-js	independent_steady	arguments_calls	1	600	1	100683583	597092100
zig-js	independent_steady	arguments_calls	1	600	2	102963625	597092100
zig-js	independent_steady	arguments_calls	1	600	3	100778000	597092100
zig-js	independent_steady	arguments_calls	1	600	4	101625666	597092100
zig-js	independent_steady	arguments_calls	1	600	5	100039750	597092100
zig-js	independent_steady	arguments_calls	1	600	6	103246292	597092100
zig-js	independent_cold	arguments_calls	1	600	0	103375584	597092100
zig-js	independent_cold	arguments_calls	1	600	1	102052875	597092100
zig-js	independent_cold	arguments_calls	1	600	2	100155208	597092100
zig-js	independent_cold	arguments_calls	1	600	3	100585833	597092100
zig-js	independent_cold	arguments_calls	1	600	4	100314041	597092100
zig-js	independent_cold	arguments_calls	1	600	5	100742583	597092100
zig-js	independent_cold	arguments_calls	1	600	6	100536417	597092100
JavaScriptCore	independent_cold	arguments_calls	1	600	0	347619334	597092100
JavaScriptCore	independent_cold	arguments_calls	1	600	1	339331667	597092100
JavaScriptCore	independent_cold	arguments_calls	1	600	2	340169500	597092100
JavaScriptCore	independent_cold	arguments_calls	1	600	3	341520083	597092100
JavaScriptCore	independent_cold	arguments_calls	1	600	4	338098834	597092100
JavaScriptCore	independent_cold	arguments_calls	1	600	5	339401625	597092100
JavaScriptCore	independent_cold	arguments_calls	1	600	6	339791250	597092100
zig-js	shared	arguments_calls	1	600	0	98559959	597092100
zig-js	shared	arguments_calls	1	600	1	98328167	597092100
zig-js	shared	arguments_calls	1	600	2	97821667	597092100
zig-js	shared	arguments_calls	1	600	3	98268208	597092100
zig-js	shared	arguments_calls	1	600	4	97565792	597092100
zig-js	shared	arguments_calls	1	600	5	99216666	597092100
zig-js	shared	arguments_calls	1	600	6	98703959	597092100
JavaScriptCore	independent_steady	arguments_calls	2	600	0	346175708	1194184800
JavaScriptCore	independent_steady	arguments_calls	2	600	1	343531167	1194184800
JavaScriptCore	independent_steady	arguments_calls	2	600	2	346643083	1194184800
JavaScriptCore	independent_steady	arguments_calls	2	600	3	348037625	1194184800
JavaScriptCore	independent_steady	arguments_calls	2	600	4	387796292	1194184800
JavaScriptCore	independent_steady	arguments_calls	2	600	5	359371750	1194184800
JavaScriptCore	independent_steady	arguments_calls	2	600	6	346220792	1194184800
zig-js	independent_steady	arguments_calls	2	600	0	101528042	1194184800
zig-js	independent_steady	arguments_calls	2	600	1	101010834	1194184800
zig-js	independent_steady	arguments_calls	2	600	2	103227834	1194184800
zig-js	independent_steady	arguments_calls	2	600	3	100911125	1194184800
zig-js	independent_steady	arguments_calls	2	600	4	100346541	1194184800
zig-js	independent_steady	arguments_calls	2	600	5	99455416	1194184800
zig-js	independent_steady	arguments_calls	2	600	6	99439000	1194184800
zig-js	independent_cold	arguments_calls	2	600	0	102695708	1194184800
zig-js	independent_cold	arguments_calls	2	600	1	104851375	1194184800
zig-js	independent_cold	arguments_calls	2	600	2	102307000	1194184800
zig-js	independent_cold	arguments_calls	2	600	3	105165542	1194184800
zig-js	independent_cold	arguments_calls	2	600	4	107272208	1194184800
zig-js	independent_cold	arguments_calls	2	600	5	103383417	1194184800
zig-js	independent_cold	arguments_calls	2	600	6	102244125	1194184800
JavaScriptCore	independent_cold	arguments_calls	2	600	0	355574458	1194184800
JavaScriptCore	independent_cold	arguments_calls	2	600	1	355878750	1194184800
JavaScriptCore	independent_cold	arguments_calls	2	600	2	349973833	1194184800
JavaScriptCore	independent_cold	arguments_calls	2	600	3	345953583	1194184800
JavaScriptCore	independent_cold	arguments_calls	2	600	4	350134208	1194184800
JavaScriptCore	independent_cold	arguments_calls	2	600	5	349587167	1194184800
JavaScriptCore	independent_cold	arguments_calls	2	600	6	361989542	1194184800
zig-js	shared	arguments_calls	2	600	0	99936583	1194184800
zig-js	shared	arguments_calls	2	600	1	99649291	1194184800
zig-js	shared	arguments_calls	2	600	2	100047333	1194184800
zig-js	shared	arguments_calls	2	600	3	99795875	1194184800
zig-js	shared	arguments_calls	2	600	4	99869666	1194184800
zig-js	shared	arguments_calls	2	600	5	100048250	1194184800
zig-js	shared	arguments_calls	2	600	6	99344916	1194184800
JavaScriptCore	independent_steady	arguments_calls	4	600	0	409600666	2388372000
JavaScriptCore	independent_steady	arguments_calls	4	600	1	407915041	2388372000
JavaScriptCore	independent_steady	arguments_calls	4	600	2	378111833	2388372000
JavaScriptCore	independent_steady	arguments_calls	4	600	3	377477875	2388372000
JavaScriptCore	independent_steady	arguments_calls	4	600	4	367168958	2388372000
JavaScriptCore	independent_steady	arguments_calls	4	600	5	362025875	2388372000
JavaScriptCore	independent_steady	arguments_calls	4	600	6	363247292	2388372000
zig-js	independent_steady	arguments_calls	4	600	0	106828791	2388372000
zig-js	independent_steady	arguments_calls	4	600	1	115122625	2388372000
zig-js	independent_steady	arguments_calls	4	600	2	127674083	2388372000
zig-js	independent_steady	arguments_calls	4	600	3	105164917	2388372000
zig-js	independent_steady	arguments_calls	4	600	4	107476833	2388372000
zig-js	independent_steady	arguments_calls	4	600	5	112454042	2388372000
zig-js	independent_steady	arguments_calls	4	600	6	105219833	2388372000
zig-js	independent_cold	arguments_calls	4	600	0	118293416	2388372000
zig-js	independent_cold	arguments_calls	4	600	1	110857000	2388372000
zig-js	independent_cold	arguments_calls	4	600	2	108235625	2388372000
zig-js	independent_cold	arguments_calls	4	600	3	107113875	2388372000
zig-js	independent_cold	arguments_calls	4	600	4	107515209	2388372000
zig-js	independent_cold	arguments_calls	4	600	5	110248708	2388372000
zig-js	independent_cold	arguments_calls	4	600	6	106535875	2388372000
JavaScriptCore	independent_cold	arguments_calls	4	600	0	378281750	2388372000
JavaScriptCore	independent_cold	arguments_calls	4	600	1	375436208	2388372000
JavaScriptCore	independent_cold	arguments_calls	4	600	2	387334958	2388372000
JavaScriptCore	independent_cold	arguments_calls	4	600	3	368832375	2388372000
JavaScriptCore	independent_cold	arguments_calls	4	600	4	365472416	2388372000
JavaScriptCore	independent_cold	arguments_calls	4	600	5	445948875	2388372000
JavaScriptCore	independent_cold	arguments_calls	4	600	6	411514875	2388372000
zig-js	shared	arguments_calls	4	600	0	102736375	2388372000
zig-js	shared	arguments_calls	4	600	1	101808333	2388372000
zig-js	shared	arguments_calls	4	600	2	103265417	2388372000
zig-js	shared	arguments_calls	4	600	3	104176500	2388372000
zig-js	shared	arguments_calls	4	600	4	102882750	2388372000
zig-js	shared	arguments_calls	4	600	5	104796542	2388372000
zig-js	shared	arguments_calls	4	600	6	102966916	2388372000
JavaScriptCore	independent_steady	arguments_calls	8	600	0	553898542	4776753600
JavaScriptCore	independent_steady	arguments_calls	8	600	1	563830375	4776753600
JavaScriptCore	independent_steady	arguments_calls	8	600	2	543754291	4776753600
JavaScriptCore	independent_steady	arguments_calls	8	600	3	543424916	4776753600
JavaScriptCore	independent_steady	arguments_calls	8	600	4	545814375	4776753600
JavaScriptCore	independent_steady	arguments_calls	8	600	5	547460500	4776753600
JavaScriptCore	independent_steady	arguments_calls	8	600	6	553794833	4776753600
zig-js	independent_steady	arguments_calls	8	600	0	138277250	4776753600
zig-js	independent_steady	arguments_calls	8	600	1	132355375	4776753600
zig-js	independent_steady	arguments_calls	8	600	2	141209875	4776753600
zig-js	independent_steady	arguments_calls	8	600	3	145745333	4776753600
zig-js	independent_steady	arguments_calls	8	600	4	136296792	4776753600
zig-js	independent_steady	arguments_calls	8	600	5	142235209	4776753600
zig-js	independent_steady	arguments_calls	8	600	6	158307708	4776753600
zig-js	independent_cold	arguments_calls	8	600	0	165271875	4776753600
zig-js	independent_cold	arguments_calls	8	600	1	138616250	4776753600
zig-js	independent_cold	arguments_calls	8	600	2	135918292	4776753600
zig-js	independent_cold	arguments_calls	8	600	3	139641750	4776753600
zig-js	independent_cold	arguments_calls	8	600	4	136653667	4776753600
zig-js	independent_cold	arguments_calls	8	600	5	134734458	4776753600
zig-js	independent_cold	arguments_calls	8	600	6	135811209	4776753600
JavaScriptCore	independent_cold	arguments_calls	8	600	0	565977958	4776753600
JavaScriptCore	independent_cold	arguments_calls	8	600	1	642004208	4776753600
JavaScriptCore	independent_cold	arguments_calls	8	600	2	622465500	4776753600
JavaScriptCore	independent_cold	arguments_calls	8	600	3	665016167	4776753600
JavaScriptCore	independent_cold	arguments_calls	8	600	4	628529666	4776753600
JavaScriptCore	independent_cold	arguments_calls	8	600	5	547264625	4776753600
JavaScriptCore	independent_cold	arguments_calls	8	600	6	562902250	4776753600
zig-js	shared	arguments_calls	8	600	0	133515209	4776753600
zig-js	shared	arguments_calls	8	600	1	134734042	4776753600
zig-js	shared	arguments_calls	8	600	2	138028417	4776753600
zig-js	shared	arguments_calls	8	600	3	135106167	4776753600
zig-js	shared	arguments_calls	8	600	4	132808458	4776753600
zig-js	shared	arguments_calls	8	600	5	140934667	4776753600
zig-js	shared	arguments_calls	8	600	6	142291084	4776753600
JavaScriptCore	single	fibonacci	1	125	0	499284583	24552125
JavaScriptCore	single	fibonacci	1	125	1	500404125	24552125
JavaScriptCore	single	fibonacci	1	125	2	501184041	24552125
JavaScriptCore	single	fibonacci	1	125	3	500678166	24552125
JavaScriptCore	single	fibonacci	1	125	4	499496084	24552125
JavaScriptCore	single	fibonacci	1	125	5	499475333	24552125
JavaScriptCore	single	fibonacci	1	125	6	501039666	24552125
zig-js	single	fibonacci	1	125	0	96058750	24552125
zig-js	single	fibonacci	1	125	1	93039375	24552125
zig-js	single	fibonacci	1	125	2	93566375	24552125
zig-js	single	fibonacci	1	125	3	94368500	24552125
zig-js	single	fibonacci	1	125	4	93658834	24552125
zig-js	single	fibonacci	1	125	5	94121292	24552125
zig-js	single	fibonacci	1	125	6	92566292	24552125
zig-js	independent_steady	fibonacci	1	125	0	95946333	24552125
zig-js	independent_steady	fibonacci	1	125	1	95822334	24552125
zig-js	independent_steady	fibonacci	1	125	2	97175209	24552125
zig-js	independent_steady	fibonacci	1	125	3	92828084	24552125
zig-js	independent_steady	fibonacci	1	125	4	94359750	24552125
zig-js	independent_steady	fibonacci	1	125	5	94012417	24552125
zig-js	independent_steady	fibonacci	1	125	6	93094500	24552125
JavaScriptCore	independent_steady	fibonacci	1	125	0	498345458	24552125
JavaScriptCore	independent_steady	fibonacci	1	125	1	500649750	24552125
JavaScriptCore	independent_steady	fibonacci	1	125	2	500833667	24552125
JavaScriptCore	independent_steady	fibonacci	1	125	3	500907083	24552125
JavaScriptCore	independent_steady	fibonacci	1	125	4	596509875	24552125
JavaScriptCore	independent_steady	fibonacci	1	125	5	551586167	24552125
JavaScriptCore	independent_steady	fibonacci	1	125	6	508618084	24552125
JavaScriptCore	independent_cold	fibonacci	1	125	0	511976666	24552125
JavaScriptCore	independent_cold	fibonacci	1	125	1	503041000	24552125
JavaScriptCore	independent_cold	fibonacci	1	125	2	527306333	24552125
JavaScriptCore	independent_cold	fibonacci	1	125	3	521956334	24552125
JavaScriptCore	independent_cold	fibonacci	1	125	4	506760458	24552125
JavaScriptCore	independent_cold	fibonacci	1	125	5	502947417	24552125
JavaScriptCore	independent_cold	fibonacci	1	125	6	503855625	24552125
zig-js	independent_cold	fibonacci	1	125	0	98409875	24552125
zig-js	independent_cold	fibonacci	1	125	1	99076584	24552125
zig-js	independent_cold	fibonacci	1	125	2	100625792	24552125
zig-js	independent_cold	fibonacci	1	125	3	98004583	24552125
zig-js	independent_cold	fibonacci	1	125	4	95936875	24552125
zig-js	independent_cold	fibonacci	1	125	5	98232625	24552125
zig-js	independent_cold	fibonacci	1	125	6	98256333	24552125
zig-js	shared	fibonacci	1	125	0	287266500	24552125
zig-js	shared	fibonacci	1	125	1	282979041	24552125
zig-js	shared	fibonacci	1	125	2	282185125	24552125
zig-js	shared	fibonacci	1	125	3	307736708	24552125
zig-js	shared	fibonacci	1	125	4	293725666	24552125
zig-js	shared	fibonacci	1	125	5	289290958	24552125
zig-js	shared	fibonacci	1	125	6	281247916	24552125
zig-js	independent_steady	fibonacci	2	125	0	97937250	49104251
zig-js	independent_steady	fibonacci	2	125	1	93743792	49104251
zig-js	independent_steady	fibonacci	2	125	2	95375875	49104251
zig-js	independent_steady	fibonacci	2	125	3	95183500	49104251
zig-js	independent_steady	fibonacci	2	125	4	94689500	49104251
zig-js	independent_steady	fibonacci	2	125	5	96723375	49104251
zig-js	independent_steady	fibonacci	2	125	6	95358916	49104251
JavaScriptCore	independent_steady	fibonacci	2	125	0	513554625	49104251
JavaScriptCore	independent_steady	fibonacci	2	125	1	506293750	49104251
JavaScriptCore	independent_steady	fibonacci	2	125	2	507614125	49104251
JavaScriptCore	independent_steady	fibonacci	2	125	3	507212166	49104251
JavaScriptCore	independent_steady	fibonacci	2	125	4	505947042	49104251
JavaScriptCore	independent_steady	fibonacci	2	125	5	505532583	49104251
JavaScriptCore	independent_steady	fibonacci	2	125	6	506964834	49104251
JavaScriptCore	independent_cold	fibonacci	2	125	0	511879459	49104251
JavaScriptCore	independent_cold	fibonacci	2	125	1	505937125	49104251
JavaScriptCore	independent_cold	fibonacci	2	125	2	506132459	49104251
JavaScriptCore	independent_cold	fibonacci	2	125	3	506706958	49104251
JavaScriptCore	independent_cold	fibonacci	2	125	4	506730958	49104251
JavaScriptCore	independent_cold	fibonacci	2	125	5	628945125	49104251
JavaScriptCore	independent_cold	fibonacci	2	125	6	551833625	49104251
zig-js	independent_cold	fibonacci	2	125	0	105546334	49104251
zig-js	independent_cold	fibonacci	2	125	1	99374458	49104251
zig-js	independent_cold	fibonacci	2	125	2	96493542	49104251
zig-js	independent_cold	fibonacci	2	125	3	98336625	49104251
zig-js	independent_cold	fibonacci	2	125	4	97914708	49104251
zig-js	independent_cold	fibonacci	2	125	5	97515792	49104251
zig-js	independent_cold	fibonacci	2	125	6	97489791	49104251
zig-js	shared	fibonacci	2	125	0	286961959	49104251
zig-js	shared	fibonacci	2	125	1	286826375	49104251
zig-js	shared	fibonacci	2	125	2	286151833	49104251
zig-js	shared	fibonacci	2	125	3	295486667	49104251
zig-js	shared	fibonacci	2	125	4	286755125	49104251
zig-js	shared	fibonacci	2	125	5	288689792	49104251
zig-js	shared	fibonacci	2	125	6	286080375	49104251
zig-js	independent_steady	fibonacci	4	125	0	104107000	98208506
zig-js	independent_steady	fibonacci	4	125	1	99354208	98208506
zig-js	independent_steady	fibonacci	4	125	2	101239292	98208506
zig-js	independent_steady	fibonacci	4	125	3	102120750	98208506
zig-js	independent_steady	fibonacci	4	125	4	100019750	98208506
zig-js	independent_steady	fibonacci	4	125	5	100926958	98208506
zig-js	independent_steady	fibonacci	4	125	6	100393541	98208506
JavaScriptCore	independent_steady	fibonacci	4	125	0	551073291	98208506
JavaScriptCore	independent_steady	fibonacci	4	125	1	520852208	98208506
JavaScriptCore	independent_steady	fibonacci	4	125	2	535981667	98208506
JavaScriptCore	independent_steady	fibonacci	4	125	3	583042084	98208506
JavaScriptCore	independent_steady	fibonacci	4	125	4	658622375	98208506
JavaScriptCore	independent_steady	fibonacci	4	125	5	591670625	98208506
JavaScriptCore	independent_steady	fibonacci	4	125	6	531889542	98208506
JavaScriptCore	independent_cold	fibonacci	4	125	0	561986291	98208506
JavaScriptCore	independent_cold	fibonacci	4	125	1	525567791	98208506
JavaScriptCore	independent_cold	fibonacci	4	125	2	543506500	98208506
JavaScriptCore	independent_cold	fibonacci	4	125	3	525273666	98208506
JavaScriptCore	independent_cold	fibonacci	4	125	4	526018000	98208506
JavaScriptCore	independent_cold	fibonacci	4	125	5	523329875	98208506
JavaScriptCore	independent_cold	fibonacci	4	125	6	525539083	98208506
zig-js	independent_cold	fibonacci	4	125	0	125209500	98208506
zig-js	independent_cold	fibonacci	4	125	1	127483875	98208506
zig-js	independent_cold	fibonacci	4	125	2	127148709	98208506
zig-js	independent_cold	fibonacci	4	125	3	104474458	98208506
zig-js	independent_cold	fibonacci	4	125	4	104091583	98208506
zig-js	independent_cold	fibonacci	4	125	5	101143084	98208506
zig-js	independent_cold	fibonacci	4	125	6	101933083	98208506
zig-js	shared	fibonacci	4	125	0	320365417	98208506
zig-js	shared	fibonacci	4	125	1	295579250	98208506
zig-js	shared	fibonacci	4	125	2	297040167	98208506
zig-js	shared	fibonacci	4	125	3	296281625	98208506
zig-js	shared	fibonacci	4	125	4	295965541	98208506
zig-js	shared	fibonacci	4	125	5	297968500	98208506
zig-js	shared	fibonacci	4	125	6	295964125	98208506
zig-js	independent_steady	fibonacci	8	125	0	148205750	196417028
zig-js	independent_steady	fibonacci	8	125	1	141430709	196417028
zig-js	independent_steady	fibonacci	8	125	2	143730834	196417028
zig-js	independent_steady	fibonacci	8	125	3	146539083	196417028
zig-js	independent_steady	fibonacci	8	125	4	139653208	196417028
zig-js	independent_steady	fibonacci	8	125	5	145234542	196417028
zig-js	independent_steady	fibonacci	8	125	6	147746083	196417028
JavaScriptCore	independent_steady	fibonacci	8	125	0	739889375	196417028
JavaScriptCore	independent_steady	fibonacci	8	125	1	744936083	196417028
JavaScriptCore	independent_steady	fibonacci	8	125	2	743199958	196417028
JavaScriptCore	independent_steady	fibonacci	8	125	3	735103709	196417028
JavaScriptCore	independent_steady	fibonacci	8	125	4	730061042	196417028
JavaScriptCore	independent_steady	fibonacci	8	125	5	979163166	196417028
JavaScriptCore	independent_steady	fibonacci	8	125	6	815342625	196417028
JavaScriptCore	independent_cold	fibonacci	8	125	0	763546625	196417028
JavaScriptCore	independent_cold	fibonacci	8	125	1	765473041	196417028
JavaScriptCore	independent_cold	fibonacci	8	125	2	806696417	196417028
JavaScriptCore	independent_cold	fibonacci	8	125	3	799286583	196417028
JavaScriptCore	independent_cold	fibonacci	8	125	4	786981209	196417028
JavaScriptCore	independent_cold	fibonacci	8	125	5	803833334	196417028
JavaScriptCore	independent_cold	fibonacci	8	125	6	786427625	196417028
zig-js	independent_cold	fibonacci	8	125	0	181948166	196417028
zig-js	independent_cold	fibonacci	8	125	1	178157667	196417028
zig-js	independent_cold	fibonacci	8	125	2	160551917	196417028
zig-js	independent_cold	fibonacci	8	125	3	177522375	196417028
zig-js	independent_cold	fibonacci	8	125	4	162994583	196417028
zig-js	independent_cold	fibonacci	8	125	5	160526250	196417028
zig-js	independent_cold	fibonacci	8	125	6	175738792	196417028
zig-js	shared	fibonacci	8	125	0	428013791	196417028
zig-js	shared	fibonacci	8	125	1	437221666	196417028
zig-js	shared	fibonacci	8	125	2	456471792	196417028
zig-js	shared	fibonacci	8	125	3	431432583	196417028
zig-js	shared	fibonacci	8	125	4	455407292	196417028
zig-js	shared	fibonacci	8	125	5	445879208	196417028
zig-js	shared	fibonacci	8	125	6	446525583	196417028
