engine	mode	workload	lanes	jobs	sample	elapsed_ns	checksum
zig-js	single	arithmetic	1	240	0	88070166	224429640
zig-js	single	arithmetic	1	240	1	88527959	224429640
zig-js	single	arithmetic	1	240	2	87859458	224429640
zig-js	single	arithmetic	1	240	3	87436916	224429640
zig-js	single	arithmetic	1	240	4	87692292	224429640
zig-js	single	arithmetic	1	240	5	87719250	224429640
zig-js	single	arithmetic	1	240	6	87386834	224429640
JavaScriptCore	single	arithmetic	1	240	0	363874667	224429640
JavaScriptCore	single	arithmetic	1	240	1	368212667	224429640
JavaScriptCore	single	arithmetic	1	240	2	368387083	224429640
JavaScriptCore	single	arithmetic	1	240	3	368828542	224429640
JavaScriptCore	single	arithmetic	1	240	4	366066000	224429640
JavaScriptCore	single	arithmetic	1	240	5	368198958	224429640
JavaScriptCore	single	arithmetic	1	240	6	368930208	224429640
JavaScriptCore	independent_steady	arithmetic	1	240	0	361729042	224429640
JavaScriptCore	independent_steady	arithmetic	1	240	1	369203583	224429640
JavaScriptCore	independent_steady	arithmetic	1	240	2	370234542	224429640
JavaScriptCore	independent_steady	arithmetic	1	240	3	368201209	224429640
JavaScriptCore	independent_steady	arithmetic	1	240	4	365173541	224429640
JavaScriptCore	independent_steady	arithmetic	1	240	5	368635208	224429640
JavaScriptCore	independent_steady	arithmetic	1	240	6	367673250	224429640
zig-js	independent_steady	arithmetic	1	240	0	146732208	224429640
zig-js	independent_steady	arithmetic	1	240	1	95646333	224429640
zig-js	independent_steady	arithmetic	1	240	2	87899708	224429640
zig-js	independent_steady	arithmetic	1	240	3	88034500	224429640
zig-js	independent_steady	arithmetic	1	240	4	87449917	224429640
zig-js	independent_steady	arithmetic	1	240	5	87869500	224429640
zig-js	independent_steady	arithmetic	1	240	6	88095083	224429640
zig-js	independent_cold	arithmetic	1	240	0	91282458	224429640
zig-js	independent_cold	arithmetic	1	240	1	90272416	224429640
zig-js	independent_cold	arithmetic	1	240	2	89959333	224429640
zig-js	independent_cold	arithmetic	1	240	3	90544958	224429640
zig-js	independent_cold	arithmetic	1	240	4	89720167	224429640
zig-js	independent_cold	arithmetic	1	240	5	88925625	224429640
zig-js	independent_cold	arithmetic	1	240	6	91591250	224429640
JavaScriptCore	independent_cold	arithmetic	1	240	0	373059834	224429640
JavaScriptCore	independent_cold	arithmetic	1	240	1	368519834	224429640
JavaScriptCore	independent_cold	arithmetic	1	240	2	372917292	224429640
JavaScriptCore	independent_cold	arithmetic	1	240	3	385594708	224429640
JavaScriptCore	independent_cold	arithmetic	1	240	4	379651250	224429640
JavaScriptCore	independent_cold	arithmetic	1	240	5	377394458	224429640
JavaScriptCore	independent_cold	arithmetic	1	240	6	372986959	224429640
zig-js	shared	arithmetic	1	240	0	87518958	224429640
zig-js	shared	arithmetic	1	240	1	86582959	224429640
zig-js	shared	arithmetic	1	240	2	90317375	224429640
zig-js	shared	arithmetic	1	240	3	87526667	224429640
zig-js	shared	arithmetic	1	240	4	87509166	224429640
zig-js	shared	arithmetic	1	240	5	86860458	224429640
zig-js	shared	arithmetic	1	240	6	86488209	224429640
JavaScriptCore	independent_steady	arithmetic	2	240	0	379469125	232858800
JavaScriptCore	independent_steady	arithmetic	2	240	1	376088625	232858800
JavaScriptCore	independent_steady	arithmetic	2	240	2	377577541	232858800
JavaScriptCore	independent_steady	arithmetic	2	240	3	378723875	232858800
JavaScriptCore	independent_steady	arithmetic	2	240	4	380382375	232858800
JavaScriptCore	independent_steady	arithmetic	2	240	5	379846625	232858800
JavaScriptCore	independent_steady	arithmetic	2	240	6	376464333	232858800
zig-js	independent_steady	arithmetic	2	240	0	91097708	232858800
zig-js	independent_steady	arithmetic	2	240	1	90445541	232858800
zig-js	independent_steady	arithmetic	2	240	2	88524958	232858800
zig-js	independent_steady	arithmetic	2	240	3	89214834	232858800
zig-js	independent_steady	arithmetic	2	240	4	90436416	232858800
zig-js	independent_steady	arithmetic	2	240	5	92072792	232858800
zig-js	independent_steady	arithmetic	2	240	6	90132708	232858800
zig-js	independent_cold	arithmetic	2	240	0	94047166	232858800
zig-js	independent_cold	arithmetic	2	240	1	91469583	232858800
zig-js	independent_cold	arithmetic	2	240	2	91918250	232858800
zig-js	independent_cold	arithmetic	2	240	3	92769458	232858800
zig-js	independent_cold	arithmetic	2	240	4	95535500	232858800
zig-js	independent_cold	arithmetic	2	240	5	91869125	232858800
zig-js	independent_cold	arithmetic	2	240	6	92068500	232858800
JavaScriptCore	independent_cold	arithmetic	2	240	0	384486125	232858800
JavaScriptCore	independent_cold	arithmetic	2	240	1	377345416	232858800
JavaScriptCore	independent_cold	arithmetic	2	240	2	383980208	232858800
JavaScriptCore	independent_cold	arithmetic	2	240	3	381376125	232858800
JavaScriptCore	independent_cold	arithmetic	2	240	4	378626958	232858800
JavaScriptCore	independent_cold	arithmetic	2	240	5	383652334	232858800
JavaScriptCore	independent_cold	arithmetic	2	240	6	380307416	232858800
zig-js	shared	arithmetic	2	240	0	88729000	232858800
zig-js	shared	arithmetic	2	240	1	93277541	232858800
zig-js	shared	arithmetic	2	240	2	89157708	232858800
zig-js	shared	arithmetic	2	240	3	89275958	232858800
zig-js	shared	arithmetic	2	240	4	88705583	232858800
zig-js	shared	arithmetic	2	240	5	90200958	232858800
zig-js	shared	arithmetic	2	240	6	90234041	232858800
JavaScriptCore	independent_steady	arithmetic	4	240	0	521345833	321717840
JavaScriptCore	independent_steady	arithmetic	4	240	1	412955333	321717840
JavaScriptCore	independent_steady	arithmetic	4	240	2	404452667	321717840
JavaScriptCore	independent_steady	arithmetic	4	240	3	401316834	321717840
JavaScriptCore	independent_steady	arithmetic	4	240	4	409936458	321717840
JavaScriptCore	independent_steady	arithmetic	4	240	5	409935416	321717840
JavaScriptCore	independent_steady	arithmetic	4	240	6	408075250	321717840
zig-js	independent_steady	arithmetic	4	240	0	91953625	321717840
zig-js	independent_steady	arithmetic	4	240	1	90371291	321717840
zig-js	independent_steady	arithmetic	4	240	2	89982708	321717840
zig-js	independent_steady	arithmetic	4	240	3	93731250	321717840
zig-js	independent_steady	arithmetic	4	240	4	95934375	321717840
zig-js	independent_steady	arithmetic	4	240	5	90555166	321717840
zig-js	independent_steady	arithmetic	4	240	6	91362375	321717840
zig-js	independent_cold	arithmetic	4	240	0	98241708	321717840
zig-js	independent_cold	arithmetic	4	240	1	94192792	321717840
zig-js	independent_cold	arithmetic	4	240	2	95499709	321717840
zig-js	independent_cold	arithmetic	4	240	3	98547709	321717840
zig-js	independent_cold	arithmetic	4	240	4	97924250	321717840
zig-js	independent_cold	arithmetic	4	240	5	94152333	321717840
zig-js	independent_cold	arithmetic	4	240	6	93838750	321717840
JavaScriptCore	independent_cold	arithmetic	4	240	0	414999542	321717840
JavaScriptCore	independent_cold	arithmetic	4	240	1	410802291	321717840
JavaScriptCore	independent_cold	arithmetic	4	240	2	407267333	321717840
JavaScriptCore	independent_cold	arithmetic	4	240	3	395812834	321717840
JavaScriptCore	independent_cold	arithmetic	4	240	4	392742292	321717840
JavaScriptCore	independent_cold	arithmetic	4	240	5	408791500	321717840
JavaScriptCore	independent_cold	arithmetic	4	240	6	392726375	321717840
zig-js	shared	arithmetic	4	240	0	90347834	321717840
zig-js	shared	arithmetic	4	240	1	90845083	321717840
zig-js	shared	arithmetic	4	240	2	89758500	321717840
zig-js	shared	arithmetic	4	240	3	90688166	321717840
zig-js	shared	arithmetic	4	240	4	93098041	321717840
zig-js	shared	arithmetic	4	240	5	93315875	321717840
zig-js	shared	arithmetic	4	240	6	90391916	321717840
JavaScriptCore	independent_steady	arithmetic	8	240	0	592451666	787438800
JavaScriptCore	independent_steady	arithmetic	8	240	1	583094916	787438800
JavaScriptCore	independent_steady	arithmetic	8	240	2	579781208	787438800
JavaScriptCore	independent_steady	arithmetic	8	240	3	592872375	787438800
JavaScriptCore	independent_steady	arithmetic	8	240	4	597688875	787438800
JavaScriptCore	independent_steady	arithmetic	8	240	5	607901792	787438800
JavaScriptCore	independent_steady	arithmetic	8	240	6	643176583	787438800
zig-js	independent_steady	arithmetic	8	240	0	117876625	787438800
zig-js	independent_steady	arithmetic	8	240	1	118412250	787438800
zig-js	independent_steady	arithmetic	8	240	2	116929292	787438800
zig-js	independent_steady	arithmetic	8	240	3	109711584	787438800
zig-js	independent_steady	arithmetic	8	240	4	107497792	787438800
zig-js	independent_steady	arithmetic	8	240	5	111539375	787438800
zig-js	independent_steady	arithmetic	8	240	6	116746625	787438800
zig-js	independent_cold	arithmetic	8	240	0	121000375	787438800
zig-js	independent_cold	arithmetic	8	240	1	116806666	787438800
zig-js	independent_cold	arithmetic	8	240	2	111305375	787438800
zig-js	independent_cold	arithmetic	8	240	3	110371917	787438800
zig-js	independent_cold	arithmetic	8	240	4	112973791	787438800
zig-js	independent_cold	arithmetic	8	240	5	125924125	787438800
zig-js	independent_cold	arithmetic	8	240	6	111819708	787438800
JavaScriptCore	independent_cold	arithmetic	8	240	0	584110584	787438800
JavaScriptCore	independent_cold	arithmetic	8	240	1	580702708	787438800
JavaScriptCore	independent_cold	arithmetic	8	240	2	637846083	787438800
JavaScriptCore	independent_cold	arithmetic	8	240	3	604337416	787438800
JavaScriptCore	independent_cold	arithmetic	8	240	4	603436042	787438800
JavaScriptCore	independent_cold	arithmetic	8	240	5	681146583	787438800
JavaScriptCore	independent_cold	arithmetic	8	240	6	702055958	787438800
zig-js	shared	arithmetic	8	240	0	126497667	787438800
zig-js	shared	arithmetic	8	240	1	127036792	787438800
zig-js	shared	arithmetic	8	240	2	131112500	787438800
zig-js	shared	arithmetic	8	240	3	125916333	787438800
zig-js	shared	arithmetic	8	240	4	124346625	787438800
zig-js	shared	arithmetic	8	240	5	152029375	787438800
zig-js	shared	arithmetic	8	240	6	120902042	787438800
JavaScriptCore	single	properties	1	300	0	345127750	453042750
JavaScriptCore	single	properties	1	300	1	340257334	453042750
JavaScriptCore	single	properties	1	300	2	347741834	453042750
JavaScriptCore	single	properties	1	300	3	316514334	453042750
JavaScriptCore	single	properties	1	300	4	321821375	453042750
JavaScriptCore	single	properties	1	300	5	319590750	453042750
JavaScriptCore	single	properties	1	300	6	315485167	453042750
zig-js	single	properties	1	300	0	112679708	453042750
zig-js	single	properties	1	300	1	117201250	453042750
zig-js	single	properties	1	300	2	113513167	453042750
zig-js	single	properties	1	300	3	110375625	453042750
zig-js	single	properties	1	300	4	111988167	453042750
zig-js	single	properties	1	300	5	112043625	453042750
zig-js	single	properties	1	300	6	111364125	453042750
zig-js	independent_steady	properties	1	300	0	113441083	453042750
zig-js	independent_steady	properties	1	300	1	112958166	453042750
zig-js	independent_steady	properties	1	300	2	113586750	453042750
zig-js	independent_steady	properties	1	300	3	113057792	453042750
zig-js	independent_steady	properties	1	300	4	113246500	453042750
zig-js	independent_steady	properties	1	300	5	113207625	453042750
zig-js	independent_steady	properties	1	300	6	112497458	453042750
JavaScriptCore	independent_steady	properties	1	300	0	320110791	453042750
JavaScriptCore	independent_steady	properties	1	300	1	341637291	453042750
JavaScriptCore	independent_steady	properties	1	300	2	329129083	453042750
JavaScriptCore	independent_steady	properties	1	300	3	338288625	453042750
JavaScriptCore	independent_steady	properties	1	300	4	320046416	453042750
JavaScriptCore	independent_steady	properties	1	300	5	315953917	453042750
JavaScriptCore	independent_steady	properties	1	300	6	319522291	453042750
JavaScriptCore	independent_cold	properties	1	300	0	328576750	453042750
JavaScriptCore	independent_cold	properties	1	300	1	316040209	453042750
JavaScriptCore	independent_cold	properties	1	300	2	316841917	453042750
JavaScriptCore	independent_cold	properties	1	300	3	317014959	453042750
JavaScriptCore	independent_cold	properties	1	300	4	316963083	453042750
JavaScriptCore	independent_cold	properties	1	300	5	317163166	453042750
JavaScriptCore	independent_cold	properties	1	300	6	316376792	453042750
zig-js	independent_cold	properties	1	300	0	114190750	453042750
zig-js	independent_cold	properties	1	300	1	112524917	453042750
zig-js	independent_cold	properties	1	300	2	112905208	453042750
zig-js	independent_cold	properties	1	300	3	112415959	453042750
zig-js	independent_cold	properties	1	300	4	112588792	453042750
zig-js	independent_cold	properties	1	300	5	113887833	453042750
zig-js	independent_cold	properties	1	300	6	113462791	453042750
zig-js	shared	properties	1	300	0	166684500	453042750
zig-js	shared	properties	1	300	1	162153834	453042750
zig-js	shared	properties	1	300	2	163953375	453042750
zig-js	shared	properties	1	300	3	163084542	453042750
zig-js	shared	properties	1	300	4	162802250	453042750
zig-js	shared	properties	1	300	5	162987333	453042750
zig-js	shared	properties	1	300	6	164211584	453042750
zig-js	independent_steady	properties	2	300	0	113626417	906086400
zig-js	independent_steady	properties	2	300	1	113982792	906086400
zig-js	independent_steady	properties	2	300	2	113902000	906086400
zig-js	independent_steady	properties	2	300	3	113805459	906086400
zig-js	independent_steady	properties	2	300	4	114751792	906086400
zig-js	independent_steady	properties	2	300	5	112871500	906086400
zig-js	independent_steady	properties	2	300	6	113679750	906086400
JavaScriptCore	independent_steady	properties	2	300	0	321912375	906086400
JavaScriptCore	independent_steady	properties	2	300	1	323791125	906086400
JavaScriptCore	independent_steady	properties	2	300	2	320929000	906086400
JavaScriptCore	independent_steady	properties	2	300	3	349091709	906086400
JavaScriptCore	independent_steady	properties	2	300	4	351984083	906086400
JavaScriptCore	independent_steady	properties	2	300	5	325900209	906086400
JavaScriptCore	independent_steady	properties	2	300	6	323351833	906086400
JavaScriptCore	independent_cold	properties	2	300	0	340197167	906086400
JavaScriptCore	independent_cold	properties	2	300	1	321653250	906086400
JavaScriptCore	independent_cold	properties	2	300	2	322639000	906086400
JavaScriptCore	independent_cold	properties	2	300	3	325757542	906086400
JavaScriptCore	independent_cold	properties	2	300	4	325447417	906086400
JavaScriptCore	independent_cold	properties	2	300	5	324325000	906086400
JavaScriptCore	independent_cold	properties	2	300	6	321348709	906086400
zig-js	independent_cold	properties	2	300	0	115316625	906086400
zig-js	independent_cold	properties	2	300	1	114848292	906086400
zig-js	independent_cold	properties	2	300	2	113795875	906086400
zig-js	independent_cold	properties	2	300	3	114360500	906086400
zig-js	independent_cold	properties	2	300	4	114535458	906086400
zig-js	independent_cold	properties	2	300	5	114275917	906086400
zig-js	independent_cold	properties	2	300	6	114223500	906086400
zig-js	shared	properties	2	300	0	180299208	906086400
zig-js	shared	properties	2	300	1	174027500	906086400
zig-js	shared	properties	2	300	2	172448500	906086400
zig-js	shared	properties	2	300	3	171558125	906086400
zig-js	shared	properties	2	300	4	251986166	906086400
zig-js	shared	properties	2	300	5	261393416	906086400
zig-js	shared	properties	2	300	6	174079375	906086400
zig-js	independent_steady	properties	4	300	0	198488416	1812176400
zig-js	independent_steady	properties	4	300	1	192623917	1812176400
zig-js	independent_steady	properties	4	300	2	131037041	1812176400
zig-js	independent_steady	properties	4	300	3	137267417	1812176400
zig-js	independent_steady	properties	4	300	4	126585458	1812176400
zig-js	independent_steady	properties	4	300	5	123362375	1812176400
zig-js	independent_steady	properties	4	300	6	116155084	1812176400
JavaScriptCore	independent_steady	properties	4	300	0	362633458	1812176400
JavaScriptCore	independent_steady	properties	4	300	1	360767791	1812176400
JavaScriptCore	independent_steady	properties	4	300	2	369809625	1812176400
JavaScriptCore	independent_steady	properties	4	300	3	355522875	1812176400
JavaScriptCore	independent_steady	properties	4	300	4	354308125	1812176400
JavaScriptCore	independent_steady	properties	4	300	5	376953417	1812176400
JavaScriptCore	independent_steady	properties	4	300	6	393437834	1812176400
JavaScriptCore	independent_cold	properties	4	300	0	363648292	1812176400
JavaScriptCore	independent_cold	properties	4	300	1	359226125	1812176400
JavaScriptCore	independent_cold	properties	4	300	2	379883958	1812176400
JavaScriptCore	independent_cold	properties	4	300	3	410414000	1812176400
JavaScriptCore	independent_cold	properties	4	300	4	431599500	1812176400
JavaScriptCore	independent_cold	properties	4	300	5	409980666	1812176400
JavaScriptCore	independent_cold	properties	4	300	6	407348166	1812176400
zig-js	independent_cold	properties	4	300	0	134472708	1812176400
zig-js	independent_cold	properties	4	300	1	124195666	1812176400
zig-js	independent_cold	properties	4	300	2	117520292	1812176400
zig-js	independent_cold	properties	4	300	3	118334417	1812176400
zig-js	independent_cold	properties	4	300	4	117700792	1812176400
zig-js	independent_cold	properties	4	300	5	117769000	1812176400
zig-js	independent_cold	properties	4	300	6	117712167	1812176400
zig-js	shared	properties	4	300	0	169028500	1812176400
zig-js	shared	properties	4	300	1	168288416	1812176400
zig-js	shared	properties	4	300	2	168885542	1812176400
zig-js	shared	properties	4	300	3	168458375	1812176400
zig-js	shared	properties	4	300	4	172222917	1812176400
zig-js	shared	properties	4	300	5	172894958	1812176400
zig-js	shared	properties	4	300	6	169053625	1812176400
zig-js	independent_steady	properties	8	300	0	149728500	3624367200
zig-js	independent_steady	properties	8	300	1	149685042	3624367200
zig-js	independent_steady	properties	8	300	2	154428542	3624367200
zig-js	independent_steady	properties	8	300	3	153935209	3624367200
zig-js	independent_steady	properties	8	300	4	147596791	3624367200
zig-js	independent_steady	properties	8	300	5	194739750	3624367200
zig-js	independent_steady	properties	8	300	6	149602250	3624367200
JavaScriptCore	independent_steady	properties	8	300	0	510549375	3624367200
JavaScriptCore	independent_steady	properties	8	300	1	516301958	3624367200
JavaScriptCore	independent_steady	properties	8	300	2	519709750	3624367200
JavaScriptCore	independent_steady	properties	8	300	3	514305250	3624367200
JavaScriptCore	independent_steady	properties	8	300	4	510664167	3624367200
JavaScriptCore	independent_steady	properties	8	300	5	512981750	3624367200
JavaScriptCore	independent_steady	properties	8	300	6	508792125	3624367200
JavaScriptCore	independent_cold	properties	8	300	0	524027416	3624367200
JavaScriptCore	independent_cold	properties	8	300	1	598543500	3624367200
JavaScriptCore	independent_cold	properties	8	300	2	532640958	3624367200
JavaScriptCore	independent_cold	properties	8	300	3	513680334	3624367200
JavaScriptCore	independent_cold	properties	8	300	4	513764167	3624367200
JavaScriptCore	independent_cold	properties	8	300	5	516452750	3624367200
JavaScriptCore	independent_cold	properties	8	300	6	520004833	3624367200
zig-js	independent_cold	properties	8	300	0	151531250	3624367200
zig-js	independent_cold	properties	8	300	1	146642708	3624367200
zig-js	independent_cold	properties	8	300	2	166951833	3624367200
zig-js	independent_cold	properties	8	300	3	148356791	3624367200
zig-js	independent_cold	properties	8	300	4	147184416	3624367200
zig-js	independent_cold	properties	8	300	5	160274834	3624367200
zig-js	independent_cold	properties	8	300	6	157157500	3624367200
zig-js	shared	properties	8	300	0	217577875	3624367200
zig-js	shared	properties	8	300	1	224241542	3624367200
zig-js	shared	properties	8	300	2	217408625	3624367200
zig-js	shared	properties	8	300	3	220758875	3624367200
zig-js	shared	properties	8	300	4	226652250	3624367200
zig-js	shared	properties	8	300	5	277613167	3624367200
zig-js	shared	properties	8	300	6	243686542	3624367200
zig-js	single	polymorphic_properties	1	400	0	100062583	2841281327
zig-js	single	polymorphic_properties	1	400	1	101344208	2841281327
zig-js	single	polymorphic_properties	1	400	2	101278375	2841281327
zig-js	single	polymorphic_properties	1	400	3	100130000	2841281327
zig-js	single	polymorphic_properties	1	400	4	101725000	2841281327
zig-js	single	polymorphic_properties	1	400	5	100985125	2841281327
zig-js	single	polymorphic_properties	1	400	6	104520084	2841281327
JavaScriptCore	single	polymorphic_properties	1	400	0	218540167	2841281327
JavaScriptCore	single	polymorphic_properties	1	400	1	215895375	2841281327
JavaScriptCore	single	polymorphic_properties	1	400	2	214952125	2841281327
JavaScriptCore	single	polymorphic_properties	1	400	3	215690666	2841281327
JavaScriptCore	single	polymorphic_properties	1	400	4	224233875	2841281327
JavaScriptCore	single	polymorphic_properties	1	400	5	225812917	2841281327
JavaScriptCore	single	polymorphic_properties	1	400	6	222120458	2841281327
JavaScriptCore	independent_steady	polymorphic_properties	1	400	0	217370583	2841281327
JavaScriptCore	independent_steady	polymorphic_properties	1	400	1	220150541	2841281327
JavaScriptCore	independent_steady	polymorphic_properties	1	400	2	221745792	2841281327
JavaScriptCore	independent_steady	polymorphic_properties	1	400	3	216136875	2841281327
JavaScriptCore	independent_steady	polymorphic_properties	1	400	4	218115542	2841281327
JavaScriptCore	independent_steady	polymorphic_properties	1	400	5	217623459	2841281327
JavaScriptCore	independent_steady	polymorphic_properties	1	400	6	215668708	2841281327
zig-js	independent_steady	polymorphic_properties	1	400	0	101121625	2841281327
zig-js	independent_steady	polymorphic_properties	1	400	1	99729417	2841281327
zig-js	independent_steady	polymorphic_properties	1	400	2	101373500	2841281327
zig-js	independent_steady	polymorphic_properties	1	400	3	100905458	2841281327
zig-js	independent_steady	polymorphic_properties	1	400	4	100818083	2841281327
zig-js	independent_steady	polymorphic_properties	1	400	5	101358875	2841281327
zig-js	independent_steady	polymorphic_properties	1	400	6	101489917	2841281327
zig-js	independent_cold	polymorphic_properties	1	400	0	105009666	2841281327
zig-js	independent_cold	polymorphic_properties	1	400	1	103722584	2841281327
zig-js	independent_cold	polymorphic_properties	1	400	2	103560875	2841281327
zig-js	independent_cold	polymorphic_properties	1	400	3	102874000	2841281327
zig-js	independent_cold	polymorphic_properties	1	400	4	103480708	2841281327
zig-js	independent_cold	polymorphic_properties	1	400	5	103350083	2841281327
zig-js	independent_cold	polymorphic_properties	1	400	6	104141375	2841281327
JavaScriptCore	independent_cold	polymorphic_properties	1	400	0	220915333	2841281327
JavaScriptCore	independent_cold	polymorphic_properties	1	400	1	222675292	2841281327
JavaScriptCore	independent_cold	polymorphic_properties	1	400	2	220748750	2841281327
JavaScriptCore	independent_cold	polymorphic_properties	1	400	3	218281292	2841281327
JavaScriptCore	independent_cold	polymorphic_properties	1	400	4	217830292	2841281327
JavaScriptCore	independent_cold	polymorphic_properties	1	400	5	216194375	2841281327
JavaScriptCore	independent_cold	polymorphic_properties	1	400	6	216268083	2841281327
zig-js	shared	polymorphic_properties	1	400	0	763640875	2841281327
zig-js	shared	polymorphic_properties	1	400	1	764214459	2841281327
zig-js	shared	polymorphic_properties	1	400	2	762228583	2841281327
zig-js	shared	polymorphic_properties	1	400	3	764454542	2841281327
zig-js	shared	polymorphic_properties	1	400	4	765151125	2841281327
zig-js	shared	polymorphic_properties	1	400	5	767981666	2841281327
zig-js	shared	polymorphic_properties	1	400	6	857334834	2841281327
JavaScriptCore	independent_steady	polymorphic_properties	2	400	0	221674916	5686541534
JavaScriptCore	independent_steady	polymorphic_properties	2	400	1	220499917	5686541534
JavaScriptCore	independent_steady	polymorphic_properties	2	400	2	219790083	5686541534
JavaScriptCore	independent_steady	polymorphic_properties	2	400	3	220949042	5686541534
JavaScriptCore	independent_steady	polymorphic_properties	2	400	4	224156708	5686541534
JavaScriptCore	independent_steady	polymorphic_properties	2	400	5	232484375	5686541534
JavaScriptCore	independent_steady	polymorphic_properties	2	400	6	232540958	5686541534
zig-js	independent_steady	polymorphic_properties	2	400	0	106010208	5686541534
zig-js	independent_steady	polymorphic_properties	2	400	1	105981333	5686541534
zig-js	independent_steady	polymorphic_properties	2	400	2	103676917	5686541534
zig-js	independent_steady	polymorphic_properties	2	400	3	119047709	5686541534
zig-js	independent_steady	polymorphic_properties	2	400	4	104655917	5686541534
zig-js	independent_steady	polymorphic_properties	2	400	5	102076041	5686541534
zig-js	independent_steady	polymorphic_properties	2	400	6	101567208	5686541534
zig-js	independent_cold	polymorphic_properties	2	400	0	105838167	5686541534
zig-js	independent_cold	polymorphic_properties	2	400	1	104516458	5686541534
zig-js	independent_cold	polymorphic_properties	2	400	2	105255667	5686541534
zig-js	independent_cold	polymorphic_properties	2	400	3	103872625	5686541534
zig-js	independent_cold	polymorphic_properties	2	400	4	104611041	5686541534
zig-js	independent_cold	polymorphic_properties	2	400	5	103926750	5686541534
zig-js	independent_cold	polymorphic_properties	2	400	6	105846708	5686541534
JavaScriptCore	independent_cold	polymorphic_properties	2	400	0	225701375	5686541534
JavaScriptCore	independent_cold	polymorphic_properties	2	400	1	220325000	5686541534
JavaScriptCore	independent_cold	polymorphic_properties	2	400	2	220900167	5686541534
JavaScriptCore	independent_cold	polymorphic_properties	2	400	3	220571833	5686541534
JavaScriptCore	independent_cold	polymorphic_properties	2	400	4	223007667	5686541534
JavaScriptCore	independent_cold	polymorphic_properties	2	400	5	221513291	5686541534
JavaScriptCore	independent_cold	polymorphic_properties	2	400	6	220673542	5686541534
zig-js	shared	polymorphic_properties	2	400	0	775059583	5686541534
zig-js	shared	polymorphic_properties	2	400	1	798222666	5686541534
zig-js	shared	polymorphic_properties	2	400	2	771431375	5686541534
zig-js	shared	polymorphic_properties	2	400	3	791878875	5686541534
zig-js	shared	polymorphic_properties	2	400	4	771470041	5686541534
zig-js	shared	polymorphic_properties	2	400	5	801879000	5686541534
zig-js	shared	polymorphic_properties	2	400	6	777681042	5686541534
JavaScriptCore	independent_steady	polymorphic_properties	4	400	0	243118250	11389518244
JavaScriptCore	independent_steady	polymorphic_properties	4	400	1	243740250	11389518244
JavaScriptCore	independent_steady	polymorphic_properties	4	400	2	242905958	11389518244
JavaScriptCore	independent_steady	polymorphic_properties	4	400	3	242084500	11389518244
JavaScriptCore	independent_steady	polymorphic_properties	4	400	4	239331667	11389518244
JavaScriptCore	independent_steady	polymorphic_properties	4	400	5	260780042	11389518244
JavaScriptCore	independent_steady	polymorphic_properties	4	400	6	271956583	11389518244
zig-js	independent_steady	polymorphic_properties	4	400	0	106261917	11389518244
zig-js	independent_steady	polymorphic_properties	4	400	1	104875791	11389518244
zig-js	independent_steady	polymorphic_properties	4	400	2	106218542	11389518244
zig-js	independent_steady	polymorphic_properties	4	400	3	105951000	11389518244
zig-js	independent_steady	polymorphic_properties	4	400	4	105162500	11389518244
zig-js	independent_steady	polymorphic_properties	4	400	5	109337750	11389518244
zig-js	independent_steady	polymorphic_properties	4	400	6	107000625	11389518244
zig-js	independent_cold	polymorphic_properties	4	400	0	112642208	11389518244
zig-js	independent_cold	polymorphic_properties	4	400	1	108040125	11389518244
zig-js	independent_cold	polymorphic_properties	4	400	2	113153250	11389518244
zig-js	independent_cold	polymorphic_properties	4	400	3	112805625	11389518244
zig-js	independent_cold	polymorphic_properties	4	400	4	107347250	11389518244
zig-js	independent_cold	polymorphic_properties	4	400	5	112366167	11389518244
zig-js	independent_cold	polymorphic_properties	4	400	6	119331709	11389518244
JavaScriptCore	independent_cold	polymorphic_properties	4	400	0	248999750	11389518244
JavaScriptCore	independent_cold	polymorphic_properties	4	400	1	243613792	11389518244
JavaScriptCore	independent_cold	polymorphic_properties	4	400	2	245201042	11389518244
JavaScriptCore	independent_cold	polymorphic_properties	4	400	3	242393709	11389518244
JavaScriptCore	independent_cold	polymorphic_properties	4	400	4	242098000	11389518244
JavaScriptCore	independent_cold	polymorphic_properties	4	400	5	241724084	11389518244
JavaScriptCore	independent_cold	polymorphic_properties	4	400	6	244787792	11389518244
zig-js	shared	polymorphic_properties	4	400	0	791567583	11389518244
zig-js	shared	polymorphic_properties	4	400	1	798952542	11389518244
zig-js	shared	polymorphic_properties	4	400	2	808841792	11389518244
zig-js	shared	polymorphic_properties	4	400	3	803565375	11389518244
zig-js	shared	polymorphic_properties	4	400	4	804933500	11389518244
zig-js	shared	polymorphic_properties	4	400	5	802693334	11389518244
zig-js	shared	polymorphic_properties	4	400	6	803264416	11389518244
JavaScriptCore	independent_steady	polymorphic_properties	8	400	0	342491250	22844935960
JavaScriptCore	independent_steady	polymorphic_properties	8	400	1	346513125	22844935960
JavaScriptCore	independent_steady	polymorphic_properties	8	400	2	340688958	22844935960
JavaScriptCore	independent_steady	polymorphic_properties	8	400	3	370040000	22844935960
JavaScriptCore	independent_steady	polymorphic_properties	8	400	4	347506459	22844935960
JavaScriptCore	independent_steady	polymorphic_properties	8	400	5	345292750	22844935960
JavaScriptCore	independent_steady	polymorphic_properties	8	400	6	344758958	22844935960
zig-js	independent_steady	polymorphic_properties	8	400	0	160693708	22844935960
zig-js	independent_steady	polymorphic_properties	8	400	1	152317167	22844935960
zig-js	independent_steady	polymorphic_properties	8	400	2	153995417	22844935960
zig-js	independent_steady	polymorphic_properties	8	400	3	152889291	22844935960
zig-js	independent_steady	polymorphic_properties	8	400	4	154801250	22844935960
zig-js	independent_steady	polymorphic_properties	8	400	5	154292500	22844935960
zig-js	independent_steady	polymorphic_properties	8	400	6	148791792	22844935960
zig-js	independent_cold	polymorphic_properties	8	400	0	164397250	22844935960
zig-js	independent_cold	polymorphic_properties	8	400	1	155725292	22844935960
zig-js	independent_cold	polymorphic_properties	8	400	2	155912083	22844935960
zig-js	independent_cold	polymorphic_properties	8	400	3	153114458	22844935960
zig-js	independent_cold	polymorphic_properties	8	400	4	165246750	22844935960
zig-js	independent_cold	polymorphic_properties	8	400	5	178636625	22844935960
zig-js	independent_cold	polymorphic_properties	8	400	6	182399125	22844935960
JavaScriptCore	independent_cold	polymorphic_properties	8	400	0	393379958	22844935960
JavaScriptCore	independent_cold	polymorphic_properties	8	400	1	375913166	22844935960
JavaScriptCore	independent_cold	polymorphic_properties	8	400	2	368339625	22844935960
JavaScriptCore	independent_cold	polymorphic_properties	8	400	3	391320791	22844935960
JavaScriptCore	independent_cold	polymorphic_properties	8	400	4	345625041	22844935960
JavaScriptCore	independent_cold	polymorphic_properties	8	400	5	371573167	22844935960
JavaScriptCore	independent_cold	polymorphic_properties	8	400	6	348835458	22844935960
zig-js	shared	polymorphic_properties	8	400	0	1141232625	22844935960
zig-js	shared	polymorphic_properties	8	400	1	1325357541	22844935960
zig-js	shared	polymorphic_properties	8	400	2	1153324000	22844935960
zig-js	shared	polymorphic_properties	8	400	3	1111853750	22844935960
zig-js	shared	polymorphic_properties	8	400	4	1133105917	22844935960
zig-js	shared	polymorphic_properties	8	400	5	1137280292	22844935960
zig-js	shared	polymorphic_properties	8	400	6	1127253500	22844935960
JavaScriptCore	single	object_churn	1	100	0	127778541	1030552128
JavaScriptCore	single	object_churn	1	100	1	129697334	1030552128
JavaScriptCore	single	object_churn	1	100	2	129260958	1030552128
JavaScriptCore	single	object_churn	1	100	3	128263667	1030552128
JavaScriptCore	single	object_churn	1	100	4	128016458	1030552128
JavaScriptCore	single	object_churn	1	100	5	129079166	1030552128
JavaScriptCore	single	object_churn	1	100	6	127136875	1030552128
zig-js	single	object_churn	1	100	0	125765541	1030552128
zig-js	single	object_churn	1	100	1	127770583	1030552128
zig-js	single	object_churn	1	100	2	126866625	1030552128
zig-js	single	object_churn	1	100	3	127265625	1030552128
zig-js	single	object_churn	1	100	4	127182750	1030552128
zig-js	single	object_churn	1	100	5	127991500	1030552128
zig-js	single	object_churn	1	100	6	125748417	1030552128
zig-js	independent_steady	object_churn	1	100	0	125790000	1030552128
zig-js	independent_steady	object_churn	1	100	1	126752250	1030552128
zig-js	independent_steady	object_churn	1	100	2	126139875	1030552128
zig-js	independent_steady	object_churn	1	100	3	127467167	1030552128
zig-js	independent_steady	object_churn	1	100	4	125655875	1030552128
zig-js	independent_steady	object_churn	1	100	5	127216833	1030552128
zig-js	independent_steady	object_churn	1	100	6	126122167	1030552128
JavaScriptCore	independent_steady	object_churn	1	100	0	128626834	1030552128
JavaScriptCore	independent_steady	object_churn	1	100	1	129059084	1030552128
JavaScriptCore	independent_steady	object_churn	1	100	2	128512542	1030552128
JavaScriptCore	independent_steady	object_churn	1	100	3	127743042	1030552128
JavaScriptCore	independent_steady	object_churn	1	100	4	127980916	1030552128
JavaScriptCore	independent_steady	object_churn	1	100	5	132410208	1030552128
JavaScriptCore	independent_steady	object_churn	1	100	6	131144458	1030552128
JavaScriptCore	independent_cold	object_churn	1	100	0	135761166	1030552128
JavaScriptCore	independent_cold	object_churn	1	100	1	130041709	1030552128
JavaScriptCore	independent_cold	object_churn	1	100	2	133566625	1030552128
JavaScriptCore	independent_cold	object_churn	1	100	3	135096750	1030552128
JavaScriptCore	independent_cold	object_churn	1	100	4	129864000	1030552128
JavaScriptCore	independent_cold	object_churn	1	100	5	129792083	1030552128
JavaScriptCore	independent_cold	object_churn	1	100	6	131292416	1030552128
zig-js	independent_cold	object_churn	1	100	0	140864458	1030552128
zig-js	independent_cold	object_churn	1	100	1	135589167	1030552128
zig-js	independent_cold	object_churn	1	100	2	131432417	1030552128
zig-js	independent_cold	object_churn	1	100	3	136444625	1030552128
zig-js	independent_cold	object_churn	1	100	4	138890042	1030552128
zig-js	independent_cold	object_churn	1	100	5	131132208	1030552128
zig-js	independent_cold	object_churn	1	100	6	132235250	1030552128
zig-js	shared	object_churn	1	100	0	208211625	1030552128
zig-js	shared	object_churn	1	100	1	205585917	1030552128
zig-js	shared	object_churn	1	100	2	210001125	1030552128
zig-js	shared	object_churn	1	100	3	205979583	1030552128
zig-js	shared	object_churn	1	100	4	211275375	1030552128
zig-js	shared	object_churn	1	100	5	202844250	1030552128
zig-js	shared	object_churn	1	100	6	208700042	1030552128
zig-js	independent_steady	object_churn	2	100	0	137092083	2066980992
zig-js	independent_steady	object_churn	2	100	1	134394208	2066980992
zig-js	independent_steady	object_churn	2	100	2	140275541	2066980992
zig-js	independent_steady	object_churn	2	100	3	143762792	2066980992
zig-js	independent_steady	object_churn	2	100	4	134084541	2066980992
zig-js	independent_steady	object_churn	2	100	5	135043500	2066980992
zig-js	independent_steady	object_churn	2	100	6	141727750	2066980992
JavaScriptCore	independent_steady	object_churn	2	100	0	131980000	2066980992
JavaScriptCore	independent_steady	object_churn	2	100	1	134051958	2066980992
JavaScriptCore	independent_steady	object_churn	2	100	2	138821958	2066980992
JavaScriptCore	independent_steady	object_churn	2	100	3	137641292	2066980992
JavaScriptCore	independent_steady	object_churn	2	100	4	157901208	2066980992
JavaScriptCore	independent_steady	object_churn	2	100	5	187793375	2066980992
JavaScriptCore	independent_steady	object_churn	2	100	6	207181750	2066980992
JavaScriptCore	independent_cold	object_churn	2	100	0	144097667	2066980992
JavaScriptCore	independent_cold	object_churn	2	100	1	147185125	2066980992
JavaScriptCore	independent_cold	object_churn	2	100	2	145180500	2066980992
JavaScriptCore	independent_cold	object_churn	2	100	3	143890541	2066980992
JavaScriptCore	independent_cold	object_churn	2	100	4	135496084	2066980992
JavaScriptCore	independent_cold	object_churn	2	100	5	150666167	2066980992
JavaScriptCore	independent_cold	object_churn	2	100	6	139327541	2066980992
zig-js	independent_cold	object_churn	2	100	0	151920125	2066980992
zig-js	independent_cold	object_churn	2	100	1	137931083	2066980992
zig-js	independent_cold	object_churn	2	100	2	143169041	2066980992
zig-js	independent_cold	object_churn	2	100	3	149073625	2066980992
zig-js	independent_cold	object_churn	2	100	4	148815250	2066980992
zig-js	independent_cold	object_churn	2	100	5	163422167	2066980992
zig-js	independent_cold	object_churn	2	100	6	153736500	2066980992
zig-js	shared	object_churn	2	100	0	330047917	2066980992
zig-js	shared	object_churn	2	100	1	348818375	2066980992
zig-js	shared	object_churn	2	100	2	329403333	2066980992
zig-js	shared	object_churn	2	100	3	343577500	2066980992
zig-js	shared	object_churn	2	100	4	316675458	2066980992
zig-js	shared	object_churn	2	100	5	353093583	2066980992
zig-js	shared	object_churn	2	100	6	293530000	2066980992
zig-js	independent_steady	object_churn	4	100	0	160114208	4146563328
zig-js	independent_steady	object_churn	4	100	1	153849959	4146563328
zig-js	independent_steady	object_churn	4	100	2	169461166	4146563328
zig-js	independent_steady	object_churn	4	100	3	149717458	4146563328
zig-js	independent_steady	object_churn	4	100	4	147734375	4146563328
zig-js	independent_steady	object_churn	4	100	5	172561500	4146563328
zig-js	independent_steady	object_churn	4	100	6	150604334	4146563328
JavaScriptCore	independent_steady	object_churn	4	100	0	153829958	4146563328
JavaScriptCore	independent_steady	object_churn	4	100	1	152442709	4146563328
JavaScriptCore	independent_steady	object_churn	4	100	2	137175542	4146563328
JavaScriptCore	independent_steady	object_churn	4	100	3	140440833	4146563328
JavaScriptCore	independent_steady	object_churn	4	100	4	149694250	4146563328
JavaScriptCore	independent_steady	object_churn	4	100	5	153699417	4146563328
JavaScriptCore	independent_steady	object_churn	4	100	6	138962375	4146563328
JavaScriptCore	independent_cold	object_churn	4	100	0	159968917	4146563328
JavaScriptCore	independent_cold	object_churn	4	100	1	167862458	4146563328
JavaScriptCore	independent_cold	object_churn	4	100	2	138514875	4146563328
JavaScriptCore	independent_cold	object_churn	4	100	3	140993125	4146563328
JavaScriptCore	independent_cold	object_churn	4	100	4	142915458	4146563328
JavaScriptCore	independent_cold	object_churn	4	100	5	144847250	4146563328
JavaScriptCore	independent_cold	object_churn	4	100	6	143187583	4146563328
zig-js	independent_cold	object_churn	4	100	0	165366959	4146563328
zig-js	independent_cold	object_churn	4	100	1	154405667	4146563328
zig-js	independent_cold	object_churn	4	100	2	153073042	4146563328
zig-js	independent_cold	object_churn	4	100	3	154507375	4146563328
zig-js	independent_cold	object_churn	4	100	4	152398459	4146563328
zig-js	independent_cold	object_churn	4	100	5	153899208	4146563328
zig-js	independent_cold	object_churn	4	100	6	153514958	4146563328
zig-js	shared	object_churn	4	100	0	816500792	4146563328
zig-js	shared	object_churn	4	100	1	720769041	4146563328
zig-js	shared	object_churn	4	100	2	773161083	4146563328
zig-js	shared	object_churn	4	100	3	730163584	4146563328
zig-js	shared	object_churn	4	100	4	660699000	4146563328
zig-js	shared	object_churn	4	100	5	604318625	4146563328
zig-js	shared	object_churn	4	100	6	616203500	4146563328
zig-js	independent_steady	object_churn	8	100	0	248818750	8309369344
zig-js	independent_steady	object_churn	8	100	1	234760625	8309369344
zig-js	independent_steady	object_churn	8	100	2	231053083	8309369344
zig-js	independent_steady	object_churn	8	100	3	237535542	8309369344
zig-js	independent_steady	object_churn	8	100	4	234933333	8309369344
zig-js	independent_steady	object_churn	8	100	5	259425834	8309369344
zig-js	independent_steady	object_churn	8	100	6	289294500	8309369344
JavaScriptCore	independent_steady	object_churn	8	100	0	200579833	8309369344
JavaScriptCore	independent_steady	object_churn	8	100	1	216836459	8309369344
JavaScriptCore	independent_steady	object_churn	8	100	2	204101084	8309369344
JavaScriptCore	independent_steady	object_churn	8	100	3	216958333	8309369344
JavaScriptCore	independent_steady	object_churn	8	100	4	201168500	8309369344
JavaScriptCore	independent_steady	object_churn	8	100	5	201956583	8309369344
JavaScriptCore	independent_steady	object_churn	8	100	6	195059625	8309369344
JavaScriptCore	independent_cold	object_churn	8	100	0	217758250	8309369344
JavaScriptCore	independent_cold	object_churn	8	100	1	213893959	8309369344
JavaScriptCore	independent_cold	object_churn	8	100	2	196572500	8309369344
JavaScriptCore	independent_cold	object_churn	8	100	3	211653791	8309369344
JavaScriptCore	independent_cold	object_churn	8	100	4	208914541	8309369344
JavaScriptCore	independent_cold	object_churn	8	100	5	201583667	8309369344
JavaScriptCore	independent_cold	object_churn	8	100	6	233321167	8309369344
zig-js	independent_cold	object_churn	8	100	0	247433958	8309369344
zig-js	independent_cold	object_churn	8	100	1	255068125	8309369344
zig-js	independent_cold	object_churn	8	100	2	243667583	8309369344
zig-js	independent_cold	object_churn	8	100	3	254479375	8309369344
zig-js	independent_cold	object_churn	8	100	4	248467833	8309369344
zig-js	independent_cold	object_churn	8	100	5	238992708	8309369344
zig-js	independent_cold	object_churn	8	100	6	260184833	8309369344
zig-js	shared	object_churn	8	100	0	1390012708	8309369344
zig-js	shared	object_churn	8	100	1	1391516625	8309369344
zig-js	shared	object_churn	8	100	2	1365453250	8309369344
zig-js	shared	object_churn	8	100	3	1367930833	8309369344
zig-js	shared	object_churn	8	100	4	1365774792	8309369344
zig-js	shared	object_churn	8	100	5	1438201500	8309369344
zig-js	shared	object_churn	8	100	6	1465906458	8309369344
zig-js	single	arrays	1	550	0	116440458	29007000000
zig-js	single	arrays	1	550	1	115572667	29007000000
zig-js	single	arrays	1	550	2	110896334	29007000000
zig-js	single	arrays	1	550	3	111365083	29007000000
zig-js	single	arrays	1	550	4	111141000	29007000000
zig-js	single	arrays	1	550	5	110653542	29007000000
zig-js	single	arrays	1	550	6	114123333	29007000000
JavaScriptCore	single	arrays	1	550	0	168902792	29007000000
JavaScriptCore	single	arrays	1	550	1	169548750	29007000000
JavaScriptCore	single	arrays	1	550	2	167525833	29007000000
JavaScriptCore	single	arrays	1	550	3	166065000	29007000000
JavaScriptCore	single	arrays	1	550	4	177346667	29007000000
JavaScriptCore	single	arrays	1	550	5	168532083	29007000000
JavaScriptCore	single	arrays	1	550	6	168564791	29007000000
JavaScriptCore	independent_steady	arrays	1	550	0	170363708	29007000000
JavaScriptCore	independent_steady	arrays	1	550	1	168032041	29007000000
JavaScriptCore	independent_steady	arrays	1	550	2	168859167	29007000000
JavaScriptCore	independent_steady	arrays	1	550	3	169508375	29007000000
JavaScriptCore	independent_steady	arrays	1	550	4	168221084	29007000000
JavaScriptCore	independent_steady	arrays	1	550	5	168715667	29007000000
JavaScriptCore	independent_steady	arrays	1	550	6	169460833	29007000000
zig-js	independent_steady	arrays	1	550	0	110702291	29007000000
zig-js	independent_steady	arrays	1	550	1	111086833	29007000000
zig-js	independent_steady	arrays	1	550	2	113057167	29007000000
zig-js	independent_steady	arrays	1	550	3	117242709	29007000000
zig-js	independent_steady	arrays	1	550	4	118456708	29007000000
zig-js	independent_steady	arrays	1	550	5	117421000	29007000000
zig-js	independent_steady	arrays	1	550	6	115112708	29007000000
zig-js	independent_cold	arrays	1	550	0	101761542	29007000000
zig-js	independent_cold	arrays	1	550	1	97940750	29007000000
zig-js	independent_cold	arrays	1	550	2	97250916	29007000000
zig-js	independent_cold	arrays	1	550	3	99530792	29007000000
zig-js	independent_cold	arrays	1	550	4	98932000	29007000000
zig-js	independent_cold	arrays	1	550	5	98253083	29007000000
zig-js	independent_cold	arrays	1	550	6	98413750	29007000000
JavaScriptCore	independent_cold	arrays	1	550	0	179242750	29007000000
JavaScriptCore	independent_cold	arrays	1	550	1	180883000	29007000000
JavaScriptCore	independent_cold	arrays	1	550	2	180378667	29007000000
JavaScriptCore	independent_cold	arrays	1	550	3	181264792	29007000000
JavaScriptCore	independent_cold	arrays	1	550	4	179979959	29007000000
JavaScriptCore	independent_cold	arrays	1	550	5	179234375	29007000000
JavaScriptCore	independent_cold	arrays	1	550	6	178305958	29007000000
zig-js	shared	arrays	1	550	0	705287958	29007000000
zig-js	shared	arrays	1	550	1	698983209	29007000000
zig-js	shared	arrays	1	550	2	696603625	29007000000
zig-js	shared	arrays	1	550	3	696581542	29007000000
zig-js	shared	arrays	1	550	4	702436625	29007000000
zig-js	shared	arrays	1	550	5	694325750	29007000000
zig-js	shared	arrays	1	550	6	694396333	29007000000
JavaScriptCore	independent_steady	arrays	2	550	0	171542542	58019500000
JavaScriptCore	independent_steady	arrays	2	550	1	170296500	58019500000
JavaScriptCore	independent_steady	arrays	2	550	2	169882292	58019500000
JavaScriptCore	independent_steady	arrays	2	550	3	168496625	58019500000
JavaScriptCore	independent_steady	arrays	2	550	4	173256375	58019500000
JavaScriptCore	independent_steady	arrays	2	550	5	169545458	58019500000
JavaScriptCore	independent_steady	arrays	2	550	6	170613958	58019500000
zig-js	independent_steady	arrays	2	550	0	114047583	58019500000
zig-js	independent_steady	arrays	2	550	1	114098917	58019500000
zig-js	independent_steady	arrays	2	550	2	113844250	58019500000
zig-js	independent_steady	arrays	2	550	3	113691042	58019500000
zig-js	independent_steady	arrays	2	550	4	114544584	58019500000
zig-js	independent_steady	arrays	2	550	5	113965292	58019500000
zig-js	independent_steady	arrays	2	550	6	114342625	58019500000
zig-js	independent_cold	arrays	2	550	0	100715917	58019500000
zig-js	independent_cold	arrays	2	550	1	99644500	58019500000
zig-js	independent_cold	arrays	2	550	2	97052000	58019500000
zig-js	independent_cold	arrays	2	550	3	97072416	58019500000
zig-js	independent_cold	arrays	2	550	4	95680500	58019500000
zig-js	independent_cold	arrays	2	550	5	96189375	58019500000
zig-js	independent_cold	arrays	2	550	6	97726208	58019500000
JavaScriptCore	independent_cold	arrays	2	550	0	175616000	58019500000
JavaScriptCore	independent_cold	arrays	2	550	1	172255709	58019500000
JavaScriptCore	independent_cold	arrays	2	550	2	170596166	58019500000
JavaScriptCore	independent_cold	arrays	2	550	3	171272667	58019500000
JavaScriptCore	independent_cold	arrays	2	550	4	170481166	58019500000
JavaScriptCore	independent_cold	arrays	2	550	5	170930583	58019500000
JavaScriptCore	independent_cold	arrays	2	550	6	170976542	58019500000
zig-js	shared	arrays	2	550	0	693445584	58019500000
zig-js	shared	arrays	2	550	1	795324083	58019500000
zig-js	shared	arrays	2	550	2	699318833	58019500000
zig-js	shared	arrays	2	550	3	697696125	58019500000
zig-js	shared	arrays	2	550	4	695486791	58019500000
zig-js	shared	arrays	2	550	5	720709416	58019500000
zig-js	shared	arrays	2	550	6	723555375	58019500000
JavaScriptCore	independent_steady	arrays	4	550	0	175754333	116061000000
JavaScriptCore	independent_steady	arrays	4	550	1	177574333	116061000000
JavaScriptCore	independent_steady	arrays	4	550	2	175610958	116061000000
JavaScriptCore	independent_steady	arrays	4	550	3	178202625	116061000000
JavaScriptCore	independent_steady	arrays	4	550	4	175340000	116061000000
JavaScriptCore	independent_steady	arrays	4	550	5	175319625	116061000000
JavaScriptCore	independent_steady	arrays	4	550	6	177458417	116061000000
zig-js	independent_steady	arrays	4	550	0	119069666	116061000000
zig-js	independent_steady	arrays	4	550	1	118032416	116061000000
zig-js	independent_steady	arrays	4	550	2	119803625	116061000000
zig-js	independent_steady	arrays	4	550	3	120473291	116061000000
zig-js	independent_steady	arrays	4	550	4	118304958	116061000000
zig-js	independent_steady	arrays	4	550	5	118277666	116061000000
zig-js	independent_steady	arrays	4	550	6	118983625	116061000000
zig-js	independent_cold	arrays	4	550	0	110509875	116061000000
zig-js	independent_cold	arrays	4	550	1	101098000	116061000000
zig-js	independent_cold	arrays	4	550	2	99868250	116061000000
zig-js	independent_cold	arrays	4	550	3	101461458	116061000000
zig-js	independent_cold	arrays	4	550	4	100494542	116061000000
zig-js	independent_cold	arrays	4	550	5	100115792	116061000000
zig-js	independent_cold	arrays	4	550	6	100566917	116061000000
JavaScriptCore	independent_cold	arrays	4	550	0	182921375	116061000000
JavaScriptCore	independent_cold	arrays	4	550	1	175677333	116061000000
JavaScriptCore	independent_cold	arrays	4	550	2	178227709	116061000000
JavaScriptCore	independent_cold	arrays	4	550	3	177524750	116061000000
JavaScriptCore	independent_cold	arrays	4	550	4	178643959	116061000000
JavaScriptCore	independent_cold	arrays	4	550	5	175833291	116061000000
JavaScriptCore	independent_cold	arrays	4	550	6	176098542	116061000000
zig-js	shared	arrays	4	550	0	715696625	116061000000
zig-js	shared	arrays	4	550	1	712642333	116061000000
zig-js	shared	arrays	4	550	2	717944542	116061000000
zig-js	shared	arrays	4	550	3	713581917	116061000000
zig-js	shared	arrays	4	550	4	717770417	116061000000
zig-js	shared	arrays	4	550	5	715782792	116061000000
zig-js	shared	arrays	4	550	6	716271500	116061000000
JavaScriptCore	independent_steady	arrays	8	550	0	253692292	232210000000
JavaScriptCore	independent_steady	arrays	8	550	1	261572708	232210000000
JavaScriptCore	independent_steady	arrays	8	550	2	257479083	232210000000
JavaScriptCore	independent_steady	arrays	8	550	3	261708041	232210000000
JavaScriptCore	independent_steady	arrays	8	550	4	262080167	232210000000
JavaScriptCore	independent_steady	arrays	8	550	5	269392334	232210000000
JavaScriptCore	independent_steady	arrays	8	550	6	266792375	232210000000
zig-js	independent_steady	arrays	8	550	0	160627208	232210000000
zig-js	independent_steady	arrays	8	550	1	164151667	232210000000
zig-js	independent_steady	arrays	8	550	2	171216500	232210000000
zig-js	independent_steady	arrays	8	550	3	169087292	232210000000
zig-js	independent_steady	arrays	8	550	4	167776625	232210000000
zig-js	independent_steady	arrays	8	550	5	184716541	232210000000
zig-js	independent_steady	arrays	8	550	6	182044833	232210000000
zig-js	independent_cold	arrays	8	550	0	153408416	232210000000
zig-js	independent_cold	arrays	8	550	1	149908625	232210000000
zig-js	independent_cold	arrays	8	550	2	156959500	232210000000
zig-js	independent_cold	arrays	8	550	3	153683959	232210000000
zig-js	independent_cold	arrays	8	550	4	138270500	232210000000
zig-js	independent_cold	arrays	8	550	5	138527333	232210000000
zig-js	independent_cold	arrays	8	550	6	145305167	232210000000
JavaScriptCore	independent_cold	arrays	8	550	0	339455084	232210000000
JavaScriptCore	independent_cold	arrays	8	550	1	282272084	232210000000
JavaScriptCore	independent_cold	arrays	8	550	2	301837500	232210000000
JavaScriptCore	independent_cold	arrays	8	550	3	292511958	232210000000
JavaScriptCore	independent_cold	arrays	8	550	4	366093708	232210000000
JavaScriptCore	independent_cold	arrays	8	550	5	301579833	232210000000
JavaScriptCore	independent_cold	arrays	8	550	6	280154083	232210000000
zig-js	shared	arrays	8	550	0	1079044917	232210000000
zig-js	shared	arrays	8	550	1	992631292	232210000000
zig-js	shared	arrays	8	550	2	1061011250	232210000000
zig-js	shared	arrays	8	550	3	1020096625	232210000000
zig-js	shared	arrays	8	550	4	991785542	232210000000
zig-js	shared	arrays	8	550	5	1005789708	232210000000
zig-js	shared	arrays	8	550	6	983409834	232210000000
JavaScriptCore	single	direct_calls	1	600	0	130260583	597092100
JavaScriptCore	single	direct_calls	1	600	1	128577709	597092100
JavaScriptCore	single	direct_calls	1	600	2	130085292	597092100
JavaScriptCore	single	direct_calls	1	600	3	130133833	597092100
JavaScriptCore	single	direct_calls	1	600	4	129604875	597092100
JavaScriptCore	single	direct_calls	1	600	5	130077917	597092100
JavaScriptCore	single	direct_calls	1	600	6	129408000	597092100
zig-js	single	direct_calls	1	600	0	87618417	597092100
zig-js	single	direct_calls	1	600	1	86502708	597092100
zig-js	single	direct_calls	1	600	2	86331709	597092100
zig-js	single	direct_calls	1	600	3	85898292	597092100
zig-js	single	direct_calls	1	600	4	85964584	597092100
zig-js	single	direct_calls	1	600	5	86063291	597092100
zig-js	single	direct_calls	1	600	6	86080833	597092100
zig-js	independent_steady	direct_calls	1	600	0	87198958	597092100
zig-js	independent_steady	direct_calls	1	600	1	86919250	597092100
zig-js	independent_steady	direct_calls	1	600	2	86032208	597092100
zig-js	independent_steady	direct_calls	1	600	3	86778375	597092100
zig-js	independent_steady	direct_calls	1	600	4	86220083	597092100
zig-js	independent_steady	direct_calls	1	600	5	86587792	597092100
zig-js	independent_steady	direct_calls	1	600	6	86295959	597092100
JavaScriptCore	independent_steady	direct_calls	1	600	0	130188583	597092100
JavaScriptCore	independent_steady	direct_calls	1	600	1	129755666	597092100
JavaScriptCore	independent_steady	direct_calls	1	600	2	132629917	597092100
JavaScriptCore	independent_steady	direct_calls	1	600	3	130439166	597092100
JavaScriptCore	independent_steady	direct_calls	1	600	4	130802291	597092100
JavaScriptCore	independent_steady	direct_calls	1	600	5	129851750	597092100
JavaScriptCore	independent_steady	direct_calls	1	600	6	130172750	597092100
JavaScriptCore	independent_cold	direct_calls	1	600	0	134717458	597092100
JavaScriptCore	independent_cold	direct_calls	1	600	1	130855667	597092100
JavaScriptCore	independent_cold	direct_calls	1	600	2	131317583	597092100
JavaScriptCore	independent_cold	direct_calls	1	600	3	130992333	597092100
JavaScriptCore	independent_cold	direct_calls	1	600	4	130693708	597092100
JavaScriptCore	independent_cold	direct_calls	1	600	5	131819041	597092100
JavaScriptCore	independent_cold	direct_calls	1	600	6	130951292	597092100
zig-js	independent_cold	direct_calls	1	600	0	89244625	597092100
zig-js	independent_cold	direct_calls	1	600	1	90621750	597092100
zig-js	independent_cold	direct_calls	1	600	2	88193459	597092100
zig-js	independent_cold	direct_calls	1	600	3	87974625	597092100
zig-js	independent_cold	direct_calls	1	600	4	89355375	597092100
zig-js	independent_cold	direct_calls	1	600	5	88382708	597092100
zig-js	independent_cold	direct_calls	1	600	6	88276833	597092100
zig-js	shared	direct_calls	1	600	0	87136208	597092100
zig-js	shared	direct_calls	1	600	1	86085583	597092100
zig-js	shared	direct_calls	1	600	2	86497375	597092100
zig-js	shared	direct_calls	1	600	3	86203584	597092100
zig-js	shared	direct_calls	1	600	4	86386667	597092100
zig-js	shared	direct_calls	1	600	5	91173375	597092100
zig-js	shared	direct_calls	1	600	6	91438958	597092100
zig-js	independent_steady	direct_calls	2	600	0	93056250	1194184800
zig-js	independent_steady	direct_calls	2	600	1	90560459	1194184800
zig-js	independent_steady	direct_calls	2	600	2	91415458	1194184800
zig-js	independent_steady	direct_calls	2	600	3	87029291	1194184800
zig-js	independent_steady	direct_calls	2	600	4	88833333	1194184800
zig-js	independent_steady	direct_calls	2	600	5	88267708	1194184800
zig-js	independent_steady	direct_calls	2	600	6	87426500	1194184800
JavaScriptCore	independent_steady	direct_calls	2	600	0	147465583	1194184800
JavaScriptCore	independent_steady	direct_calls	2	600	1	141924166	1194184800
JavaScriptCore	independent_steady	direct_calls	2	600	2	139122583	1194184800
JavaScriptCore	independent_steady	direct_calls	2	600	3	134495750	1194184800
JavaScriptCore	independent_steady	direct_calls	2	600	4	131453958	1194184800
JavaScriptCore	independent_steady	direct_calls	2	600	5	132613125	1194184800
JavaScriptCore	independent_steady	direct_calls	2	600	6	130627916	1194184800
JavaScriptCore	independent_cold	direct_calls	2	600	0	137127500	1194184800
JavaScriptCore	independent_cold	direct_calls	2	600	1	134031625	1194184800
JavaScriptCore	independent_cold	direct_calls	2	600	2	133527167	1194184800
JavaScriptCore	independent_cold	direct_calls	2	600	3	133090791	1194184800
JavaScriptCore	independent_cold	direct_calls	2	600	4	133481584	1194184800
JavaScriptCore	independent_cold	direct_calls	2	600	5	133094916	1194184800
JavaScriptCore	independent_cold	direct_calls	2	600	6	132863875	1194184800
zig-js	independent_cold	direct_calls	2	600	0	94093500	1194184800
zig-js	independent_cold	direct_calls	2	600	1	95381416	1194184800
zig-js	independent_cold	direct_calls	2	600	2	91330375	1194184800
zig-js	independent_cold	direct_calls	2	600	3	91092167	1194184800
zig-js	independent_cold	direct_calls	2	600	4	89522959	1194184800
zig-js	independent_cold	direct_calls	2	600	5	89671958	1194184800
zig-js	independent_cold	direct_calls	2	600	6	91159000	1194184800
zig-js	shared	direct_calls	2	600	0	95964625	1194184800
zig-js	shared	direct_calls	2	600	1	92386084	1194184800
zig-js	shared	direct_calls	2	600	2	93403750	1194184800
zig-js	shared	direct_calls	2	600	3	92636792	1194184800
zig-js	shared	direct_calls	2	600	4	92954125	1194184800
zig-js	shared	direct_calls	2	600	5	93431791	1194184800
zig-js	shared	direct_calls	2	600	6	92540708	1194184800
zig-js	independent_steady	direct_calls	4	600	0	92574750	2388372000
zig-js	independent_steady	direct_calls	4	600	1	92972500	2388372000
zig-js	independent_steady	direct_calls	4	600	2	95265625	2388372000
zig-js	independent_steady	direct_calls	4	600	3	92443084	2388372000
zig-js	independent_steady	direct_calls	4	600	4	93852208	2388372000
zig-js	independent_steady	direct_calls	4	600	5	98597208	2388372000
zig-js	independent_steady	direct_calls	4	600	6	90159709	2388372000
JavaScriptCore	independent_steady	direct_calls	4	600	0	136983000	2388372000
JavaScriptCore	independent_steady	direct_calls	4	600	1	136861292	2388372000
JavaScriptCore	independent_steady	direct_calls	4	600	2	146969250	2388372000
JavaScriptCore	independent_steady	direct_calls	4	600	3	166641208	2388372000
JavaScriptCore	independent_steady	direct_calls	4	600	4	345058667	2388372000
JavaScriptCore	independent_steady	direct_calls	4	600	5	228657292	2388372000
JavaScriptCore	independent_steady	direct_calls	4	600	6	231586458	2388372000
JavaScriptCore	independent_cold	direct_calls	4	600	0	202277584	2388372000
JavaScriptCore	independent_cold	direct_calls	4	600	1	165576083	2388372000
JavaScriptCore	independent_cold	direct_calls	4	600	2	158543959	2388372000
JavaScriptCore	independent_cold	direct_calls	4	600	3	143114208	2388372000
JavaScriptCore	independent_cold	direct_calls	4	600	4	137154458	2388372000
JavaScriptCore	independent_cold	direct_calls	4	600	5	137879875	2388372000
JavaScriptCore	independent_cold	direct_calls	4	600	6	138851042	2388372000
zig-js	independent_cold	direct_calls	4	600	0	99744250	2388372000
zig-js	independent_cold	direct_calls	4	600	1	94802083	2388372000
zig-js	independent_cold	direct_calls	4	600	2	91952375	2388372000
zig-js	independent_cold	direct_calls	4	600	3	92397333	2388372000
zig-js	independent_cold	direct_calls	4	600	4	91893167	2388372000
zig-js	independent_cold	direct_calls	4	600	5	93468125	2388372000
zig-js	independent_cold	direct_calls	4	600	6	92002208	2388372000
zig-js	shared	direct_calls	4	600	0	103383208	2388372000
zig-js	shared	direct_calls	4	600	1	101130667	2388372000
zig-js	shared	direct_calls	4	600	2	113174709	2388372000
zig-js	shared	direct_calls	4	600	3	112761583	2388372000
zig-js	shared	direct_calls	4	600	4	102847625	2388372000
zig-js	shared	direct_calls	4	600	5	101072834	2388372000
zig-js	shared	direct_calls	4	600	6	99467916	2388372000
zig-js	independent_steady	direct_calls	8	600	0	110012583	4776753600
zig-js	independent_steady	direct_calls	8	600	1	112057250	4776753600
zig-js	independent_steady	direct_calls	8	600	2	113256417	4776753600
zig-js	independent_steady	direct_calls	8	600	3	118201000	4776753600
zig-js	independent_steady	direct_calls	8	600	4	111096000	4776753600
zig-js	independent_steady	direct_calls	8	600	5	108326958	4776753600
zig-js	independent_steady	direct_calls	8	600	6	110093875	4776753600
JavaScriptCore	independent_steady	direct_calls	8	600	0	210460042	4776753600
JavaScriptCore	independent_steady	direct_calls	8	600	1	204458708	4776753600
JavaScriptCore	independent_steady	direct_calls	8	600	2	207997833	4776753600
JavaScriptCore	independent_steady	direct_calls	8	600	3	214611292	4776753600
JavaScriptCore	independent_steady	direct_calls	8	600	4	199927500	4776753600
JavaScriptCore	independent_steady	direct_calls	8	600	5	211277792	4776753600
JavaScriptCore	independent_steady	direct_calls	8	600	6	274289958	4776753600
JavaScriptCore	independent_cold	direct_calls	8	600	0	244611708	4776753600
JavaScriptCore	independent_cold	direct_calls	8	600	1	221286625	4776753600
JavaScriptCore	independent_cold	direct_calls	8	600	2	252069834	4776753600
JavaScriptCore	independent_cold	direct_calls	8	600	3	488412750	4776753600
JavaScriptCore	independent_cold	direct_calls	8	600	4	266378959	4776753600
JavaScriptCore	independent_cold	direct_calls	8	600	5	270489375	4776753600
JavaScriptCore	independent_cold	direct_calls	8	600	6	282822000	4776753600
zig-js	independent_cold	direct_calls	8	600	0	212515667	4776753600
zig-js	independent_cold	direct_calls	8	600	1	128065709	4776753600
zig-js	independent_cold	direct_calls	8	600	2	132793875	4776753600
zig-js	independent_cold	direct_calls	8	600	3	136456292	4776753600
zig-js	independent_cold	direct_calls	8	600	4	128025625	4776753600
zig-js	independent_cold	direct_calls	8	600	5	126487916	4776753600
zig-js	independent_cold	direct_calls	8	600	6	120006958	4776753600
zig-js	shared	direct_calls	8	600	0	152823500	4776753600
zig-js	shared	direct_calls	8	600	1	152235083	4776753600
zig-js	shared	direct_calls	8	600	2	152418084	4776753600
zig-js	shared	direct_calls	8	600	3	150163250	4776753600
zig-js	shared	direct_calls	8	600	4	152365125	4776753600
zig-js	shared	direct_calls	8	600	5	150959625	4776753600
zig-js	shared	direct_calls	8	600	6	150147917	4776753600
zig-js	single	method_calls	1	500	0	96589000	2550250
zig-js	single	method_calls	1	500	1	95331125	2550250
zig-js	single	method_calls	1	500	2	96429708	2550250
zig-js	single	method_calls	1	500	3	96469458	2550250
zig-js	single	method_calls	1	500	4	96262708	2550250
zig-js	single	method_calls	1	500	5	95612333	2550250
zig-js	single	method_calls	1	500	6	96563458	2550250
JavaScriptCore	single	method_calls	1	500	0	160551209	2550250
JavaScriptCore	single	method_calls	1	500	1	156186750	2550250
JavaScriptCore	single	method_calls	1	500	2	154587792	2550250
JavaScriptCore	single	method_calls	1	500	3	158575917	2550250
JavaScriptCore	single	method_calls	1	500	4	162573166	2550250
JavaScriptCore	single	method_calls	1	500	5	157355542	2550250
JavaScriptCore	single	method_calls	1	500	6	155091708	2550250
JavaScriptCore	independent_steady	method_calls	1	500	0	156117583	2550250
JavaScriptCore	independent_steady	method_calls	1	500	1	155723334	2550250
JavaScriptCore	independent_steady	method_calls	1	500	2	157976625	2550250
JavaScriptCore	independent_steady	method_calls	1	500	3	179214250	2550250
JavaScriptCore	independent_steady	method_calls	1	500	4	166368916	2550250
JavaScriptCore	independent_steady	method_calls	1	500	5	174404875	2550250
JavaScriptCore	independent_steady	method_calls	1	500	6	168923167	2550250
zig-js	independent_steady	method_calls	1	500	0	103268000	2550250
zig-js	independent_steady	method_calls	1	500	1	101961875	2550250
zig-js	independent_steady	method_calls	1	500	2	100016833	2550250
zig-js	independent_steady	method_calls	1	500	3	99459333	2550250
zig-js	independent_steady	method_calls	1	500	4	101067792	2550250
zig-js	independent_steady	method_calls	1	500	5	99769292	2550250
zig-js	independent_steady	method_calls	1	500	6	95733791	2550250
zig-js	independent_cold	method_calls	1	500	0	100294708	2550250
zig-js	independent_cold	method_calls	1	500	1	98898584	2550250
zig-js	independent_cold	method_calls	1	500	2	98241625	2550250
zig-js	independent_cold	method_calls	1	500	3	99422875	2550250
zig-js	independent_cold	method_calls	1	500	4	98325250	2550250
zig-js	independent_cold	method_calls	1	500	5	98987167	2550250
zig-js	independent_cold	method_calls	1	500	6	98765708	2550250
JavaScriptCore	independent_cold	method_calls	1	500	0	163065833	2550250
JavaScriptCore	independent_cold	method_calls	1	500	1	159469375	2550250
JavaScriptCore	independent_cold	method_calls	1	500	2	156466667	2550250
JavaScriptCore	independent_cold	method_calls	1	500	3	158448459	2550250
JavaScriptCore	independent_cold	method_calls	1	500	4	157418208	2550250
JavaScriptCore	independent_cold	method_calls	1	500	5	156114000	2550250
JavaScriptCore	independent_cold	method_calls	1	500	6	155851166	2550250
zig-js	shared	method_calls	1	500	0	185067459	2550250
zig-js	shared	method_calls	1	500	1	182127083	2550250
zig-js	shared	method_calls	1	500	2	182045750	2550250
zig-js	shared	method_calls	1	500	3	182350667	2550250
zig-js	shared	method_calls	1	500	4	183269083	2550250
zig-js	shared	method_calls	1	500	5	182080542	2550250
zig-js	shared	method_calls	1	500	6	187158583	2550250
JavaScriptCore	independent_steady	method_calls	2	500	0	197800584	10100500
JavaScriptCore	independent_steady	method_calls	2	500	1	158065750	10100500
JavaScriptCore	independent_steady	method_calls	2	500	2	157317833	10100500
JavaScriptCore	independent_steady	method_calls	2	500	3	157379959	10100500
JavaScriptCore	independent_steady	method_calls	2	500	4	156712167	10100500
JavaScriptCore	independent_steady	method_calls	2	500	5	157257750	10100500
JavaScriptCore	independent_steady	method_calls	2	500	6	157578542	10100500
zig-js	independent_steady	method_calls	2	500	0	97760208	10100500
zig-js	independent_steady	method_calls	2	500	1	97668791	10100500
zig-js	independent_steady	method_calls	2	500	2	99081375	10100500
zig-js	independent_steady	method_calls	2	500	3	97246708	10100500
zig-js	independent_steady	method_calls	2	500	4	97877250	10100500
zig-js	independent_steady	method_calls	2	500	5	97156542	10100500
zig-js	independent_steady	method_calls	2	500	6	96396292	10100500
zig-js	independent_cold	method_calls	2	500	0	103306375	10100500
zig-js	independent_cold	method_calls	2	500	1	102750000	10100500
zig-js	independent_cold	method_calls	2	500	2	102194708	10100500
zig-js	independent_cold	method_calls	2	500	3	100361292	10100500
zig-js	independent_cold	method_calls	2	500	4	100968084	10100500
zig-js	independent_cold	method_calls	2	500	5	100907791	10100500
zig-js	independent_cold	method_calls	2	500	6	101614750	10100500
JavaScriptCore	independent_cold	method_calls	2	500	0	162560042	10100500
JavaScriptCore	independent_cold	method_calls	2	500	1	157591333	10100500
JavaScriptCore	independent_cold	method_calls	2	500	2	158352166	10100500
JavaScriptCore	independent_cold	method_calls	2	500	3	157515125	10100500
JavaScriptCore	independent_cold	method_calls	2	500	4	159051875	10100500
JavaScriptCore	independent_cold	method_calls	2	500	5	158060208	10100500
JavaScriptCore	independent_cold	method_calls	2	500	6	159680167	10100500
zig-js	shared	method_calls	2	500	0	191401750	10100500
zig-js	shared	method_calls	2	500	1	191448417	10100500
zig-js	shared	method_calls	2	500	2	190858375	10100500
zig-js	shared	method_calls	2	500	3	191968625	10100500
zig-js	shared	method_calls	2	500	4	196555542	10100500
zig-js	shared	method_calls	2	500	5	197065375	10100500
zig-js	shared	method_calls	2	500	6	191002500	10100500
JavaScriptCore	independent_steady	method_calls	4	500	0	163739375	40201000
JavaScriptCore	independent_steady	method_calls	4	500	1	162505917	40201000
JavaScriptCore	independent_steady	method_calls	4	500	2	190035583	40201000
JavaScriptCore	independent_steady	method_calls	4	500	3	186334709	40201000
JavaScriptCore	independent_steady	method_calls	4	500	4	187721416	40201000
JavaScriptCore	independent_steady	method_calls	4	500	5	164632750	40201000
JavaScriptCore	independent_steady	method_calls	4	500	6	162469583	40201000
zig-js	independent_steady	method_calls	4	500	0	100645166	40201000
zig-js	independent_steady	method_calls	4	500	1	101125750	40201000
zig-js	independent_steady	method_calls	4	500	2	108841959	40201000
zig-js	independent_steady	method_calls	4	500	3	119299292	40201000
zig-js	independent_steady	method_calls	4	500	4	122100542	40201000
zig-js	independent_steady	method_calls	4	500	5	104428792	40201000
zig-js	independent_steady	method_calls	4	500	6	108465917	40201000
zig-js	independent_cold	method_calls	4	500	0	112133834	40201000
zig-js	independent_cold	method_calls	4	500	1	103937625	40201000
zig-js	independent_cold	method_calls	4	500	2	104489791	40201000
zig-js	independent_cold	method_calls	4	500	3	110769250	40201000
zig-js	independent_cold	method_calls	4	500	4	107108000	40201000
zig-js	independent_cold	method_calls	4	500	5	104337875	40201000
zig-js	independent_cold	method_calls	4	500	6	122086458	40201000
JavaScriptCore	independent_cold	method_calls	4	500	0	186360500	40201000
JavaScriptCore	independent_cold	method_calls	4	500	1	183058792	40201000
JavaScriptCore	independent_cold	method_calls	4	500	2	169696417	40201000
JavaScriptCore	independent_cold	method_calls	4	500	3	174765042	40201000
JavaScriptCore	independent_cold	method_calls	4	500	4	165071458	40201000
JavaScriptCore	independent_cold	method_calls	4	500	5	167878083	40201000
JavaScriptCore	independent_cold	method_calls	4	500	6	190109042	40201000
zig-js	shared	method_calls	4	500	0	198247666	40201000
zig-js	shared	method_calls	4	500	1	201195292	40201000
zig-js	shared	method_calls	4	500	2	213128875	40201000
zig-js	shared	method_calls	4	500	3	208382000	40201000
zig-js	shared	method_calls	4	500	4	199919375	40201000
zig-js	shared	method_calls	4	500	5	200910917	40201000
zig-js	shared	method_calls	4	500	6	198719375	40201000
JavaScriptCore	independent_steady	method_calls	8	500	0	230374917	160402000
JavaScriptCore	independent_steady	method_calls	8	500	1	242886250	160402000
JavaScriptCore	independent_steady	method_calls	8	500	2	303218334	160402000
JavaScriptCore	independent_steady	method_calls	8	500	3	237768750	160402000
JavaScriptCore	independent_steady	method_calls	8	500	4	226784541	160402000
JavaScriptCore	independent_steady	method_calls	8	500	5	232473917	160402000
JavaScriptCore	independent_steady	method_calls	8	500	6	253387791	160402000
zig-js	independent_steady	method_calls	8	500	0	142234916	160402000
zig-js	independent_steady	method_calls	8	500	1	130835458	160402000
zig-js	independent_steady	method_calls	8	500	2	132303042	160402000
zig-js	independent_steady	method_calls	8	500	3	138157666	160402000
zig-js	independent_steady	method_calls	8	500	4	135790375	160402000
zig-js	independent_steady	method_calls	8	500	5	125797959	160402000
zig-js	independent_steady	method_calls	8	500	6	130860125	160402000
zig-js	independent_cold	method_calls	8	500	0	145578083	160402000
zig-js	independent_cold	method_calls	8	500	1	131138917	160402000
zig-js	independent_cold	method_calls	8	500	2	131723708	160402000
zig-js	independent_cold	method_calls	8	500	3	133610000	160402000
zig-js	independent_cold	method_calls	8	500	4	131346584	160402000
zig-js	independent_cold	method_calls	8	500	5	133906625	160402000
zig-js	independent_cold	method_calls	8	500	6	140780959	160402000
JavaScriptCore	independent_cold	method_calls	8	500	0	241804583	160402000
JavaScriptCore	independent_cold	method_calls	8	500	1	231972375	160402000
JavaScriptCore	independent_cold	method_calls	8	500	2	234690333	160402000
JavaScriptCore	independent_cold	method_calls	8	500	3	235412083	160402000
JavaScriptCore	independent_cold	method_calls	8	500	4	235863500	160402000
JavaScriptCore	independent_cold	method_calls	8	500	5	232277291	160402000
JavaScriptCore	independent_cold	method_calls	8	500	6	242868042	160402000
zig-js	shared	method_calls	8	500	0	269540208	160402000
zig-js	shared	method_calls	8	500	1	267797792	160402000
zig-js	shared	method_calls	8	500	2	268143041	160402000
zig-js	shared	method_calls	8	500	3	287123291	160402000
zig-js	shared	method_calls	8	500	4	268453458	160402000
zig-js	shared	method_calls	8	500	5	262734208	160402000
zig-js	shared	method_calls	8	500	6	269841666	160402000
JavaScriptCore	single	closure_calls	1	600	0	217782541	597092100
JavaScriptCore	single	closure_calls	1	600	1	216392875	597092100
JavaScriptCore	single	closure_calls	1	600	2	214343958	597092100
JavaScriptCore	single	closure_calls	1	600	3	215326042	597092100
JavaScriptCore	single	closure_calls	1	600	4	215656667	597092100
JavaScriptCore	single	closure_calls	1	600	5	217180084	597092100
JavaScriptCore	single	closure_calls	1	600	6	219068375	597092100
zig-js	single	closure_calls	1	600	0	100527750	597092100
zig-js	single	closure_calls	1	600	1	100545792	597092100
zig-js	single	closure_calls	1	600	2	100248541	597092100
zig-js	single	closure_calls	1	600	3	100484458	597092100
zig-js	single	closure_calls	1	600	4	100638750	597092100
zig-js	single	closure_calls	1	600	5	101545416	597092100
zig-js	single	closure_calls	1	600	6	109074917	597092100
zig-js	independent_steady	closure_calls	1	600	0	103415625	597092100
zig-js	independent_steady	closure_calls	1	600	1	104856417	597092100
zig-js	independent_steady	closure_calls	1	600	2	102078125	597092100
zig-js	independent_steady	closure_calls	1	600	3	102710833	597092100
zig-js	independent_steady	closure_calls	1	600	4	101813917	597092100
zig-js	independent_steady	closure_calls	1	600	5	101112541	597092100
zig-js	independent_steady	closure_calls	1	600	6	100551625	597092100
JavaScriptCore	independent_steady	closure_calls	1	600	0	213515334	597092100
JavaScriptCore	independent_steady	closure_calls	1	600	1	213917334	597092100
JavaScriptCore	independent_steady	closure_calls	1	600	2	214605750	597092100
JavaScriptCore	independent_steady	closure_calls	1	600	3	213107667	597092100
JavaScriptCore	independent_steady	closure_calls	1	600	4	213444291	597092100
JavaScriptCore	independent_steady	closure_calls	1	600	5	213914750	597092100
JavaScriptCore	independent_steady	closure_calls	1	600	6	214626000	597092100
JavaScriptCore	independent_cold	closure_calls	1	600	0	227738416	597092100
JavaScriptCore	independent_cold	closure_calls	1	600	1	216098500	597092100
JavaScriptCore	independent_cold	closure_calls	1	600	2	216788833	597092100
JavaScriptCore	independent_cold	closure_calls	1	600	3	218320292	597092100
JavaScriptCore	independent_cold	closure_calls	1	600	4	217021625	597092100
JavaScriptCore	independent_cold	closure_calls	1	600	5	246841000	597092100
JavaScriptCore	independent_cold	closure_calls	1	600	6	216128375	597092100
zig-js	independent_cold	closure_calls	1	600	0	106185917	597092100
zig-js	independent_cold	closure_calls	1	600	1	102194708	597092100
zig-js	independent_cold	closure_calls	1	600	2	102527875	597092100
zig-js	independent_cold	closure_calls	1	600	3	102426417	597092100
zig-js	independent_cold	closure_calls	1	600	4	102276500	597092100
zig-js	independent_cold	closure_calls	1	600	5	102331792	597092100
zig-js	independent_cold	closure_calls	1	600	6	103837541	597092100
zig-js	shared	closure_calls	1	600	0	101713500	597092100
zig-js	shared	closure_calls	1	600	1	101561334	597092100
zig-js	shared	closure_calls	1	600	2	102658417	597092100
zig-js	shared	closure_calls	1	600	3	101737958	597092100
zig-js	shared	closure_calls	1	600	4	101713583	597092100
zig-js	shared	closure_calls	1	600	5	101799167	597092100
zig-js	shared	closure_calls	1	600	6	105202709	597092100
zig-js	independent_steady	closure_calls	2	600	0	109461250	1194184800
zig-js	independent_steady	closure_calls	2	600	1	105220250	1194184800
zig-js	independent_steady	closure_calls	2	600	2	106950500	1194184800
zig-js	independent_steady	closure_calls	2	600	3	105969542	1194184800
zig-js	independent_steady	closure_calls	2	600	4	106386000	1194184800
zig-js	independent_steady	closure_calls	2	600	5	104873959	1194184800
zig-js	independent_steady	closure_calls	2	600	6	102169875	1194184800
JavaScriptCore	independent_steady	closure_calls	2	600	0	222156541	1194184800
JavaScriptCore	independent_steady	closure_calls	2	600	1	221709250	1194184800
JavaScriptCore	independent_steady	closure_calls	2	600	2	223094416	1194184800
JavaScriptCore	independent_steady	closure_calls	2	600	3	225377125	1194184800
JavaScriptCore	independent_steady	closure_calls	2	600	4	223404334	1194184800
JavaScriptCore	independent_steady	closure_calls	2	600	5	222983500	1194184800
JavaScriptCore	independent_steady	closure_calls	2	600	6	224588709	1194184800
JavaScriptCore	independent_cold	closure_calls	2	600	0	230546125	1194184800
JavaScriptCore	independent_cold	closure_calls	2	600	1	225028542	1194184800
JavaScriptCore	independent_cold	closure_calls	2	600	2	225466250	1194184800
JavaScriptCore	independent_cold	closure_calls	2	600	3	224195375	1194184800
JavaScriptCore	independent_cold	closure_calls	2	600	4	221386584	1194184800
JavaScriptCore	independent_cold	closure_calls	2	600	5	225303833	1194184800
JavaScriptCore	independent_cold	closure_calls	2	600	6	233496291	1194184800
zig-js	independent_cold	closure_calls	2	600	0	107704875	1194184800
zig-js	independent_cold	closure_calls	2	600	1	107506417	1194184800
zig-js	independent_cold	closure_calls	2	600	2	106154041	1194184800
zig-js	independent_cold	closure_calls	2	600	3	104687750	1194184800
zig-js	independent_cold	closure_calls	2	600	4	104979833	1194184800
zig-js	independent_cold	closure_calls	2	600	5	103753208	1194184800
zig-js	independent_cold	closure_calls	2	600	6	104235209	1194184800
zig-js	shared	closure_calls	2	600	0	112267292	1194184800
zig-js	shared	closure_calls	2	600	1	127592167	1194184800
zig-js	shared	closure_calls	2	600	2	117224583	1194184800
zig-js	shared	closure_calls	2	600	3	115770834	1194184800
zig-js	shared	closure_calls	2	600	4	114731250	1194184800
zig-js	shared	closure_calls	2	600	5	112723458	1194184800
zig-js	shared	closure_calls	2	600	6	111868375	1194184800
zig-js	independent_steady	closure_calls	4	600	0	103725000	2388372000
zig-js	independent_steady	closure_calls	4	600	1	103569958	2388372000
zig-js	independent_steady	closure_calls	4	600	2	105219250	2388372000
zig-js	independent_steady	closure_calls	4	600	3	105108833	2388372000
zig-js	independent_steady	closure_calls	4	600	4	106690667	2388372000
zig-js	independent_steady	closure_calls	4	600	5	104304125	2388372000
zig-js	independent_steady	closure_calls	4	600	6	104041166	2388372000
JavaScriptCore	independent_steady	closure_calls	4	600	0	244305125	2388372000
JavaScriptCore	independent_steady	closure_calls	4	600	1	248881458	2388372000
JavaScriptCore	independent_steady	closure_calls	4	600	2	241528042	2388372000
JavaScriptCore	independent_steady	closure_calls	4	600	3	243679709	2388372000
JavaScriptCore	independent_steady	closure_calls	4	600	4	240596958	2388372000
JavaScriptCore	independent_steady	closure_calls	4	600	5	246917917	2388372000
JavaScriptCore	independent_steady	closure_calls	4	600	6	243088709	2388372000
JavaScriptCore	independent_cold	closure_calls	4	600	0	260787375	2388372000
JavaScriptCore	independent_cold	closure_calls	4	600	1	247892125	2388372000
JavaScriptCore	independent_cold	closure_calls	4	600	2	248749875	2388372000
JavaScriptCore	independent_cold	closure_calls	4	600	3	249579208	2388372000
JavaScriptCore	independent_cold	closure_calls	4	600	4	243311542	2388372000
JavaScriptCore	independent_cold	closure_calls	4	600	5	250764958	2388372000
JavaScriptCore	independent_cold	closure_calls	4	600	6	248985334	2388372000
zig-js	independent_cold	closure_calls	4	600	0	119753459	2388372000
zig-js	independent_cold	closure_calls	4	600	1	109510917	2388372000
zig-js	independent_cold	closure_calls	4	600	2	109664583	2388372000
zig-js	independent_cold	closure_calls	4	600	3	118007500	2388372000
zig-js	independent_cold	closure_calls	4	600	4	111813375	2388372000
zig-js	independent_cold	closure_calls	4	600	5	108344292	2388372000
zig-js	independent_cold	closure_calls	4	600	6	111713917	2388372000
zig-js	shared	closure_calls	4	600	0	117023208	2388372000
zig-js	shared	closure_calls	4	600	1	117948875	2388372000
zig-js	shared	closure_calls	4	600	2	118389708	2388372000
zig-js	shared	closure_calls	4	600	3	121222541	2388372000
zig-js	shared	closure_calls	4	600	4	116877709	2388372000
zig-js	shared	closure_calls	4	600	5	118516292	2388372000
zig-js	shared	closure_calls	4	600	6	118051125	2388372000
zig-js	independent_steady	closure_calls	8	600	0	134511375	4776753600
zig-js	independent_steady	closure_calls	8	600	1	140638000	4776753600
zig-js	independent_steady	closure_calls	8	600	2	146137750	4776753600
zig-js	independent_steady	closure_calls	8	600	3	142358792	4776753600
zig-js	independent_steady	closure_calls	8	600	4	133536459	4776753600
zig-js	independent_steady	closure_calls	8	600	5	134080750	4776753600
zig-js	independent_steady	closure_calls	8	600	6	142825917	4776753600
JavaScriptCore	independent_steady	closure_calls	8	600	0	350496708	4776753600
JavaScriptCore	independent_steady	closure_calls	8	600	1	350227875	4776753600
JavaScriptCore	independent_steady	closure_calls	8	600	2	350928959	4776753600
JavaScriptCore	independent_steady	closure_calls	8	600	3	360654000	4776753600
JavaScriptCore	independent_steady	closure_calls	8	600	4	354457208	4776753600
JavaScriptCore	independent_steady	closure_calls	8	600	5	355589583	4776753600
JavaScriptCore	independent_steady	closure_calls	8	600	6	351632959	4776753600
JavaScriptCore	independent_cold	closure_calls	8	600	0	357732500	4776753600
JavaScriptCore	independent_cold	closure_calls	8	600	1	349669792	4776753600
JavaScriptCore	independent_cold	closure_calls	8	600	2	351431042	4776753600
JavaScriptCore	independent_cold	closure_calls	8	600	3	365264917	4776753600
JavaScriptCore	independent_cold	closure_calls	8	600	4	346673917	4776753600
JavaScriptCore	independent_cold	closure_calls	8	600	5	361467709	4776753600
JavaScriptCore	independent_cold	closure_calls	8	600	6	353986833	4776753600
zig-js	independent_cold	closure_calls	8	600	0	289836958	4776753600
zig-js	independent_cold	closure_calls	8	600	1	153785125	4776753600
zig-js	independent_cold	closure_calls	8	600	2	155544541	4776753600
zig-js	independent_cold	closure_calls	8	600	3	145694166	4776753600
zig-js	independent_cold	closure_calls	8	600	4	139675042	4776753600
zig-js	independent_cold	closure_calls	8	600	5	139272667	4776753600
zig-js	independent_cold	closure_calls	8	600	6	144326667	4776753600
zig-js	shared	closure_calls	8	600	0	183283333	4776753600
zig-js	shared	closure_calls	8	600	1	176785083	4776753600
zig-js	shared	closure_calls	8	600	2	174856875	4776753600
zig-js	shared	closure_calls	8	600	3	176309792	4776753600
zig-js	shared	closure_calls	8	600	4	179505334	4776753600
zig-js	shared	closure_calls	8	600	5	175320500	4776753600
zig-js	shared	closure_calls	8	600	6	178309500	4776753600
zig-js	single	arguments_calls	1	600	0	99416916	597092100
zig-js	single	arguments_calls	1	600	1	98199166	597092100
zig-js	single	arguments_calls	1	600	2	98377792	597092100
zig-js	single	arguments_calls	1	600	3	102660292	597092100
zig-js	single	arguments_calls	1	600	4	100486167	597092100
zig-js	single	arguments_calls	1	600	5	101969666	597092100
zig-js	single	arguments_calls	1	600	6	97708375	597092100
JavaScriptCore	single	arguments_calls	1	600	0	339195250	597092100
JavaScriptCore	single	arguments_calls	1	600	1	339648792	597092100
JavaScriptCore	single	arguments_calls	1	600	2	340747500	597092100
JavaScriptCore	single	arguments_calls	1	600	3	344240291	597092100
JavaScriptCore	single	arguments_calls	1	600	4	344039792	597092100
JavaScriptCore	single	arguments_calls	1	600	5	338879750	597092100
JavaScriptCore	single	arguments_calls	1	600	6	338868792	597092100
JavaScriptCore	independent_steady	arguments_calls	1	600	0	339762542	597092100
JavaScriptCore	independent_steady	arguments_calls	1	600	1	338552208	597092100
JavaScriptCore	independent_steady	arguments_calls	1	600	2	340515125	597092100
JavaScriptCore	independent_steady	arguments_calls	1	600	3	334853750	597092100
JavaScriptCore	independent_steady	arguments_calls	1	600	4	350516834	597092100
JavaScriptCore	independent_steady	arguments_calls	1	600	5	356322459	597092100
JavaScriptCore	independent_steady	arguments_calls	1	600	6	343483375	597092100
zig-js	independent_steady	arguments_calls	1	600	0	98972083	597092100
zig-js	independent_steady	arguments_calls	1	600	1	98585708	597092100
zig-js	independent_steady	arguments_calls	1	600	2	99497791	597092100
zig-js	independent_steady	arguments_calls	1	600	3	98485750	597092100
zig-js	independent_steady	arguments_calls	1	600	4	98844833	597092100
zig-js	independent_steady	arguments_calls	1	600	5	97684333	597092100
zig-js	independent_steady	arguments_calls	1	600	6	98791750	597092100
zig-js	independent_cold	arguments_calls	1	600	0	103047333	597092100
zig-js	independent_cold	arguments_calls	1	600	1	101253250	597092100
zig-js	independent_cold	arguments_calls	1	600	2	102467667	597092100
zig-js	independent_cold	arguments_calls	1	600	3	101100542	597092100
zig-js	independent_cold	arguments_calls	1	600	4	100722500	597092100
zig-js	independent_cold	arguments_calls	1	600	5	101363375	597092100
zig-js	independent_cold	arguments_calls	1	600	6	104131208	597092100
JavaScriptCore	independent_cold	arguments_calls	1	600	0	344924875	597092100
JavaScriptCore	independent_cold	arguments_calls	1	600	1	339279000	597092100
JavaScriptCore	independent_cold	arguments_calls	1	600	2	339274333	597092100
JavaScriptCore	independent_cold	arguments_calls	1	600	3	346575000	597092100
JavaScriptCore	independent_cold	arguments_calls	1	600	4	351543167	597092100
JavaScriptCore	independent_cold	arguments_calls	1	600	5	341635125	597092100
JavaScriptCore	independent_cold	arguments_calls	1	600	6	340349750	597092100
zig-js	shared	arguments_calls	1	600	0	98904667	597092100
zig-js	shared	arguments_calls	1	600	1	97647958	597092100
zig-js	shared	arguments_calls	1	600	2	98196042	597092100
zig-js	shared	arguments_calls	1	600	3	101370375	597092100
zig-js	shared	arguments_calls	1	600	4	98880625	597092100
zig-js	shared	arguments_calls	1	600	5	99095958	597092100
zig-js	shared	arguments_calls	1	600	6	100457834	597092100
JavaScriptCore	independent_steady	arguments_calls	2	600	0	345435500	1194184800
JavaScriptCore	independent_steady	arguments_calls	2	600	1	350426459	1194184800
JavaScriptCore	independent_steady	arguments_calls	2	600	2	380795542	1194184800
JavaScriptCore	independent_steady	arguments_calls	2	600	3	348795000	1194184800
JavaScriptCore	independent_steady	arguments_calls	2	600	4	347668208	1194184800
JavaScriptCore	independent_steady	arguments_calls	2	600	5	352957125	1194184800
JavaScriptCore	independent_steady	arguments_calls	2	600	6	346985917	1194184800
zig-js	independent_steady	arguments_calls	2	600	0	100619750	1194184800
zig-js	independent_steady	arguments_calls	2	600	1	100526584	1194184800
zig-js	independent_steady	arguments_calls	2	600	2	100137416	1194184800
zig-js	independent_steady	arguments_calls	2	600	3	100471750	1194184800
zig-js	independent_steady	arguments_calls	2	600	4	99722750	1194184800
zig-js	independent_steady	arguments_calls	2	600	5	99873417	1194184800
zig-js	independent_steady	arguments_calls	2	600	6	99931375	1194184800
zig-js	independent_cold	arguments_calls	2	600	0	104902917	1194184800
zig-js	independent_cold	arguments_calls	2	600	1	104666458	1194184800
zig-js	independent_cold	arguments_calls	2	600	2	106322917	1194184800
zig-js	independent_cold	arguments_calls	2	600	3	103990333	1194184800
zig-js	independent_cold	arguments_calls	2	600	4	103980542	1194184800
zig-js	independent_cold	arguments_calls	2	600	5	101907542	1194184800
zig-js	independent_cold	arguments_calls	2	600	6	104029334	1194184800
JavaScriptCore	independent_cold	arguments_calls	2	600	0	359375416	1194184800
JavaScriptCore	independent_cold	arguments_calls	2	600	1	353557250	1194184800
JavaScriptCore	independent_cold	arguments_calls	2	600	2	351373250	1194184800
JavaScriptCore	independent_cold	arguments_calls	2	600	3	350186292	1194184800
JavaScriptCore	independent_cold	arguments_calls	2	600	4	350406041	1194184800
JavaScriptCore	independent_cold	arguments_calls	2	600	5	348795250	1194184800
JavaScriptCore	independent_cold	arguments_calls	2	600	6	349708125	1194184800
zig-js	shared	arguments_calls	2	600	0	99915541	1194184800
zig-js	shared	arguments_calls	2	600	1	100262875	1194184800
zig-js	shared	arguments_calls	2	600	2	100641625	1194184800
zig-js	shared	arguments_calls	2	600	3	99868917	1194184800
zig-js	shared	arguments_calls	2	600	4	99675750	1194184800
zig-js	shared	arguments_calls	2	600	5	100958334	1194184800
zig-js	shared	arguments_calls	2	600	6	99761084	1194184800
JavaScriptCore	independent_steady	arguments_calls	4	600	0	365430417	2388372000
JavaScriptCore	independent_steady	arguments_calls	4	600	1	363458458	2388372000
JavaScriptCore	independent_steady	arguments_calls	4	600	2	368486458	2388372000
JavaScriptCore	independent_steady	arguments_calls	4	600	3	364811583	2388372000
JavaScriptCore	independent_steady	arguments_calls	4	600	4	397937917	2388372000
JavaScriptCore	independent_steady	arguments_calls	4	600	5	415143208	2388372000
JavaScriptCore	independent_steady	arguments_calls	4	600	6	364634583	2388372000
zig-js	independent_steady	arguments_calls	4	600	0	103588292	2388372000
zig-js	independent_steady	arguments_calls	4	600	1	104882500	2388372000
zig-js	independent_steady	arguments_calls	4	600	2	103482792	2388372000
zig-js	independent_steady	arguments_calls	4	600	3	103801292	2388372000
zig-js	independent_steady	arguments_calls	4	600	4	102412125	2388372000
zig-js	independent_steady	arguments_calls	4	600	5	115394750	2388372000
zig-js	independent_steady	arguments_calls	4	600	6	104570583	2388372000
zig-js	independent_cold	arguments_calls	4	600	0	114554667	2388372000
zig-js	independent_cold	arguments_calls	4	600	1	106957417	2388372000
zig-js	independent_cold	arguments_calls	4	600	2	105841750	2388372000
zig-js	independent_cold	arguments_calls	4	600	3	106982292	2388372000
zig-js	independent_cold	arguments_calls	4	600	4	106254167	2388372000
zig-js	independent_cold	arguments_calls	4	600	5	106916500	2388372000
zig-js	independent_cold	arguments_calls	4	600	6	105833584	2388372000
JavaScriptCore	independent_cold	arguments_calls	4	600	0	404656333	2388372000
JavaScriptCore	independent_cold	arguments_calls	4	600	1	395460667	2388372000
JavaScriptCore	independent_cold	arguments_calls	4	600	2	478252500	2388372000
JavaScriptCore	independent_cold	arguments_calls	4	600	3	412873417	2388372000
JavaScriptCore	independent_cold	arguments_calls	4	600	4	379601416	2388372000
JavaScriptCore	independent_cold	arguments_calls	4	600	5	387751416	2388372000
JavaScriptCore	independent_cold	arguments_calls	4	600	6	384648708	2388372000
zig-js	shared	arguments_calls	4	600	0	103144708	2388372000
zig-js	shared	arguments_calls	4	600	1	102580292	2388372000
zig-js	shared	arguments_calls	4	600	2	101407958	2388372000
zig-js	shared	arguments_calls	4	600	3	102760708	2388372000
zig-js	shared	arguments_calls	4	600	4	102041500	2388372000
zig-js	shared	arguments_calls	4	600	5	102853917	2388372000
zig-js	shared	arguments_calls	4	600	6	102758000	2388372000
JavaScriptCore	independent_steady	arguments_calls	8	600	0	520629959	4776753600
JavaScriptCore	independent_steady	arguments_calls	8	600	1	533692333	4776753600
JavaScriptCore	independent_steady	arguments_calls	8	600	2	515395041	4776753600
JavaScriptCore	independent_steady	arguments_calls	8	600	3	532736416	4776753600
JavaScriptCore	independent_steady	arguments_calls	8	600	4	526471042	4776753600
JavaScriptCore	independent_steady	arguments_calls	8	600	5	536355583	4776753600
JavaScriptCore	independent_steady	arguments_calls	8	600	6	605235625	4776753600
zig-js	independent_steady	arguments_calls	8	600	0	126110416	4776753600
zig-js	independent_steady	arguments_calls	8	600	1	130580708	4776753600
zig-js	independent_steady	arguments_calls	8	600	2	127299791	4776753600
zig-js	independent_steady	arguments_calls	8	600	3	132481542	4776753600
zig-js	independent_steady	arguments_calls	8	600	4	128628875	4776753600
zig-js	independent_steady	arguments_calls	8	600	5	129095375	4776753600
zig-js	independent_steady	arguments_calls	8	600	6	126538500	4776753600
zig-js	independent_cold	arguments_calls	8	600	0	143334875	4776753600
zig-js	independent_cold	arguments_calls	8	600	1	137452125	4776753600
zig-js	independent_cold	arguments_calls	8	600	2	132025875	4776753600
zig-js	independent_cold	arguments_calls	8	600	3	145817167	4776753600
zig-js	independent_cold	arguments_calls	8	600	4	143431708	4776753600
zig-js	independent_cold	arguments_calls	8	600	5	135668584	4776753600
zig-js	independent_cold	arguments_calls	8	600	6	134695625	4776753600
JavaScriptCore	independent_cold	arguments_calls	8	600	0	544573791	4776753600
JavaScriptCore	independent_cold	arguments_calls	8	600	1	558178333	4776753600
JavaScriptCore	independent_cold	arguments_calls	8	600	2	650805167	4776753600
JavaScriptCore	independent_cold	arguments_calls	8	600	3	539872166	4776753600
JavaScriptCore	independent_cold	arguments_calls	8	600	4	549731000	4776753600
JavaScriptCore	independent_cold	arguments_calls	8	600	5	539986666	4776753600
JavaScriptCore	independent_cold	arguments_calls	8	600	6	560702375	4776753600
zig-js	shared	arguments_calls	8	600	0	135391125	4776753600
zig-js	shared	arguments_calls	8	600	1	137531125	4776753600
zig-js	shared	arguments_calls	8	600	2	133215000	4776753600
zig-js	shared	arguments_calls	8	600	3	138965584	4776753600
zig-js	shared	arguments_calls	8	600	4	132790500	4776753600
zig-js	shared	arguments_calls	8	600	5	138992416	4776753600
zig-js	shared	arguments_calls	8	600	6	133730250	4776753600
JavaScriptCore	single	fibonacci	1	125	0	503421583	24552125
JavaScriptCore	single	fibonacci	1	125	1	524212250	24552125
JavaScriptCore	single	fibonacci	1	125	2	506004167	24552125
JavaScriptCore	single	fibonacci	1	125	3	513803250	24552125
JavaScriptCore	single	fibonacci	1	125	4	504658708	24552125
JavaScriptCore	single	fibonacci	1	125	5	504670166	24552125
JavaScriptCore	single	fibonacci	1	125	6	502868833	24552125
zig-js	single	fibonacci	1	125	0	98097000	24552125
zig-js	single	fibonacci	1	125	1	100612084	24552125
zig-js	single	fibonacci	1	125	2	98260333	24552125
zig-js	single	fibonacci	1	125	3	97470792	24552125
zig-js	single	fibonacci	1	125	4	99908583	24552125
zig-js	single	fibonacci	1	125	5	99495292	24552125
zig-js	single	fibonacci	1	125	6	99561375	24552125
zig-js	independent_steady	fibonacci	1	125	0	99210125	24552125
zig-js	independent_steady	fibonacci	1	125	1	96387250	24552125
zig-js	independent_steady	fibonacci	1	125	2	95732375	24552125
zig-js	independent_steady	fibonacci	1	125	3	96872625	24552125
zig-js	independent_steady	fibonacci	1	125	4	96205958	24552125
zig-js	independent_steady	fibonacci	1	125	5	95182792	24552125
zig-js	independent_steady	fibonacci	1	125	6	96801750	24552125
JavaScriptCore	independent_steady	fibonacci	1	125	0	505671291	24552125
JavaScriptCore	independent_steady	fibonacci	1	125	1	502320625	24552125
JavaScriptCore	independent_steady	fibonacci	1	125	2	503493750	24552125
JavaScriptCore	independent_steady	fibonacci	1	125	3	504171875	24552125
JavaScriptCore	independent_steady	fibonacci	1	125	4	527014125	24552125
JavaScriptCore	independent_steady	fibonacci	1	125	5	501515875	24552125
JavaScriptCore	independent_steady	fibonacci	1	125	6	504676917	24552125
JavaScriptCore	independent_cold	fibonacci	1	125	0	508467334	24552125
JavaScriptCore	independent_cold	fibonacci	1	125	1	503956792	24552125
JavaScriptCore	independent_cold	fibonacci	1	125	2	504162917	24552125
JavaScriptCore	independent_cold	fibonacci	1	125	3	507006959	24552125
JavaScriptCore	independent_cold	fibonacci	1	125	4	505930708	24552125
JavaScriptCore	independent_cold	fibonacci	1	125	5	507942834	24552125
JavaScriptCore	independent_cold	fibonacci	1	125	6	504533333	24552125
zig-js	independent_cold	fibonacci	1	125	0	97294584	24552125
zig-js	independent_cold	fibonacci	1	125	1	99570959	24552125
zig-js	independent_cold	fibonacci	1	125	2	108160291	24552125
zig-js	independent_cold	fibonacci	1	125	3	101764833	24552125
zig-js	independent_cold	fibonacci	1	125	4	99944083	24552125
zig-js	independent_cold	fibonacci	1	125	5	101791333	24552125
zig-js	independent_cold	fibonacci	1	125	6	103217042	24552125
zig-js	shared	fibonacci	1	125	0	284786417	24552125
zig-js	shared	fibonacci	1	125	1	285341042	24552125
zig-js	shared	fibonacci	1	125	2	285027917	24552125
zig-js	shared	fibonacci	1	125	3	284566917	24552125
zig-js	shared	fibonacci	1	125	4	284886917	24552125
zig-js	shared	fibonacci	1	125	5	283711083	24552125
zig-js	shared	fibonacci	1	125	6	283814042	24552125
zig-js	independent_steady	fibonacci	2	125	0	96327084	49104251
zig-js	independent_steady	fibonacci	2	125	1	99570375	49104251
zig-js	independent_steady	fibonacci	2	125	2	98371042	49104251
zig-js	independent_steady	fibonacci	2	125	3	97274417	49104251
zig-js	independent_steady	fibonacci	2	125	4	97326542	49104251
zig-js	independent_steady	fibonacci	2	125	5	98022458	49104251
zig-js	independent_steady	fibonacci	2	125	6	95530834	49104251
JavaScriptCore	independent_steady	fibonacci	2	125	0	507554583	49104251
JavaScriptCore	independent_steady	fibonacci	2	125	1	509405417	49104251
JavaScriptCore	independent_steady	fibonacci	2	125	2	507217584	49104251
JavaScriptCore	independent_steady	fibonacci	2	125	3	509036875	49104251
JavaScriptCore	independent_steady	fibonacci	2	125	4	508342167	49104251
JavaScriptCore	independent_steady	fibonacci	2	125	5	529276166	49104251
JavaScriptCore	independent_steady	fibonacci	2	125	6	530787042	49104251
JavaScriptCore	independent_cold	fibonacci	2	125	0	524839584	49104251
JavaScriptCore	independent_cold	fibonacci	2	125	1	518094333	49104251
JavaScriptCore	independent_cold	fibonacci	2	125	2	512649542	49104251
JavaScriptCore	independent_cold	fibonacci	2	125	3	513347500	49104251
JavaScriptCore	independent_cold	fibonacci	2	125	4	515857416	49104251
JavaScriptCore	independent_cold	fibonacci	2	125	5	518203583	49104251
JavaScriptCore	independent_cold	fibonacci	2	125	6	515240833	49104251
zig-js	independent_cold	fibonacci	2	125	0	101097625	49104251
zig-js	independent_cold	fibonacci	2	125	1	102418916	49104251
zig-js	independent_cold	fibonacci	2	125	2	101927792	49104251
zig-js	independent_cold	fibonacci	2	125	3	100288417	49104251
zig-js	independent_cold	fibonacci	2	125	4	99405541	49104251
zig-js	independent_cold	fibonacci	2	125	5	102016042	49104251
zig-js	independent_cold	fibonacci	2	125	6	101529875	49104251
zig-js	shared	fibonacci	2	125	0	296538625	49104251
zig-js	shared	fibonacci	2	125	1	288295125	49104251
zig-js	shared	fibonacci	2	125	2	385143916	49104251
zig-js	shared	fibonacci	2	125	3	327387667	49104251
zig-js	shared	fibonacci	2	125	4	311368167	49104251
zig-js	shared	fibonacci	2	125	5	332271500	49104251
zig-js	shared	fibonacci	2	125	6	346218917	49104251
zig-js	independent_steady	fibonacci	4	125	0	153891208	98208506
zig-js	independent_steady	fibonacci	4	125	1	136660958	98208506
zig-js	independent_steady	fibonacci	4	125	2	137867209	98208506
zig-js	independent_steady	fibonacci	4	125	3	152139208	98208506
zig-js	independent_steady	fibonacci	4	125	4	147038958	98208506
zig-js	independent_steady	fibonacci	4	125	5	130687334	98208506
zig-js	independent_steady	fibonacci	4	125	6	136115417	98208506
JavaScriptCore	independent_steady	fibonacci	4	125	0	562333667	98208506
JavaScriptCore	independent_steady	fibonacci	4	125	1	548826334	98208506
JavaScriptCore	independent_steady	fibonacci	4	125	2	563880542	98208506
JavaScriptCore	independent_steady	fibonacci	4	125	3	725710666	98208506
JavaScriptCore	independent_steady	fibonacci	4	125	4	704469708	98208506
JavaScriptCore	independent_steady	fibonacci	4	125	5	794750959	98208506
JavaScriptCore	independent_steady	fibonacci	4	125	6	574674417	98208506
JavaScriptCore	independent_cold	fibonacci	4	125	0	638213083	98208506
JavaScriptCore	independent_cold	fibonacci	4	125	1	558632417	98208506
JavaScriptCore	independent_cold	fibonacci	4	125	2	625004959	98208506
JavaScriptCore	independent_cold	fibonacci	4	125	3	557849125	98208506
JavaScriptCore	independent_cold	fibonacci	4	125	4	594826750	98208506
JavaScriptCore	independent_cold	fibonacci	4	125	5	551425458	98208506
JavaScriptCore	independent_cold	fibonacci	4	125	6	553621917	98208506
zig-js	independent_cold	fibonacci	4	125	0	128861833	98208506
zig-js	independent_cold	fibonacci	4	125	1	113299292	98208506
zig-js	independent_cold	fibonacci	4	125	2	113203042	98208506
zig-js	independent_cold	fibonacci	4	125	3	112075000	98208506
zig-js	independent_cold	fibonacci	4	125	4	110421459	98208506
zig-js	independent_cold	fibonacci	4	125	5	111921708	98208506
zig-js	independent_cold	fibonacci	4	125	6	110292125	98208506
zig-js	shared	fibonacci	4	125	0	307878709	98208506
zig-js	shared	fibonacci	4	125	1	312449500	98208506
zig-js	shared	fibonacci	4	125	2	312595250	98208506
zig-js	shared	fibonacci	4	125	3	313457833	98208506
zig-js	shared	fibonacci	4	125	4	310749834	98208506
zig-js	shared	fibonacci	4	125	5	312812375	98208506
zig-js	shared	fibonacci	4	125	6	314478791	98208506
zig-js	independent_steady	fibonacci	8	125	0	152711083	196417028
zig-js	independent_steady	fibonacci	8	125	1	157165708	196417028
zig-js	independent_steady	fibonacci	8	125	2	150950667	196417028
zig-js	independent_steady	fibonacci	8	125	3	154634083	196417028
zig-js	independent_steady	fibonacci	8	125	4	152285750	196417028
zig-js	independent_steady	fibonacci	8	125	5	150868250	196417028
zig-js	independent_steady	fibonacci	8	125	6	163412334	196417028
JavaScriptCore	independent_steady	fibonacci	8	125	0	804944458	196417028
JavaScriptCore	independent_steady	fibonacci	8	125	1	806425375	196417028
JavaScriptCore	independent_steady	fibonacci	8	125	2	797053083	196417028
JavaScriptCore	independent_steady	fibonacci	8	125	3	770468750	196417028
JavaScriptCore	independent_steady	fibonacci	8	125	4	797688416	196417028
JavaScriptCore	independent_steady	fibonacci	8	125	5	804432334	196417028
JavaScriptCore	independent_steady	fibonacci	8	125	6	835272333	196417028
JavaScriptCore	independent_cold	fibonacci	8	125	0	958863750	196417028
JavaScriptCore	independent_cold	fibonacci	8	125	1	821672000	196417028
JavaScriptCore	independent_cold	fibonacci	8	125	2	823213417	196417028
JavaScriptCore	independent_cold	fibonacci	8	125	3	852680875	196417028
JavaScriptCore	independent_cold	fibonacci	8	125	4	864860833	196417028
JavaScriptCore	independent_cold	fibonacci	8	125	5	848007083	196417028
JavaScriptCore	independent_cold	fibonacci	8	125	6	978973708	196417028
zig-js	independent_cold	fibonacci	8	125	0	180791959	196417028
zig-js	independent_cold	fibonacci	8	125	1	189350458	196417028
zig-js	independent_cold	fibonacci	8	125	2	174326958	196417028
zig-js	independent_cold	fibonacci	8	125	3	169739167	196417028
zig-js	independent_cold	fibonacci	8	125	4	188793459	196417028
zig-js	independent_cold	fibonacci	8	125	5	163345792	196417028
zig-js	independent_cold	fibonacci	8	125	6	169997583	196417028
zig-js	shared	fibonacci	8	125	0	475889541	196417028
zig-js	shared	fibonacci	8	125	1	467830875	196417028
zig-js	shared	fibonacci	8	125	2	469352292	196417028
zig-js	shared	fibonacci	8	125	3	458402500	196417028
zig-js	shared	fibonacci	8	125	4	469183875	196417028
zig-js	shared	fibonacci	8	125	5	448054834	196417028
zig-js	shared	fibonacci	8	125	6	453176958	196417028
