engine	mode	workload	lanes	jobs	sample	elapsed_ns	checksum
zig-js	single	arithmetic	1	240	0	91171291	224429640
zig-js	single	arithmetic	1	240	1	87806125	224429640
zig-js	single	arithmetic	1	240	2	88244500	224429640
zig-js	single	arithmetic	1	240	3	87471250	224429640
zig-js	single	arithmetic	1	240	4	89257166	224429640
zig-js	single	arithmetic	1	240	5	87636833	224429640
zig-js	single	arithmetic	1	240	6	86994417	224429640
JavaScriptCore	single	arithmetic	1	240	0	369596833	224429640
JavaScriptCore	single	arithmetic	1	240	1	365907250	224429640
JavaScriptCore	single	arithmetic	1	240	2	365452167	224429640
JavaScriptCore	single	arithmetic	1	240	3	365040125	224429640
JavaScriptCore	single	arithmetic	1	240	4	368954250	224429640
JavaScriptCore	single	arithmetic	1	240	5	409991958	224429640
JavaScriptCore	single	arithmetic	1	240	6	371201334	224429640
JavaScriptCore	independent_steady	arithmetic	1	240	0	368056458	224429640
JavaScriptCore	independent_steady	arithmetic	1	240	1	369746667	224429640
JavaScriptCore	independent_steady	arithmetic	1	240	2	368886625	224429640
JavaScriptCore	independent_steady	arithmetic	1	240	3	370948667	224429640
JavaScriptCore	independent_steady	arithmetic	1	240	4	367576041	224429640
JavaScriptCore	independent_steady	arithmetic	1	240	5	369614000	224429640
JavaScriptCore	independent_steady	arithmetic	1	240	6	370395000	224429640
zig-js	independent_steady	arithmetic	1	240	0	88016750	224429640
zig-js	independent_steady	arithmetic	1	240	1	88947250	224429640
zig-js	independent_steady	arithmetic	1	240	2	86947958	224429640
zig-js	independent_steady	arithmetic	1	240	3	87499625	224429640
zig-js	independent_steady	arithmetic	1	240	4	87416708	224429640
zig-js	independent_steady	arithmetic	1	240	5	87441834	224429640
zig-js	independent_steady	arithmetic	1	240	6	87221959	224429640
zig-js	independent_cold	arithmetic	1	240	0	90868750	224429640
zig-js	independent_cold	arithmetic	1	240	1	89532542	224429640
zig-js	independent_cold	arithmetic	1	240	2	90162791	224429640
zig-js	independent_cold	arithmetic	1	240	3	90024875	224429640
zig-js	independent_cold	arithmetic	1	240	4	89505875	224429640
zig-js	independent_cold	arithmetic	1	240	5	89909208	224429640
zig-js	independent_cold	arithmetic	1	240	6	89561334	224429640
JavaScriptCore	independent_cold	arithmetic	1	240	0	371075958	224429640
JavaScriptCore	independent_cold	arithmetic	1	240	1	366822292	224429640
JavaScriptCore	independent_cold	arithmetic	1	240	2	363254208	224429640
JavaScriptCore	independent_cold	arithmetic	1	240	3	372608584	224429640
JavaScriptCore	independent_cold	arithmetic	1	240	4	369013833	224429640
JavaScriptCore	independent_cold	arithmetic	1	240	5	365444875	224429640
JavaScriptCore	independent_cold	arithmetic	1	240	6	368961958	224429640
zig-js	shared	arithmetic	1	240	0	86549833	224429640
zig-js	shared	arithmetic	1	240	1	86769125	224429640
zig-js	shared	arithmetic	1	240	2	87217625	224429640
zig-js	shared	arithmetic	1	240	3	86592583	224429640
zig-js	shared	arithmetic	1	240	4	86462292	224429640
zig-js	shared	arithmetic	1	240	5	86736625	224429640
zig-js	shared	arithmetic	1	240	6	87269208	224429640
JavaScriptCore	independent_steady	arithmetic	2	240	0	377410875	232858800
JavaScriptCore	independent_steady	arithmetic	2	240	1	376060542	232858800
JavaScriptCore	independent_steady	arithmetic	2	240	2	374749417	232858800
JavaScriptCore	independent_steady	arithmetic	2	240	3	374085250	232858800
JavaScriptCore	independent_steady	arithmetic	2	240	4	370854250	232858800
JavaScriptCore	independent_steady	arithmetic	2	240	5	373646834	232858800
JavaScriptCore	independent_steady	arithmetic	2	240	6	372119250	232858800
zig-js	independent_steady	arithmetic	2	240	0	88420791	232858800
zig-js	independent_steady	arithmetic	2	240	1	88904709	232858800
zig-js	independent_steady	arithmetic	2	240	2	88306584	232858800
zig-js	independent_steady	arithmetic	2	240	3	87996750	232858800
zig-js	independent_steady	arithmetic	2	240	4	88216958	232858800
zig-js	independent_steady	arithmetic	2	240	5	88704333	232858800
zig-js	independent_steady	arithmetic	2	240	6	88128042	232858800
zig-js	independent_cold	arithmetic	2	240	0	92596625	232858800
zig-js	independent_cold	arithmetic	2	240	1	91106292	232858800
zig-js	independent_cold	arithmetic	2	240	2	95045542	232858800
zig-js	independent_cold	arithmetic	2	240	3	91827875	232858800
zig-js	independent_cold	arithmetic	2	240	4	91185083	232858800
zig-js	independent_cold	arithmetic	2	240	5	92530292	232858800
zig-js	independent_cold	arithmetic	2	240	6	91286041	232858800
JavaScriptCore	independent_cold	arithmetic	2	240	0	377050541	232858800
JavaScriptCore	independent_cold	arithmetic	2	240	1	375167625	232858800
JavaScriptCore	independent_cold	arithmetic	2	240	2	374334083	232858800
JavaScriptCore	independent_cold	arithmetic	2	240	3	374539375	232858800
JavaScriptCore	independent_cold	arithmetic	2	240	4	376265500	232858800
JavaScriptCore	independent_cold	arithmetic	2	240	5	373818000	232858800
JavaScriptCore	independent_cold	arithmetic	2	240	6	375784083	232858800
zig-js	shared	arithmetic	2	240	0	87417875	232858800
zig-js	shared	arithmetic	2	240	1	87589833	232858800
zig-js	shared	arithmetic	2	240	2	88107000	232858800
zig-js	shared	arithmetic	2	240	3	87618208	232858800
zig-js	shared	arithmetic	2	240	4	87659666	232858800
zig-js	shared	arithmetic	2	240	5	88179541	232858800
zig-js	shared	arithmetic	2	240	6	95718125	232858800
JavaScriptCore	independent_steady	arithmetic	4	240	0	390999292	321717840
JavaScriptCore	independent_steady	arithmetic	4	240	1	395915917	321717840
JavaScriptCore	independent_steady	arithmetic	4	240	2	395626583	321717840
JavaScriptCore	independent_steady	arithmetic	4	240	3	389267417	321717840
JavaScriptCore	independent_steady	arithmetic	4	240	4	396677083	321717840
JavaScriptCore	independent_steady	arithmetic	4	240	5	386901791	321717840
JavaScriptCore	independent_steady	arithmetic	4	240	6	388344459	321717840
zig-js	independent_steady	arithmetic	4	240	0	93406958	321717840
zig-js	independent_steady	arithmetic	4	240	1	93246000	321717840
zig-js	independent_steady	arithmetic	4	240	2	91381958	321717840
zig-js	independent_steady	arithmetic	4	240	3	90461917	321717840
zig-js	independent_steady	arithmetic	4	240	4	92293500	321717840
zig-js	independent_steady	arithmetic	4	240	5	90708583	321717840
zig-js	independent_steady	arithmetic	4	240	6	90283375	321717840
zig-js	independent_cold	arithmetic	4	240	0	94177375	321717840
zig-js	independent_cold	arithmetic	4	240	1	93660292	321717840
zig-js	independent_cold	arithmetic	4	240	2	93840417	321717840
zig-js	independent_cold	arithmetic	4	240	3	94980708	321717840
zig-js	independent_cold	arithmetic	4	240	4	94639375	321717840
zig-js	independent_cold	arithmetic	4	240	5	94953208	321717840
zig-js	independent_cold	arithmetic	4	240	6	95037792	321717840
JavaScriptCore	independent_cold	arithmetic	4	240	0	398606125	321717840
JavaScriptCore	independent_cold	arithmetic	4	240	1	390481750	321717840
JavaScriptCore	independent_cold	arithmetic	4	240	2	391929208	321717840
JavaScriptCore	independent_cold	arithmetic	4	240	3	398169958	321717840
JavaScriptCore	independent_cold	arithmetic	4	240	4	397338125	321717840
JavaScriptCore	independent_cold	arithmetic	4	240	5	398499667	321717840
JavaScriptCore	independent_cold	arithmetic	4	240	6	398806167	321717840
zig-js	shared	arithmetic	4	240	0	90708167	321717840
zig-js	shared	arithmetic	4	240	1	89844666	321717840
zig-js	shared	arithmetic	4	240	2	90517083	321717840
zig-js	shared	arithmetic	4	240	3	90639083	321717840
zig-js	shared	arithmetic	4	240	4	89485167	321717840
zig-js	shared	arithmetic	4	240	5	91136459	321717840
zig-js	shared	arithmetic	4	240	6	90521917	321717840
JavaScriptCore	independent_steady	arithmetic	8	240	0	678863625	787438800
JavaScriptCore	independent_steady	arithmetic	8	240	1	689264041	787438800
JavaScriptCore	independent_steady	arithmetic	8	240	2	745055792	787438800
JavaScriptCore	independent_steady	arithmetic	8	240	3	642106917	787438800
JavaScriptCore	independent_steady	arithmetic	8	240	4	634749750	787438800
JavaScriptCore	independent_steady	arithmetic	8	240	5	756320292	787438800
JavaScriptCore	independent_steady	arithmetic	8	240	6	576069375	787438800
zig-js	independent_steady	arithmetic	8	240	0	108877333	787438800
zig-js	independent_steady	arithmetic	8	240	1	109638250	787438800
zig-js	independent_steady	arithmetic	8	240	2	107972084	787438800
zig-js	independent_steady	arithmetic	8	240	3	113094000	787438800
zig-js	independent_steady	arithmetic	8	240	4	113244375	787438800
zig-js	independent_steady	arithmetic	8	240	5	109723333	787438800
zig-js	independent_steady	arithmetic	8	240	6	110314500	787438800
zig-js	independent_cold	arithmetic	8	240	0	120121542	787438800
zig-js	independent_cold	arithmetic	8	240	1	120727500	787438800
zig-js	independent_cold	arithmetic	8	240	2	112447875	787438800
zig-js	independent_cold	arithmetic	8	240	3	121917208	787438800
zig-js	independent_cold	arithmetic	8	240	4	116326250	787438800
zig-js	independent_cold	arithmetic	8	240	5	121102625	787438800
zig-js	independent_cold	arithmetic	8	240	6	115157666	787438800
JavaScriptCore	independent_cold	arithmetic	8	240	0	577839458	787438800
JavaScriptCore	independent_cold	arithmetic	8	240	1	573973042	787438800
JavaScriptCore	independent_cold	arithmetic	8	240	2	581711375	787438800
JavaScriptCore	independent_cold	arithmetic	8	240	3	582844042	787438800
JavaScriptCore	independent_cold	arithmetic	8	240	4	607398500	787438800
JavaScriptCore	independent_cold	arithmetic	8	240	5	615520125	787438800
JavaScriptCore	independent_cold	arithmetic	8	240	6	597975834	787438800
zig-js	shared	arithmetic	8	240	0	112455334	787438800
zig-js	shared	arithmetic	8	240	1	114121333	787438800
zig-js	shared	arithmetic	8	240	2	108729708	787438800
zig-js	shared	arithmetic	8	240	3	109903209	787438800
zig-js	shared	arithmetic	8	240	4	109894667	787438800
zig-js	shared	arithmetic	8	240	5	107971792	787438800
zig-js	shared	arithmetic	8	240	6	109410167	787438800
JavaScriptCore	single	properties	1	300	0	316978375	453042750
JavaScriptCore	single	properties	1	300	1	315687583	453042750
JavaScriptCore	single	properties	1	300	2	316448416	453042750
JavaScriptCore	single	properties	1	300	3	316287459	453042750
JavaScriptCore	single	properties	1	300	4	317574167	453042750
JavaScriptCore	single	properties	1	300	5	320018958	453042750
JavaScriptCore	single	properties	1	300	6	319182292	453042750
zig-js	single	properties	1	300	0	113465917	453042750
zig-js	single	properties	1	300	1	112039333	453042750
zig-js	single	properties	1	300	2	114855084	453042750
zig-js	single	properties	1	300	3	113525750	453042750
zig-js	single	properties	1	300	4	113487167	453042750
zig-js	single	properties	1	300	5	113707917	453042750
zig-js	single	properties	1	300	6	112425125	453042750
zig-js	independent_steady	properties	1	300	0	112710000	453042750
zig-js	independent_steady	properties	1	300	1	112730541	453042750
zig-js	independent_steady	properties	1	300	2	112590917	453042750
zig-js	independent_steady	properties	1	300	3	112447417	453042750
zig-js	independent_steady	properties	1	300	4	112925333	453042750
zig-js	independent_steady	properties	1	300	5	112721875	453042750
zig-js	independent_steady	properties	1	300	6	113457125	453042750
JavaScriptCore	independent_steady	properties	1	300	0	317876083	453042750
JavaScriptCore	independent_steady	properties	1	300	1	338168291	453042750
JavaScriptCore	independent_steady	properties	1	300	2	316065167	453042750
JavaScriptCore	independent_steady	properties	1	300	3	314433417	453042750
JavaScriptCore	independent_steady	properties	1	300	4	315982125	453042750
JavaScriptCore	independent_steady	properties	1	300	5	317404917	453042750
JavaScriptCore	independent_steady	properties	1	300	6	316147209	453042750
JavaScriptCore	independent_cold	properties	1	300	0	319458959	453042750
JavaScriptCore	independent_cold	properties	1	300	1	323106916	453042750
JavaScriptCore	independent_cold	properties	1	300	2	316725208	453042750
JavaScriptCore	independent_cold	properties	1	300	3	316585917	453042750
JavaScriptCore	independent_cold	properties	1	300	4	321633042	453042750
JavaScriptCore	independent_cold	properties	1	300	5	316046750	453042750
JavaScriptCore	independent_cold	properties	1	300	6	400024625	453042750
zig-js	independent_cold	properties	1	300	0	119288292	453042750
zig-js	independent_cold	properties	1	300	1	119002375	453042750
zig-js	independent_cold	properties	1	300	2	115355084	453042750
zig-js	independent_cold	properties	1	300	3	112974959	453042750
zig-js	independent_cold	properties	1	300	4	113759750	453042750
zig-js	independent_cold	properties	1	300	5	113194875	453042750
zig-js	independent_cold	properties	1	300	6	112457625	453042750
zig-js	shared	properties	1	300	0	159486750	453042750
zig-js	shared	properties	1	300	1	159727958	453042750
zig-js	shared	properties	1	300	2	157715500	453042750
zig-js	shared	properties	1	300	3	159048666	453042750
zig-js	shared	properties	1	300	4	158635625	453042750
zig-js	shared	properties	1	300	5	158924209	453042750
zig-js	shared	properties	1	300	6	158106166	453042750
zig-js	independent_steady	properties	2	300	0	113936750	906086400
zig-js	independent_steady	properties	2	300	1	112795125	906086400
zig-js	independent_steady	properties	2	300	2	113151041	906086400
zig-js	independent_steady	properties	2	300	3	113446917	906086400
zig-js	independent_steady	properties	2	300	4	113778583	906086400
zig-js	independent_steady	properties	2	300	5	113524000	906086400
zig-js	independent_steady	properties	2	300	6	112565125	906086400
JavaScriptCore	independent_steady	properties	2	300	0	321292875	906086400
JavaScriptCore	independent_steady	properties	2	300	1	321102875	906086400
JavaScriptCore	independent_steady	properties	2	300	2	320790333	906086400
JavaScriptCore	independent_steady	properties	2	300	3	320542125	906086400
JavaScriptCore	independent_steady	properties	2	300	4	320492334	906086400
JavaScriptCore	independent_steady	properties	2	300	5	319709625	906086400
JavaScriptCore	independent_steady	properties	2	300	6	319484167	906086400
JavaScriptCore	independent_cold	properties	2	300	0	323551417	906086400
JavaScriptCore	independent_cold	properties	2	300	1	318898709	906086400
JavaScriptCore	independent_cold	properties	2	300	2	320889375	906086400
JavaScriptCore	independent_cold	properties	2	300	3	319704208	906086400
JavaScriptCore	independent_cold	properties	2	300	4	321436458	906086400
JavaScriptCore	independent_cold	properties	2	300	5	320097291	906086400
JavaScriptCore	independent_cold	properties	2	300	6	321720667	906086400
zig-js	independent_cold	properties	2	300	0	116753542	906086400
zig-js	independent_cold	properties	2	300	1	114515333	906086400
zig-js	independent_cold	properties	2	300	2	115218042	906086400
zig-js	independent_cold	properties	2	300	3	115329042	906086400
zig-js	independent_cold	properties	2	300	4	114849292	906086400
zig-js	independent_cold	properties	2	300	5	114866167	906086400
zig-js	independent_cold	properties	2	300	6	114915875	906086400
zig-js	shared	properties	2	300	0	158969708	906086400
zig-js	shared	properties	2	300	1	161730208	906086400
zig-js	shared	properties	2	300	2	161355500	906086400
zig-js	shared	properties	2	300	3	160244500	906086400
zig-js	shared	properties	2	300	4	160315958	906086400
zig-js	shared	properties	2	300	5	161091875	906086400
zig-js	shared	properties	2	300	6	160463417	906086400
zig-js	independent_steady	properties	4	300	0	116698459	1812176400
zig-js	independent_steady	properties	4	300	1	116167459	1812176400
zig-js	independent_steady	properties	4	300	2	117325375	1812176400
zig-js	independent_steady	properties	4	300	3	116530542	1812176400
zig-js	independent_steady	properties	4	300	4	116166292	1812176400
zig-js	independent_steady	properties	4	300	5	116087583	1812176400
zig-js	independent_steady	properties	4	300	6	116349084	1812176400
JavaScriptCore	independent_steady	properties	4	300	0	348758167	1812176400
JavaScriptCore	independent_steady	properties	4	300	1	351775958	1812176400
JavaScriptCore	independent_steady	properties	4	300	2	349627125	1812176400
JavaScriptCore	independent_steady	properties	4	300	3	350603583	1812176400
JavaScriptCore	independent_steady	properties	4	300	4	354075458	1812176400
JavaScriptCore	independent_steady	properties	4	300	5	354635291	1812176400
JavaScriptCore	independent_steady	properties	4	300	6	353424125	1812176400
JavaScriptCore	independent_cold	properties	4	300	0	363033542	1812176400
JavaScriptCore	independent_cold	properties	4	300	1	363177750	1812176400
JavaScriptCore	independent_cold	properties	4	300	2	357651125	1812176400
JavaScriptCore	independent_cold	properties	4	300	3	358016084	1812176400
JavaScriptCore	independent_cold	properties	4	300	4	356061875	1812176400
JavaScriptCore	independent_cold	properties	4	300	5	362404750	1812176400
JavaScriptCore	independent_cold	properties	4	300	6	358593291	1812176400
zig-js	independent_cold	properties	4	300	0	123237500	1812176400
zig-js	independent_cold	properties	4	300	1	118974708	1812176400
zig-js	independent_cold	properties	4	300	2	124740583	1812176400
zig-js	independent_cold	properties	4	300	3	129208125	1812176400
zig-js	independent_cold	properties	4	300	4	131041000	1812176400
zig-js	independent_cold	properties	4	300	5	131258125	1812176400
zig-js	independent_cold	properties	4	300	6	228388292	1812176400
zig-js	shared	properties	4	300	0	187557166	1812176400
zig-js	shared	properties	4	300	1	185001542	1812176400
zig-js	shared	properties	4	300	2	179677042	1812176400
zig-js	shared	properties	4	300	3	182039500	1812176400
zig-js	shared	properties	4	300	4	185008000	1812176400
zig-js	shared	properties	4	300	5	183780667	1812176400
zig-js	shared	properties	4	300	6	188664750	1812176400
zig-js	independent_steady	properties	8	300	0	165645750	3624367200
zig-js	independent_steady	properties	8	300	1	179106042	3624367200
zig-js	independent_steady	properties	8	300	2	165244958	3624367200
zig-js	independent_steady	properties	8	300	3	151051417	3624367200
zig-js	independent_steady	properties	8	300	4	146173791	3624367200
zig-js	independent_steady	properties	8	300	5	149363292	3624367200
zig-js	independent_steady	properties	8	300	6	258763875	3624367200
JavaScriptCore	independent_steady	properties	8	300	0	505207667	3624367200
JavaScriptCore	independent_steady	properties	8	300	1	504490958	3624367200
JavaScriptCore	independent_steady	properties	8	300	2	505099917	3624367200
JavaScriptCore	independent_steady	properties	8	300	3	505325334	3624367200
JavaScriptCore	independent_steady	properties	8	300	4	494057500	3624367200
JavaScriptCore	independent_steady	properties	8	300	5	519283250	3624367200
JavaScriptCore	independent_steady	properties	8	300	6	509986792	3624367200
JavaScriptCore	independent_cold	properties	8	300	0	524568417	3624367200
JavaScriptCore	independent_cold	properties	8	300	1	516874750	3624367200
JavaScriptCore	independent_cold	properties	8	300	2	519308167	3624367200
JavaScriptCore	independent_cold	properties	8	300	3	525513333	3624367200
JavaScriptCore	independent_cold	properties	8	300	4	527758125	3624367200
JavaScriptCore	independent_cold	properties	8	300	5	518166542	3624367200
JavaScriptCore	independent_cold	properties	8	300	6	513779750	3624367200
zig-js	independent_cold	properties	8	300	0	166193250	3624367200
zig-js	independent_cold	properties	8	300	1	146515875	3624367200
zig-js	independent_cold	properties	8	300	2	148599292	3624367200
zig-js	independent_cold	properties	8	300	3	146648542	3624367200
zig-js	independent_cold	properties	8	300	4	153251458	3624367200
zig-js	independent_cold	properties	8	300	5	152150208	3624367200
zig-js	independent_cold	properties	8	300	6	152562375	3624367200
zig-js	shared	properties	8	300	0	220950209	3624367200
zig-js	shared	properties	8	300	1	220191792	3624367200
zig-js	shared	properties	8	300	2	229021416	3624367200
zig-js	shared	properties	8	300	3	222363125	3624367200
zig-js	shared	properties	8	300	4	217765291	3624367200
zig-js	shared	properties	8	300	5	222548167	3624367200
zig-js	shared	properties	8	300	6	221755459	3624367200
zig-js	single	polymorphic_properties	1	400	0	100264375	2841281327
zig-js	single	polymorphic_properties	1	400	1	98378042	2841281327
zig-js	single	polymorphic_properties	1	400	2	100088042	2841281327
zig-js	single	polymorphic_properties	1	400	3	100830667	2841281327
zig-js	single	polymorphic_properties	1	400	4	104640958	2841281327
zig-js	single	polymorphic_properties	1	400	5	103899750	2841281327
zig-js	single	polymorphic_properties	1	400	6	100213709	2841281327
JavaScriptCore	single	polymorphic_properties	1	400	0	215263291	2841281327
JavaScriptCore	single	polymorphic_properties	1	400	1	215225625	2841281327
JavaScriptCore	single	polymorphic_properties	1	400	2	217943167	2841281327
JavaScriptCore	single	polymorphic_properties	1	400	3	214492833	2841281327
JavaScriptCore	single	polymorphic_properties	1	400	4	215639666	2841281327
JavaScriptCore	single	polymorphic_properties	1	400	5	215304000	2841281327
JavaScriptCore	single	polymorphic_properties	1	400	6	218221041	2841281327
JavaScriptCore	independent_steady	polymorphic_properties	1	400	0	218240167	2841281327
JavaScriptCore	independent_steady	polymorphic_properties	1	400	1	215895500	2841281327
JavaScriptCore	independent_steady	polymorphic_properties	1	400	2	215781208	2841281327
JavaScriptCore	independent_steady	polymorphic_properties	1	400	3	283597292	2841281327
JavaScriptCore	independent_steady	polymorphic_properties	1	400	4	214930833	2841281327
JavaScriptCore	independent_steady	polymorphic_properties	1	400	5	219126125	2841281327
JavaScriptCore	independent_steady	polymorphic_properties	1	400	6	214813167	2841281327
zig-js	independent_steady	polymorphic_properties	1	400	0	100388292	2841281327
zig-js	independent_steady	polymorphic_properties	1	400	1	103227500	2841281327
zig-js	independent_steady	polymorphic_properties	1	400	2	100235875	2841281327
zig-js	independent_steady	polymorphic_properties	1	400	3	100111125	2841281327
zig-js	independent_steady	polymorphic_properties	1	400	4	99636083	2841281327
zig-js	independent_steady	polymorphic_properties	1	400	5	100641250	2841281327
zig-js	independent_steady	polymorphic_properties	1	400	6	100391459	2841281327
zig-js	independent_cold	polymorphic_properties	1	400	0	106137875	2841281327
zig-js	independent_cold	polymorphic_properties	1	400	1	101537209	2841281327
zig-js	independent_cold	polymorphic_properties	1	400	2	101316625	2841281327
zig-js	independent_cold	polymorphic_properties	1	400	3	101432875	2841281327
zig-js	independent_cold	polymorphic_properties	1	400	4	102744833	2841281327
zig-js	independent_cold	polymorphic_properties	1	400	5	104049709	2841281327
zig-js	independent_cold	polymorphic_properties	1	400	6	102054875	2841281327
JavaScriptCore	independent_cold	polymorphic_properties	1	400	0	220083916	2841281327
JavaScriptCore	independent_cold	polymorphic_properties	1	400	1	219374750	2841281327
JavaScriptCore	independent_cold	polymorphic_properties	1	400	2	221781833	2841281327
JavaScriptCore	independent_cold	polymorphic_properties	1	400	3	257998375	2841281327
JavaScriptCore	independent_cold	polymorphic_properties	1	400	4	231461000	2841281327
JavaScriptCore	independent_cold	polymorphic_properties	1	400	5	229815500	2841281327
JavaScriptCore	independent_cold	polymorphic_properties	1	400	6	229594166	2841281327
zig-js	shared	polymorphic_properties	1	400	0	821850041	2841281327
zig-js	shared	polymorphic_properties	1	400	1	772291375	2841281327
zig-js	shared	polymorphic_properties	1	400	2	767140125	2841281327
zig-js	shared	polymorphic_properties	1	400	3	768125417	2841281327
zig-js	shared	polymorphic_properties	1	400	4	766648208	2841281327
zig-js	shared	polymorphic_properties	1	400	5	767541625	2841281327
zig-js	shared	polymorphic_properties	1	400	6	771956917	2841281327
JavaScriptCore	independent_steady	polymorphic_properties	2	400	0	222278708	5686541534
JavaScriptCore	independent_steady	polymorphic_properties	2	400	1	241294125	5686541534
JavaScriptCore	independent_steady	polymorphic_properties	2	400	2	348345125	5686541534
JavaScriptCore	independent_steady	polymorphic_properties	2	400	3	237833958	5686541534
JavaScriptCore	independent_steady	polymorphic_properties	2	400	4	246256417	5686541534
JavaScriptCore	independent_steady	polymorphic_properties	2	400	5	232001250	5686541534
JavaScriptCore	independent_steady	polymorphic_properties	2	400	6	247645500	5686541534
zig-js	independent_steady	polymorphic_properties	2	400	0	103370708	5686541534
zig-js	independent_steady	polymorphic_properties	2	400	1	106170125	5686541534
zig-js	independent_steady	polymorphic_properties	2	400	2	112125083	5686541534
zig-js	independent_steady	polymorphic_properties	2	400	3	103008500	5686541534
zig-js	independent_steady	polymorphic_properties	2	400	4	102613792	5686541534
zig-js	independent_steady	polymorphic_properties	2	400	5	103686458	5686541534
zig-js	independent_steady	polymorphic_properties	2	400	6	104162167	5686541534
zig-js	independent_cold	polymorphic_properties	2	400	0	109015000	5686541534
zig-js	independent_cold	polymorphic_properties	2	400	1	111937709	5686541534
zig-js	independent_cold	polymorphic_properties	2	400	2	110237208	5686541534
zig-js	independent_cold	polymorphic_properties	2	400	3	108598250	5686541534
zig-js	independent_cold	polymorphic_properties	2	400	4	108231584	5686541534
zig-js	independent_cold	polymorphic_properties	2	400	5	105260584	5686541534
zig-js	independent_cold	polymorphic_properties	2	400	6	105099792	5686541534
JavaScriptCore	independent_cold	polymorphic_properties	2	400	0	228572791	5686541534
JavaScriptCore	independent_cold	polymorphic_properties	2	400	1	222588834	5686541534
JavaScriptCore	independent_cold	polymorphic_properties	2	400	2	222526625	5686541534
JavaScriptCore	independent_cold	polymorphic_properties	2	400	3	224663084	5686541534
JavaScriptCore	independent_cold	polymorphic_properties	2	400	4	233911375	5686541534
JavaScriptCore	independent_cold	polymorphic_properties	2	400	5	226037125	5686541534
JavaScriptCore	independent_cold	polymorphic_properties	2	400	6	229549208	5686541534
zig-js	shared	polymorphic_properties	2	400	0	792189875	5686541534
zig-js	shared	polymorphic_properties	2	400	1	785928167	5686541534
zig-js	shared	polymorphic_properties	2	400	2	781354625	5686541534
zig-js	shared	polymorphic_properties	2	400	3	788758166	5686541534
zig-js	shared	polymorphic_properties	2	400	4	782037583	5686541534
zig-js	shared	polymorphic_properties	2	400	5	780351500	5686541534
zig-js	shared	polymorphic_properties	2	400	6	782615791	5686541534
JavaScriptCore	independent_steady	polymorphic_properties	4	400	0	252502417	11389518244
JavaScriptCore	independent_steady	polymorphic_properties	4	400	1	253685917	11389518244
JavaScriptCore	independent_steady	polymorphic_properties	4	400	2	268494584	11389518244
JavaScriptCore	independent_steady	polymorphic_properties	4	400	3	342238625	11389518244
JavaScriptCore	independent_steady	polymorphic_properties	4	400	4	253608750	11389518244
JavaScriptCore	independent_steady	polymorphic_properties	4	400	5	253374375	11389518244
JavaScriptCore	independent_steady	polymorphic_properties	4	400	6	254866958	11389518244
zig-js	independent_steady	polymorphic_properties	4	400	0	108988333	11389518244
zig-js	independent_steady	polymorphic_properties	4	400	1	108395500	11389518244
zig-js	independent_steady	polymorphic_properties	4	400	2	106641333	11389518244
zig-js	independent_steady	polymorphic_properties	4	400	3	108502916	11389518244
zig-js	independent_steady	polymorphic_properties	4	400	4	107844750	11389518244
zig-js	independent_steady	polymorphic_properties	4	400	5	109651833	11389518244
zig-js	independent_steady	polymorphic_properties	4	400	6	108834834	11389518244
zig-js	independent_cold	polymorphic_properties	4	400	0	116168792	11389518244
zig-js	independent_cold	polymorphic_properties	4	400	1	109808250	11389518244
zig-js	independent_cold	polymorphic_properties	4	400	2	109868500	11389518244
zig-js	independent_cold	polymorphic_properties	4	400	3	108934083	11389518244
zig-js	independent_cold	polymorphic_properties	4	400	4	111678958	11389518244
zig-js	independent_cold	polymorphic_properties	4	400	5	110906625	11389518244
zig-js	independent_cold	polymorphic_properties	4	400	6	112920625	11389518244
JavaScriptCore	independent_cold	polymorphic_properties	4	400	0	266712416	11389518244
JavaScriptCore	independent_cold	polymorphic_properties	4	400	1	256742833	11389518244
JavaScriptCore	independent_cold	polymorphic_properties	4	400	2	257173583	11389518244
JavaScriptCore	independent_cold	polymorphic_properties	4	400	3	269683750	11389518244
JavaScriptCore	independent_cold	polymorphic_properties	4	400	4	264493375	11389518244
JavaScriptCore	independent_cold	polymorphic_properties	4	400	5	258634083	11389518244
JavaScriptCore	independent_cold	polymorphic_properties	4	400	6	261907042	11389518244
zig-js	shared	polymorphic_properties	4	400	0	837692583	11389518244
zig-js	shared	polymorphic_properties	4	400	1	861441334	11389518244
zig-js	shared	polymorphic_properties	4	400	2	879907833	11389518244
zig-js	shared	polymorphic_properties	4	400	3	890352084	11389518244
zig-js	shared	polymorphic_properties	4	400	4	884093625	11389518244
zig-js	shared	polymorphic_properties	4	400	5	868862417	11389518244
zig-js	shared	polymorphic_properties	4	400	6	874518459	11389518244
JavaScriptCore	independent_steady	polymorphic_properties	8	400	0	388228666	22844935960
JavaScriptCore	independent_steady	polymorphic_properties	8	400	1	409530625	22844935960
JavaScriptCore	independent_steady	polymorphic_properties	8	400	2	374412250	22844935960
JavaScriptCore	independent_steady	polymorphic_properties	8	400	3	375618583	22844935960
JavaScriptCore	independent_steady	polymorphic_properties	8	400	4	379464125	22844935960
JavaScriptCore	independent_steady	polymorphic_properties	8	400	5	428401916	22844935960
JavaScriptCore	independent_steady	polymorphic_properties	8	400	6	378521583	22844935960
zig-js	independent_steady	polymorphic_properties	8	400	0	161779542	22844935960
zig-js	independent_steady	polymorphic_properties	8	400	1	170390542	22844935960
zig-js	independent_steady	polymorphic_properties	8	400	2	168800750	22844935960
zig-js	independent_steady	polymorphic_properties	8	400	3	163655125	22844935960
zig-js	independent_steady	polymorphic_properties	8	400	4	159755584	22844935960
zig-js	independent_steady	polymorphic_properties	8	400	5	167231333	22844935960
zig-js	independent_steady	polymorphic_properties	8	400	6	162163542	22844935960
zig-js	independent_cold	polymorphic_properties	8	400	0	170508583	22844935960
zig-js	independent_cold	polymorphic_properties	8	400	1	173522375	22844935960
zig-js	independent_cold	polymorphic_properties	8	400	2	164715084	22844935960
zig-js	independent_cold	polymorphic_properties	8	400	3	167697625	22844935960
zig-js	independent_cold	polymorphic_properties	8	400	4	168662500	22844935960
zig-js	independent_cold	polymorphic_properties	8	400	5	167673166	22844935960
zig-js	independent_cold	polymorphic_properties	8	400	6	163371584	22844935960
JavaScriptCore	independent_cold	polymorphic_properties	8	400	0	391329583	22844935960
JavaScriptCore	independent_cold	polymorphic_properties	8	400	1	377675208	22844935960
JavaScriptCore	independent_cold	polymorphic_properties	8	400	2	380387458	22844935960
JavaScriptCore	independent_cold	polymorphic_properties	8	400	3	446986750	22844935960
JavaScriptCore	independent_cold	polymorphic_properties	8	400	4	537790500	22844935960
JavaScriptCore	independent_cold	polymorphic_properties	8	400	5	385959333	22844935960
JavaScriptCore	independent_cold	polymorphic_properties	8	400	6	382847292	22844935960
zig-js	shared	polymorphic_properties	8	400	0	1181939708	22844935960
zig-js	shared	polymorphic_properties	8	400	1	1173314666	22844935960
zig-js	shared	polymorphic_properties	8	400	2	1205151000	22844935960
zig-js	shared	polymorphic_properties	8	400	3	1185478500	22844935960
zig-js	shared	polymorphic_properties	8	400	4	1193289959	22844935960
zig-js	shared	polymorphic_properties	8	400	5	1188795000	22844935960
zig-js	shared	polymorphic_properties	8	400	6	1200214375	22844935960
JavaScriptCore	single	object_churn	1	100	0	133573083	1030552128
JavaScriptCore	single	object_churn	1	100	1	131816459	1030552128
JavaScriptCore	single	object_churn	1	100	2	133791500	1030552128
JavaScriptCore	single	object_churn	1	100	3	132929125	1030552128
JavaScriptCore	single	object_churn	1	100	4	133553375	1030552128
JavaScriptCore	single	object_churn	1	100	5	133587000	1030552128
JavaScriptCore	single	object_churn	1	100	6	135230083	1030552128
zig-js	single	object_churn	1	100	0	130488625	1030552128
zig-js	single	object_churn	1	100	1	132104083	1030552128
zig-js	single	object_churn	1	100	2	128991375	1030552128
zig-js	single	object_churn	1	100	3	131133250	1030552128
zig-js	single	object_churn	1	100	4	130957459	1030552128
zig-js	single	object_churn	1	100	5	132596583	1030552128
zig-js	single	object_churn	1	100	6	130226583	1030552128
zig-js	independent_steady	object_churn	1	100	0	130177500	1030552128
zig-js	independent_steady	object_churn	1	100	1	130808792	1030552128
zig-js	independent_steady	object_churn	1	100	2	131736958	1030552128
zig-js	independent_steady	object_churn	1	100	3	130541917	1030552128
zig-js	independent_steady	object_churn	1	100	4	131065000	1030552128
zig-js	independent_steady	object_churn	1	100	5	133070750	1030552128
zig-js	independent_steady	object_churn	1	100	6	132812334	1030552128
JavaScriptCore	independent_steady	object_churn	1	100	0	131661500	1030552128
JavaScriptCore	independent_steady	object_churn	1	100	1	132586667	1030552128
JavaScriptCore	independent_steady	object_churn	1	100	2	134107250	1030552128
JavaScriptCore	independent_steady	object_churn	1	100	3	132542542	1030552128
JavaScriptCore	independent_steady	object_churn	1	100	4	133282167	1030552128
JavaScriptCore	independent_steady	object_churn	1	100	5	134289250	1030552128
JavaScriptCore	independent_steady	object_churn	1	100	6	132181875	1030552128
JavaScriptCore	independent_cold	object_churn	1	100	0	139360958	1030552128
JavaScriptCore	independent_cold	object_churn	1	100	1	132207750	1030552128
JavaScriptCore	independent_cold	object_churn	1	100	2	132419584	1030552128
JavaScriptCore	independent_cold	object_churn	1	100	3	134907167	1030552128
JavaScriptCore	independent_cold	object_churn	1	100	4	134012083	1030552128
JavaScriptCore	independent_cold	object_churn	1	100	5	133234125	1030552128
JavaScriptCore	independent_cold	object_churn	1	100	6	133184500	1030552128
zig-js	independent_cold	object_churn	1	100	0	136009958	1030552128
zig-js	independent_cold	object_churn	1	100	1	133721875	1030552128
zig-js	independent_cold	object_churn	1	100	2	136212000	1030552128
zig-js	independent_cold	object_churn	1	100	3	147482166	1030552128
zig-js	independent_cold	object_churn	1	100	4	147324208	1030552128
zig-js	independent_cold	object_churn	1	100	5	149430167	1030552128
zig-js	independent_cold	object_churn	1	100	6	149634917	1030552128
zig-js	shared	object_churn	1	100	0	225796708	1030552128
zig-js	shared	object_churn	1	100	1	241862458	1030552128
zig-js	shared	object_churn	1	100	2	222386542	1030552128
zig-js	shared	object_churn	1	100	3	212780250	1030552128
zig-js	shared	object_churn	1	100	4	213933250	1030552128
zig-js	shared	object_churn	1	100	5	206628083	1030552128
zig-js	shared	object_churn	1	100	6	203307875	1030552128
zig-js	independent_steady	object_churn	2	100	0	134344958	2066980992
zig-js	independent_steady	object_churn	2	100	1	134230625	2066980992
zig-js	independent_steady	object_churn	2	100	2	136021583	2066980992
zig-js	independent_steady	object_churn	2	100	3	134761541	2066980992
zig-js	independent_steady	object_churn	2	100	4	134379959	2066980992
zig-js	independent_steady	object_churn	2	100	5	136385000	2066980992
zig-js	independent_steady	object_churn	2	100	6	135499625	2066980992
JavaScriptCore	independent_steady	object_churn	2	100	0	133878167	2066980992
JavaScriptCore	independent_steady	object_churn	2	100	1	133021208	2066980992
JavaScriptCore	independent_steady	object_churn	2	100	2	135822417	2066980992
JavaScriptCore	independent_steady	object_churn	2	100	3	134202750	2066980992
JavaScriptCore	independent_steady	object_churn	2	100	4	136175916	2066980992
JavaScriptCore	independent_steady	object_churn	2	100	5	136334625	2066980992
JavaScriptCore	independent_steady	object_churn	2	100	6	133908042	2066980992
JavaScriptCore	independent_cold	object_churn	2	100	0	141086042	2066980992
JavaScriptCore	independent_cold	object_churn	2	100	1	137215542	2066980992
JavaScriptCore	independent_cold	object_churn	2	100	2	137171333	2066980992
JavaScriptCore	independent_cold	object_churn	2	100	3	137551791	2066980992
JavaScriptCore	independent_cold	object_churn	2	100	4	143277500	2066980992
JavaScriptCore	independent_cold	object_churn	2	100	5	137333792	2066980992
JavaScriptCore	independent_cold	object_churn	2	100	6	139434584	2066980992
zig-js	independent_cold	object_churn	2	100	0	143828250	2066980992
zig-js	independent_cold	object_churn	2	100	1	137992583	2066980992
zig-js	independent_cold	object_churn	2	100	2	141668000	2066980992
zig-js	independent_cold	object_churn	2	100	3	160265208	2066980992
zig-js	independent_cold	object_churn	2	100	4	151256500	2066980992
zig-js	independent_cold	object_churn	2	100	5	151618291	2066980992
zig-js	independent_cold	object_churn	2	100	6	142419250	2066980992
zig-js	shared	object_churn	2	100	0	161453625	2066980992
zig-js	shared	object_churn	2	100	1	433600208	2066980992
zig-js	shared	object_churn	2	100	2	351945083	2066980992
zig-js	shared	object_churn	2	100	3	328655958	2066980992
zig-js	shared	object_churn	2	100	4	348332708	2066980992
zig-js	shared	object_churn	2	100	5	362252417	2066980992
zig-js	shared	object_churn	2	100	6	336545667	2066980992
zig-js	independent_steady	object_churn	4	100	0	150118291	4146563328
zig-js	independent_steady	object_churn	4	100	1	155117417	4146563328
zig-js	independent_steady	object_churn	4	100	2	154072500	4146563328
zig-js	independent_steady	object_churn	4	100	3	154049083	4146563328
zig-js	independent_steady	object_churn	4	100	4	154607708	4146563328
zig-js	independent_steady	object_churn	4	100	5	152556459	4146563328
zig-js	independent_steady	object_churn	4	100	6	154855959	4146563328
JavaScriptCore	independent_steady	object_churn	4	100	0	146661667	4146563328
JavaScriptCore	independent_steady	object_churn	4	100	1	146085750	4146563328
JavaScriptCore	independent_steady	object_churn	4	100	2	148693334	4146563328
JavaScriptCore	independent_steady	object_churn	4	100	3	146202042	4146563328
JavaScriptCore	independent_steady	object_churn	4	100	4	149278584	4146563328
JavaScriptCore	independent_steady	object_churn	4	100	5	147493333	4146563328
JavaScriptCore	independent_steady	object_churn	4	100	6	147512708	4146563328
JavaScriptCore	independent_cold	object_churn	4	100	0	152705125	4146563328
JavaScriptCore	independent_cold	object_churn	4	100	1	150484917	4146563328
JavaScriptCore	independent_cold	object_churn	4	100	2	148911125	4146563328
JavaScriptCore	independent_cold	object_churn	4	100	3	155306083	4146563328
JavaScriptCore	independent_cold	object_churn	4	100	4	184227041	4146563328
JavaScriptCore	independent_cold	object_churn	4	100	5	161947292	4146563328
JavaScriptCore	independent_cold	object_churn	4	100	6	149661416	4146563328
zig-js	independent_cold	object_churn	4	100	0	167046917	4146563328
zig-js	independent_cold	object_churn	4	100	1	159366250	4146563328
zig-js	independent_cold	object_churn	4	100	2	158516875	4146563328
zig-js	independent_cold	object_churn	4	100	3	165273625	4146563328
zig-js	independent_cold	object_churn	4	100	4	165735834	4146563328
zig-js	independent_cold	object_churn	4	100	5	161403917	4146563328
zig-js	independent_cold	object_churn	4	100	6	163467458	4146563328
zig-js	shared	object_churn	4	100	0	279148125	4146563328
zig-js	shared	object_churn	4	100	1	760160625	4146563328
zig-js	shared	object_churn	4	100	2	759224208	4146563328
zig-js	shared	object_churn	4	100	3	604848209	4146563328
zig-js	shared	object_churn	4	100	4	658506583	4146563328
zig-js	shared	object_churn	4	100	5	614878292	4146563328
zig-js	shared	object_churn	4	100	6	667371458	4146563328
zig-js	independent_steady	object_churn	8	100	0	228963583	8309369344
zig-js	independent_steady	object_churn	8	100	1	241107292	8309369344
zig-js	independent_steady	object_churn	8	100	2	239785000	8309369344
zig-js	independent_steady	object_churn	8	100	3	252196959	8309369344
zig-js	independent_steady	object_churn	8	100	4	316564375	8309369344
zig-js	independent_steady	object_churn	8	100	5	268834459	8309369344
zig-js	independent_steady	object_churn	8	100	6	242789875	8309369344
JavaScriptCore	independent_steady	object_churn	8	100	0	213898500	8309369344
JavaScriptCore	independent_steady	object_churn	8	100	1	222227667	8309369344
JavaScriptCore	independent_steady	object_churn	8	100	2	228898709	8309369344
JavaScriptCore	independent_steady	object_churn	8	100	3	210873000	8309369344
JavaScriptCore	independent_steady	object_churn	8	100	4	204231125	8309369344
JavaScriptCore	independent_steady	object_churn	8	100	5	207610417	8309369344
JavaScriptCore	independent_steady	object_churn	8	100	6	208714750	8309369344
JavaScriptCore	independent_cold	object_churn	8	100	0	242229291	8309369344
JavaScriptCore	independent_cold	object_churn	8	100	1	218771833	8309369344
JavaScriptCore	independent_cold	object_churn	8	100	2	219792875	8309369344
JavaScriptCore	independent_cold	object_churn	8	100	3	208641834	8309369344
JavaScriptCore	independent_cold	object_churn	8	100	4	212327541	8309369344
JavaScriptCore	independent_cold	object_churn	8	100	5	212954709	8309369344
JavaScriptCore	independent_cold	object_churn	8	100	6	213363834	8309369344
zig-js	independent_cold	object_churn	8	100	0	289946458	8309369344
zig-js	independent_cold	object_churn	8	100	1	260150084	8309369344
zig-js	independent_cold	object_churn	8	100	2	240186333	8309369344
zig-js	independent_cold	object_churn	8	100	3	259917791	8309369344
zig-js	independent_cold	object_churn	8	100	4	240688250	8309369344
zig-js	independent_cold	object_churn	8	100	5	255223708	8309369344
zig-js	independent_cold	object_churn	8	100	6	241912375	8309369344
zig-js	shared	object_churn	8	100	0	2016768458	8309369344
zig-js	shared	object_churn	8	100	1	3652736542	8309369344
zig-js	shared	object_churn	8	100	2	2605995875	8309369344
zig-js	shared	object_churn	8	100	3	2061599125	8309369344
zig-js	shared	object_churn	8	100	4	2315384792	8309369344
zig-js	shared	object_churn	8	100	5	1954319000	8309369344
zig-js	shared	object_churn	8	100	6	2419346125	8309369344
zig-js	single	arrays	1	550	0	115048416	29007000000
zig-js	single	arrays	1	550	1	122538208	29007000000
zig-js	single	arrays	1	550	2	122054625	29007000000
zig-js	single	arrays	1	550	3	117370500	29007000000
zig-js	single	arrays	1	550	4	120347125	29007000000
zig-js	single	arrays	1	550	5	138644666	29007000000
zig-js	single	arrays	1	550	6	148421542	29007000000
JavaScriptCore	single	arrays	1	550	0	274548000	29007000000
JavaScriptCore	single	arrays	1	550	1	182854833	29007000000
JavaScriptCore	single	arrays	1	550	2	179938667	29007000000
JavaScriptCore	single	arrays	1	550	3	186089709	29007000000
JavaScriptCore	single	arrays	1	550	4	184949292	29007000000
JavaScriptCore	single	arrays	1	550	5	184838750	29007000000
JavaScriptCore	single	arrays	1	550	6	186969875	29007000000
JavaScriptCore	independent_steady	arrays	1	550	0	183594083	29007000000
JavaScriptCore	independent_steady	arrays	1	550	1	185433666	29007000000
JavaScriptCore	independent_steady	arrays	1	550	2	182118458	29007000000
JavaScriptCore	independent_steady	arrays	1	550	3	184713791	29007000000
JavaScriptCore	independent_steady	arrays	1	550	4	183948750	29007000000
JavaScriptCore	independent_steady	arrays	1	550	5	187264833	29007000000
JavaScriptCore	independent_steady	arrays	1	550	6	182986750	29007000000
zig-js	independent_steady	arrays	1	550	0	115684166	29007000000
zig-js	independent_steady	arrays	1	550	1	116556208	29007000000
zig-js	independent_steady	arrays	1	550	2	116036041	29007000000
zig-js	independent_steady	arrays	1	550	3	116343667	29007000000
zig-js	independent_steady	arrays	1	550	4	116261875	29007000000
zig-js	independent_steady	arrays	1	550	5	118124584	29007000000
zig-js	independent_steady	arrays	1	550	6	117761083	29007000000
zig-js	independent_cold	arrays	1	550	0	100756542	29007000000
zig-js	independent_cold	arrays	1	550	1	97263125	29007000000
zig-js	independent_cold	arrays	1	550	2	97257875	29007000000
zig-js	independent_cold	arrays	1	550	3	97533583	29007000000
zig-js	independent_cold	arrays	1	550	4	95862125	29007000000
zig-js	independent_cold	arrays	1	550	5	97012541	29007000000
zig-js	independent_cold	arrays	1	550	6	97442959	29007000000
JavaScriptCore	independent_cold	arrays	1	550	0	189365833	29007000000
JavaScriptCore	independent_cold	arrays	1	550	1	185419875	29007000000
JavaScriptCore	independent_cold	arrays	1	550	2	185333125	29007000000
JavaScriptCore	independent_cold	arrays	1	550	3	185149167	29007000000
JavaScriptCore	independent_cold	arrays	1	550	4	187308750	29007000000
JavaScriptCore	independent_cold	arrays	1	550	5	183585000	29007000000
JavaScriptCore	independent_cold	arrays	1	550	6	185049041	29007000000
zig-js	shared	arrays	1	550	0	760682500	29007000000
zig-js	shared	arrays	1	550	1	744196708	29007000000
zig-js	shared	arrays	1	550	2	746449041	29007000000
zig-js	shared	arrays	1	550	3	747810917	29007000000
zig-js	shared	arrays	1	550	4	749390334	29007000000
zig-js	shared	arrays	1	550	5	754328458	29007000000
zig-js	shared	arrays	1	550	6	776314291	29007000000
JavaScriptCore	independent_steady	arrays	2	550	0	183995792	58019500000
JavaScriptCore	independent_steady	arrays	2	550	1	186775334	58019500000
JavaScriptCore	independent_steady	arrays	2	550	2	185264958	58019500000
JavaScriptCore	independent_steady	arrays	2	550	3	186185959	58019500000
JavaScriptCore	independent_steady	arrays	2	550	4	184580125	58019500000
JavaScriptCore	independent_steady	arrays	2	550	5	187123250	58019500000
JavaScriptCore	independent_steady	arrays	2	550	6	186832416	58019500000
zig-js	independent_steady	arrays	2	550	0	119869125	58019500000
zig-js	independent_steady	arrays	2	550	1	121099625	58019500000
zig-js	independent_steady	arrays	2	550	2	119263750	58019500000
zig-js	independent_steady	arrays	2	550	3	122420709	58019500000
zig-js	independent_steady	arrays	2	550	4	121363791	58019500000
zig-js	independent_steady	arrays	2	550	5	122924125	58019500000
zig-js	independent_steady	arrays	2	550	6	120643250	58019500000
zig-js	independent_cold	arrays	2	550	0	108290417	58019500000
zig-js	independent_cold	arrays	2	550	1	102544458	58019500000
zig-js	independent_cold	arrays	2	550	2	101107375	58019500000
zig-js	independent_cold	arrays	2	550	3	101173792	58019500000
zig-js	independent_cold	arrays	2	550	4	100146375	58019500000
zig-js	independent_cold	arrays	2	550	5	100458042	58019500000
zig-js	independent_cold	arrays	2	550	6	100233917	58019500000
JavaScriptCore	independent_cold	arrays	2	550	0	186353750	58019500000
JavaScriptCore	independent_cold	arrays	2	550	1	180505792	58019500000
JavaScriptCore	independent_cold	arrays	2	550	2	181071625	58019500000
JavaScriptCore	independent_cold	arrays	2	550	3	182290083	58019500000
JavaScriptCore	independent_cold	arrays	2	550	4	183456542	58019500000
JavaScriptCore	independent_cold	arrays	2	550	5	184013084	58019500000
JavaScriptCore	independent_cold	arrays	2	550	6	181639625	58019500000
zig-js	shared	arrays	2	550	0	760202542	58019500000
zig-js	shared	arrays	2	550	1	828229916	58019500000
zig-js	shared	arrays	2	550	2	726603875	58019500000
zig-js	shared	arrays	2	550	3	729335166	58019500000
zig-js	shared	arrays	2	550	4	729047166	58019500000
zig-js	shared	arrays	2	550	5	754630875	58019500000
zig-js	shared	arrays	2	550	6	745372083	58019500000
JavaScriptCore	independent_steady	arrays	4	550	0	199143709	116061000000
JavaScriptCore	independent_steady	arrays	4	550	1	196852250	116061000000
JavaScriptCore	independent_steady	arrays	4	550	2	198217167	116061000000
JavaScriptCore	independent_steady	arrays	4	550	3	200485833	116061000000
JavaScriptCore	independent_steady	arrays	4	550	4	198967583	116061000000
JavaScriptCore	independent_steady	arrays	4	550	5	201980042	116061000000
JavaScriptCore	independent_steady	arrays	4	550	6	198751125	116061000000
zig-js	independent_steady	arrays	4	550	0	124518667	116061000000
zig-js	independent_steady	arrays	4	550	1	126545125	116061000000
zig-js	independent_steady	arrays	4	550	2	131057875	116061000000
zig-js	independent_steady	arrays	4	550	3	137287958	116061000000
zig-js	independent_steady	arrays	4	550	4	139616208	116061000000
zig-js	independent_steady	arrays	4	550	5	132447250	116061000000
zig-js	independent_steady	arrays	4	550	6	134116125	116061000000
zig-js	independent_cold	arrays	4	550	0	118949042	116061000000
zig-js	independent_cold	arrays	4	550	1	110560000	116061000000
zig-js	independent_cold	arrays	4	550	2	105212708	116061000000
zig-js	independent_cold	arrays	4	550	3	104797500	116061000000
zig-js	independent_cold	arrays	4	550	4	109286667	116061000000
zig-js	independent_cold	arrays	4	550	5	107869542	116061000000
zig-js	independent_cold	arrays	4	550	6	106559000	116061000000
JavaScriptCore	independent_cold	arrays	4	550	0	197155334	116061000000
JavaScriptCore	independent_cold	arrays	4	550	1	203745375	116061000000
JavaScriptCore	independent_cold	arrays	4	550	2	212332334	116061000000
JavaScriptCore	independent_cold	arrays	4	550	3	201268833	116061000000
JavaScriptCore	independent_cold	arrays	4	550	4	201913917	116061000000
JavaScriptCore	independent_cold	arrays	4	550	5	201452083	116061000000
JavaScriptCore	independent_cold	arrays	4	550	6	204558416	116061000000
zig-js	shared	arrays	4	550	0	743512334	116061000000
zig-js	shared	arrays	4	550	1	770839375	116061000000
zig-js	shared	arrays	4	550	2	951435583	116061000000
zig-js	shared	arrays	4	550	3	872408000	116061000000
zig-js	shared	arrays	4	550	4	809167500	116061000000
zig-js	shared	arrays	4	550	5	792833417	116061000000
zig-js	shared	arrays	4	550	6	768386958	116061000000
JavaScriptCore	independent_steady	arrays	8	550	0	297490666	232210000000
JavaScriptCore	independent_steady	arrays	8	550	1	296171541	232210000000
JavaScriptCore	independent_steady	arrays	8	550	2	289484834	232210000000
JavaScriptCore	independent_steady	arrays	8	550	3	300050208	232210000000
JavaScriptCore	independent_steady	arrays	8	550	4	347302292	232210000000
JavaScriptCore	independent_steady	arrays	8	550	5	343590083	232210000000
JavaScriptCore	independent_steady	arrays	8	550	6	361164083	232210000000
zig-js	independent_steady	arrays	8	550	0	226278167	232210000000
zig-js	independent_steady	arrays	8	550	1	368204291	232210000000
zig-js	independent_steady	arrays	8	550	2	236135791	232210000000
zig-js	independent_steady	arrays	8	550	3	228489500	232210000000
zig-js	independent_steady	arrays	8	550	4	253660459	232210000000
zig-js	independent_steady	arrays	8	550	5	195844959	232210000000
zig-js	independent_steady	arrays	8	550	6	208131834	232210000000
zig-js	independent_cold	arrays	8	550	0	161845625	232210000000
zig-js	independent_cold	arrays	8	550	1	145613083	232210000000
zig-js	independent_cold	arrays	8	550	2	153486458	232210000000
zig-js	independent_cold	arrays	8	550	3	150867000	232210000000
zig-js	independent_cold	arrays	8	550	4	170377375	232210000000
zig-js	independent_cold	arrays	8	550	5	212883875	232210000000
zig-js	independent_cold	arrays	8	550	6	163629208	232210000000
JavaScriptCore	independent_cold	arrays	8	550	0	308229083	232210000000
JavaScriptCore	independent_cold	arrays	8	550	1	300379667	232210000000
JavaScriptCore	independent_cold	arrays	8	550	2	323890542	232210000000
JavaScriptCore	independent_cold	arrays	8	550	3	313108792	232210000000
JavaScriptCore	independent_cold	arrays	8	550	4	322631625	232210000000
JavaScriptCore	independent_cold	arrays	8	550	5	300083958	232210000000
JavaScriptCore	independent_cold	arrays	8	550	6	302827500	232210000000
zig-js	shared	arrays	8	550	0	1167643875	232210000000
zig-js	shared	arrays	8	550	1	1150006250	232210000000
zig-js	shared	arrays	8	550	2	1114522125	232210000000
zig-js	shared	arrays	8	550	3	1103139833	232210000000
zig-js	shared	arrays	8	550	4	1114883333	232210000000
zig-js	shared	arrays	8	550	5	1115850125	232210000000
zig-js	shared	arrays	8	550	6	1262882875	232210000000
JavaScriptCore	single	direct_calls	1	600	0	135874250	597092100
JavaScriptCore	single	direct_calls	1	600	1	136727417	597092100
JavaScriptCore	single	direct_calls	1	600	2	142814292	597092100
JavaScriptCore	single	direct_calls	1	600	3	135550917	597092100
JavaScriptCore	single	direct_calls	1	600	4	138260500	597092100
JavaScriptCore	single	direct_calls	1	600	5	136216000	597092100
JavaScriptCore	single	direct_calls	1	600	6	137197375	597092100
zig-js	single	direct_calls	1	600	0	89601500	597092100
zig-js	single	direct_calls	1	600	1	89265834	597092100
zig-js	single	direct_calls	1	600	2	90865667	597092100
zig-js	single	direct_calls	1	600	3	89296166	597092100
zig-js	single	direct_calls	1	600	4	90584958	597092100
zig-js	single	direct_calls	1	600	5	89023000	597092100
zig-js	single	direct_calls	1	600	6	89470167	597092100
zig-js	independent_steady	direct_calls	1	600	0	90959666	597092100
zig-js	independent_steady	direct_calls	1	600	1	94260667	597092100
zig-js	independent_steady	direct_calls	1	600	2	97234958	597092100
zig-js	independent_steady	direct_calls	1	600	3	92766208	597092100
zig-js	independent_steady	direct_calls	1	600	4	93448125	597092100
zig-js	independent_steady	direct_calls	1	600	5	99173917	597092100
zig-js	independent_steady	direct_calls	1	600	6	91783541	597092100
JavaScriptCore	independent_steady	direct_calls	1	600	0	137809125	597092100
JavaScriptCore	independent_steady	direct_calls	1	600	1	136663666	597092100
JavaScriptCore	independent_steady	direct_calls	1	600	2	136696625	597092100
JavaScriptCore	independent_steady	direct_calls	1	600	3	136635458	597092100
JavaScriptCore	independent_steady	direct_calls	1	600	4	135876958	597092100
JavaScriptCore	independent_steady	direct_calls	1	600	5	137304208	597092100
JavaScriptCore	independent_steady	direct_calls	1	600	6	136521541	597092100
JavaScriptCore	independent_cold	direct_calls	1	600	0	140726625	597092100
JavaScriptCore	independent_cold	direct_calls	1	600	1	137045000	597092100
JavaScriptCore	independent_cold	direct_calls	1	600	2	137563083	597092100
JavaScriptCore	independent_cold	direct_calls	1	600	3	136374333	597092100
JavaScriptCore	independent_cold	direct_calls	1	600	4	137373708	597092100
JavaScriptCore	independent_cold	direct_calls	1	600	5	137834083	597092100
JavaScriptCore	independent_cold	direct_calls	1	600	6	138115083	597092100
zig-js	independent_cold	direct_calls	1	600	0	97664833	597092100
zig-js	independent_cold	direct_calls	1	600	1	95314916	597092100
zig-js	independent_cold	direct_calls	1	600	2	92739375	597092100
zig-js	independent_cold	direct_calls	1	600	3	91686292	597092100
zig-js	independent_cold	direct_calls	1	600	4	92480250	597092100
zig-js	independent_cold	direct_calls	1	600	5	90749334	597092100
zig-js	independent_cold	direct_calls	1	600	6	92583416	597092100
zig-js	shared	direct_calls	1	600	0	89183875	597092100
zig-js	shared	direct_calls	1	600	1	89176958	597092100
zig-js	shared	direct_calls	1	600	2	90763584	597092100
zig-js	shared	direct_calls	1	600	3	90126833	597092100
zig-js	shared	direct_calls	1	600	4	90598709	597092100
zig-js	shared	direct_calls	1	600	5	88659375	597092100
zig-js	shared	direct_calls	1	600	6	92330334	597092100
zig-js	independent_steady	direct_calls	2	600	0	95216958	1194184800
zig-js	independent_steady	direct_calls	2	600	1	95419708	1194184800
zig-js	independent_steady	direct_calls	2	600	2	90547500	1194184800
zig-js	independent_steady	direct_calls	2	600	3	91250666	1194184800
zig-js	independent_steady	direct_calls	2	600	4	90017667	1194184800
zig-js	independent_steady	direct_calls	2	600	5	91211875	1194184800
zig-js	independent_steady	direct_calls	2	600	6	90127541	1194184800
JavaScriptCore	independent_steady	direct_calls	2	600	0	137764250	1194184800
JavaScriptCore	independent_steady	direct_calls	2	600	1	139976209	1194184800
JavaScriptCore	independent_steady	direct_calls	2	600	2	138392792	1194184800
JavaScriptCore	independent_steady	direct_calls	2	600	3	137664542	1194184800
JavaScriptCore	independent_steady	direct_calls	2	600	4	139957375	1194184800
JavaScriptCore	independent_steady	direct_calls	2	600	5	138249042	1194184800
JavaScriptCore	independent_steady	direct_calls	2	600	6	137679458	1194184800
JavaScriptCore	independent_cold	direct_calls	2	600	0	142050542	1194184800
JavaScriptCore	independent_cold	direct_calls	2	600	1	139949208	1194184800
JavaScriptCore	independent_cold	direct_calls	2	600	2	139967416	1194184800
JavaScriptCore	independent_cold	direct_calls	2	600	3	140839167	1194184800
JavaScriptCore	independent_cold	direct_calls	2	600	4	139417375	1194184800
JavaScriptCore	independent_cold	direct_calls	2	600	5	138227500	1194184800
JavaScriptCore	independent_cold	direct_calls	2	600	6	140247458	1194184800
zig-js	independent_cold	direct_calls	2	600	0	95113625	1194184800
zig-js	independent_cold	direct_calls	2	600	1	92356041	1194184800
zig-js	independent_cold	direct_calls	2	600	2	93982250	1194184800
zig-js	independent_cold	direct_calls	2	600	3	93605500	1194184800
zig-js	independent_cold	direct_calls	2	600	4	92670791	1194184800
zig-js	independent_cold	direct_calls	2	600	5	93843458	1194184800
zig-js	independent_cold	direct_calls	2	600	6	92210375	1194184800
zig-js	shared	direct_calls	2	600	0	96879875	1194184800
zig-js	shared	direct_calls	2	600	1	98120333	1194184800
zig-js	shared	direct_calls	2	600	2	96477583	1194184800
zig-js	shared	direct_calls	2	600	3	96933084	1194184800
zig-js	shared	direct_calls	2	600	4	96459833	1194184800
zig-js	shared	direct_calls	2	600	5	98922208	1194184800
zig-js	shared	direct_calls	2	600	6	100374917	1194184800
zig-js	independent_steady	direct_calls	4	600	0	102804666	2388372000
zig-js	independent_steady	direct_calls	4	600	1	98799417	2388372000
zig-js	independent_steady	direct_calls	4	600	2	102282875	2388372000
zig-js	independent_steady	direct_calls	4	600	3	100737416	2388372000
zig-js	independent_steady	direct_calls	4	600	4	100498667	2388372000
zig-js	independent_steady	direct_calls	4	600	5	99635750	2388372000
zig-js	independent_steady	direct_calls	4	600	6	100017458	2388372000
JavaScriptCore	independent_steady	direct_calls	4	600	0	155245416	2388372000
JavaScriptCore	independent_steady	direct_calls	4	600	1	157078125	2388372000
JavaScriptCore	independent_steady	direct_calls	4	600	2	157324083	2388372000
JavaScriptCore	independent_steady	direct_calls	4	600	3	155547500	2388372000
JavaScriptCore	independent_steady	direct_calls	4	600	4	157030458	2388372000
JavaScriptCore	independent_steady	direct_calls	4	600	5	155839750	2388372000
JavaScriptCore	independent_steady	direct_calls	4	600	6	154886250	2388372000
JavaScriptCore	independent_cold	direct_calls	4	600	0	253599666	2388372000
JavaScriptCore	independent_cold	direct_calls	4	600	1	163162167	2388372000
JavaScriptCore	independent_cold	direct_calls	4	600	2	153721083	2388372000
JavaScriptCore	independent_cold	direct_calls	4	600	3	155483042	2388372000
JavaScriptCore	independent_cold	direct_calls	4	600	4	158652500	2388372000
JavaScriptCore	independent_cold	direct_calls	4	600	5	157323000	2388372000
JavaScriptCore	independent_cold	direct_calls	4	600	6	155340458	2388372000
zig-js	independent_cold	direct_calls	4	600	0	104964416	2388372000
zig-js	independent_cold	direct_calls	4	600	1	99595708	2388372000
zig-js	independent_cold	direct_calls	4	600	2	97572458	2388372000
zig-js	independent_cold	direct_calls	4	600	3	99246292	2388372000
zig-js	independent_cold	direct_calls	4	600	4	99955792	2388372000
zig-js	independent_cold	direct_calls	4	600	5	99321375	2388372000
zig-js	independent_cold	direct_calls	4	600	6	100119959	2388372000
zig-js	shared	direct_calls	4	600	0	100985084	2388372000
zig-js	shared	direct_calls	4	600	1	101056375	2388372000
zig-js	shared	direct_calls	4	600	2	104071291	2388372000
zig-js	shared	direct_calls	4	600	3	101058041	2388372000
zig-js	shared	direct_calls	4	600	4	102861250	2388372000
zig-js	shared	direct_calls	4	600	5	101021125	2388372000
zig-js	shared	direct_calls	4	600	6	100858458	2388372000
zig-js	independent_steady	direct_calls	8	600	0	113583875	4776753600
zig-js	independent_steady	direct_calls	8	600	1	114073458	4776753600
zig-js	independent_steady	direct_calls	8	600	2	123037458	4776753600
zig-js	independent_steady	direct_calls	8	600	3	115453208	4776753600
zig-js	independent_steady	direct_calls	8	600	4	119145458	4776753600
zig-js	independent_steady	direct_calls	8	600	5	110979542	4776753600
zig-js	independent_steady	direct_calls	8	600	6	111277625	4776753600
JavaScriptCore	independent_steady	direct_calls	8	600	0	229867459	4776753600
JavaScriptCore	independent_steady	direct_calls	8	600	1	218163666	4776753600
JavaScriptCore	independent_steady	direct_calls	8	600	2	218378291	4776753600
JavaScriptCore	independent_steady	direct_calls	8	600	3	225918750	4776753600
JavaScriptCore	independent_steady	direct_calls	8	600	4	221642625	4776753600
JavaScriptCore	independent_steady	direct_calls	8	600	5	215776708	4776753600
JavaScriptCore	independent_steady	direct_calls	8	600	6	220589958	4776753600
JavaScriptCore	independent_cold	direct_calls	8	600	0	231051083	4776753600
JavaScriptCore	independent_cold	direct_calls	8	600	1	228360000	4776753600
JavaScriptCore	independent_cold	direct_calls	8	600	2	250962042	4776753600
JavaScriptCore	independent_cold	direct_calls	8	600	3	234898375	4776753600
JavaScriptCore	independent_cold	direct_calls	8	600	4	230722292	4776753600
JavaScriptCore	independent_cold	direct_calls	8	600	5	235489167	4776753600
JavaScriptCore	independent_cold	direct_calls	8	600	6	230256333	4776753600
zig-js	independent_cold	direct_calls	8	600	0	120019417	4776753600
zig-js	independent_cold	direct_calls	8	600	1	116532167	4776753600
zig-js	independent_cold	direct_calls	8	600	2	115741375	4776753600
zig-js	independent_cold	direct_calls	8	600	3	119739959	4776753600
zig-js	independent_cold	direct_calls	8	600	4	117235375	4776753600
zig-js	independent_cold	direct_calls	8	600	5	119304500	4776753600
zig-js	independent_cold	direct_calls	8	600	6	117195416	4776753600
zig-js	shared	direct_calls	8	600	0	162867750	4776753600
zig-js	shared	direct_calls	8	600	1	163074375	4776753600
zig-js	shared	direct_calls	8	600	2	162147666	4776753600
zig-js	shared	direct_calls	8	600	3	163960000	4776753600
zig-js	shared	direct_calls	8	600	4	161023250	4776753600
zig-js	shared	direct_calls	8	600	5	164761208	4776753600
zig-js	shared	direct_calls	8	600	6	162397083	4776753600
zig-js	single	method_calls	1	500	0	100883166	2550250
zig-js	single	method_calls	1	500	1	100721958	2550250
zig-js	single	method_calls	1	500	2	100712458	2550250
zig-js	single	method_calls	1	500	3	99294375	2550250
zig-js	single	method_calls	1	500	4	100423875	2550250
zig-js	single	method_calls	1	500	5	104132458	2550250
zig-js	single	method_calls	1	500	6	103565917	2550250
JavaScriptCore	single	method_calls	1	500	0	162768708	2550250
JavaScriptCore	single	method_calls	1	500	1	160894375	2550250
JavaScriptCore	single	method_calls	1	500	2	172804042	2550250
JavaScriptCore	single	method_calls	1	500	3	231135500	2550250
JavaScriptCore	single	method_calls	1	500	4	176143917	2550250
JavaScriptCore	single	method_calls	1	500	5	161280708	2550250
JavaScriptCore	single	method_calls	1	500	6	164479000	2550250
JavaScriptCore	independent_steady	method_calls	1	500	0	163128500	2550250
JavaScriptCore	independent_steady	method_calls	1	500	1	163135000	2550250
JavaScriptCore	independent_steady	method_calls	1	500	2	167238959	2550250
JavaScriptCore	independent_steady	method_calls	1	500	3	161637625	2550250
JavaScriptCore	independent_steady	method_calls	1	500	4	157753916	2550250
JavaScriptCore	independent_steady	method_calls	1	500	5	163271667	2550250
JavaScriptCore	independent_steady	method_calls	1	500	6	162312792	2550250
zig-js	independent_steady	method_calls	1	500	0	100966667	2550250
zig-js	independent_steady	method_calls	1	500	1	101816959	2550250
zig-js	independent_steady	method_calls	1	500	2	102853041	2550250
zig-js	independent_steady	method_calls	1	500	3	99636875	2550250
zig-js	independent_steady	method_calls	1	500	4	100966667	2550250
zig-js	independent_steady	method_calls	1	500	5	100416334	2550250
zig-js	independent_steady	method_calls	1	500	6	99782208	2550250
zig-js	independent_cold	method_calls	1	500	0	103571542	2550250
zig-js	independent_cold	method_calls	1	500	1	105681500	2550250
zig-js	independent_cold	method_calls	1	500	2	101758791	2550250
zig-js	independent_cold	method_calls	1	500	3	102708583	2550250
zig-js	independent_cold	method_calls	1	500	4	102260083	2550250
zig-js	independent_cold	method_calls	1	500	5	105841292	2550250
zig-js	independent_cold	method_calls	1	500	6	105931750	2550250
JavaScriptCore	independent_cold	method_calls	1	500	0	166308875	2550250
JavaScriptCore	independent_cold	method_calls	1	500	1	163517417	2550250
JavaScriptCore	independent_cold	method_calls	1	500	2	166427833	2550250
JavaScriptCore	independent_cold	method_calls	1	500	3	164221916	2550250
JavaScriptCore	independent_cold	method_calls	1	500	4	163788167	2550250
JavaScriptCore	independent_cold	method_calls	1	500	5	162850292	2550250
JavaScriptCore	independent_cold	method_calls	1	500	6	166053417	2550250
zig-js	shared	method_calls	1	500	0	191591875	2550250
zig-js	shared	method_calls	1	500	1	193049333	2550250
zig-js	shared	method_calls	1	500	2	190915541	2550250
zig-js	shared	method_calls	1	500	3	192912792	2550250
zig-js	shared	method_calls	1	500	4	190948166	2550250
zig-js	shared	method_calls	1	500	5	188598708	2550250
zig-js	shared	method_calls	1	500	6	194319708	2550250
JavaScriptCore	independent_steady	method_calls	2	500	0	163809417	10100500
JavaScriptCore	independent_steady	method_calls	2	500	1	168197834	10100500
JavaScriptCore	independent_steady	method_calls	2	500	2	164503584	10100500
JavaScriptCore	independent_steady	method_calls	2	500	3	163531583	10100500
JavaScriptCore	independent_steady	method_calls	2	500	4	167406000	10100500
JavaScriptCore	independent_steady	method_calls	2	500	5	164135667	10100500
JavaScriptCore	independent_steady	method_calls	2	500	6	164075375	10100500
zig-js	independent_steady	method_calls	2	500	0	105089958	10100500
zig-js	independent_steady	method_calls	2	500	1	101546791	10100500
zig-js	independent_steady	method_calls	2	500	2	100622834	10100500
zig-js	independent_steady	method_calls	2	500	3	100954292	10100500
zig-js	independent_steady	method_calls	2	500	4	102103208	10100500
zig-js	independent_steady	method_calls	2	500	5	105978041	10100500
zig-js	independent_steady	method_calls	2	500	6	101152875	10100500
zig-js	independent_cold	method_calls	2	500	0	113985959	10100500
zig-js	independent_cold	method_calls	2	500	1	105874500	10100500
zig-js	independent_cold	method_calls	2	500	2	109171875	10100500
zig-js	independent_cold	method_calls	2	500	3	104622083	10100500
zig-js	independent_cold	method_calls	2	500	4	104013292	10100500
zig-js	independent_cold	method_calls	2	500	5	105484208	10100500
zig-js	independent_cold	method_calls	2	500	6	103307000	10100500
JavaScriptCore	independent_cold	method_calls	2	500	0	174956875	10100500
JavaScriptCore	independent_cold	method_calls	2	500	1	164989042	10100500
JavaScriptCore	independent_cold	method_calls	2	500	2	163315666	10100500
JavaScriptCore	independent_cold	method_calls	2	500	3	170854166	10100500
JavaScriptCore	independent_cold	method_calls	2	500	4	165580042	10100500
JavaScriptCore	independent_cold	method_calls	2	500	5	168645541	10100500
JavaScriptCore	independent_cold	method_calls	2	500	6	166851583	10100500
zig-js	shared	method_calls	2	500	0	199104875	10100500
zig-js	shared	method_calls	2	500	1	203868166	10100500
zig-js	shared	method_calls	2	500	2	198649917	10100500
zig-js	shared	method_calls	2	500	3	199968375	10100500
zig-js	shared	method_calls	2	500	4	278802708	10100500
zig-js	shared	method_calls	2	500	5	198722542	10100500
zig-js	shared	method_calls	2	500	6	204738041	10100500
JavaScriptCore	independent_steady	method_calls	4	500	0	170506333	40201000
JavaScriptCore	independent_steady	method_calls	4	500	1	180992250	40201000
JavaScriptCore	independent_steady	method_calls	4	500	2	176618750	40201000
JavaScriptCore	independent_steady	method_calls	4	500	3	175719875	40201000
JavaScriptCore	independent_steady	method_calls	4	500	4	183617166	40201000
JavaScriptCore	independent_steady	method_calls	4	500	5	175803000	40201000
JavaScriptCore	independent_steady	method_calls	4	500	6	180553750	40201000
zig-js	independent_steady	method_calls	4	500	0	112776625	40201000
zig-js	independent_steady	method_calls	4	500	1	102997709	40201000
zig-js	independent_steady	method_calls	4	500	2	102833292	40201000
zig-js	independent_steady	method_calls	4	500	3	108887042	40201000
zig-js	independent_steady	method_calls	4	500	4	108338792	40201000
zig-js	independent_steady	method_calls	4	500	5	104764625	40201000
zig-js	independent_steady	method_calls	4	500	6	103584791	40201000
zig-js	independent_cold	method_calls	4	500	0	111876042	40201000
zig-js	independent_cold	method_calls	4	500	1	115360250	40201000
zig-js	independent_cold	method_calls	4	500	2	106594500	40201000
zig-js	independent_cold	method_calls	4	500	3	107619708	40201000
zig-js	independent_cold	method_calls	4	500	4	106301542	40201000
zig-js	independent_cold	method_calls	4	500	5	107466708	40201000
zig-js	independent_cold	method_calls	4	500	6	112753709	40201000
JavaScriptCore	independent_cold	method_calls	4	500	0	181048334	40201000
JavaScriptCore	independent_cold	method_calls	4	500	1	176432959	40201000
JavaScriptCore	independent_cold	method_calls	4	500	2	189130291	40201000
JavaScriptCore	independent_cold	method_calls	4	500	3	175169417	40201000
JavaScriptCore	independent_cold	method_calls	4	500	4	178930250	40201000
JavaScriptCore	independent_cold	method_calls	4	500	5	187726875	40201000
JavaScriptCore	independent_cold	method_calls	4	500	6	177933791	40201000
zig-js	shared	method_calls	4	500	0	215599583	40201000
zig-js	shared	method_calls	4	500	1	205438166	40201000
zig-js	shared	method_calls	4	500	2	213295958	40201000
zig-js	shared	method_calls	4	500	3	204653625	40201000
zig-js	shared	method_calls	4	500	4	208793209	40201000
zig-js	shared	method_calls	4	500	5	219678542	40201000
zig-js	shared	method_calls	4	500	6	206573834	40201000
JavaScriptCore	independent_steady	method_calls	8	500	0	252449875	160402000
JavaScriptCore	independent_steady	method_calls	8	500	1	267440916	160402000
JavaScriptCore	independent_steady	method_calls	8	500	2	249631791	160402000
JavaScriptCore	independent_steady	method_calls	8	500	3	264415833	160402000
JavaScriptCore	independent_steady	method_calls	8	500	4	251343250	160402000
JavaScriptCore	independent_steady	method_calls	8	500	5	266823750	160402000
JavaScriptCore	independent_steady	method_calls	8	500	6	267504458	160402000
zig-js	independent_steady	method_calls	8	500	0	134199833	160402000
zig-js	independent_steady	method_calls	8	500	1	130116125	160402000
zig-js	independent_steady	method_calls	8	500	2	128519250	160402000
zig-js	independent_steady	method_calls	8	500	3	136268084	160402000
zig-js	independent_steady	method_calls	8	500	4	139072500	160402000
zig-js	independent_steady	method_calls	8	500	5	132464459	160402000
zig-js	independent_steady	method_calls	8	500	6	128420959	160402000
zig-js	independent_cold	method_calls	8	500	0	147831042	160402000
zig-js	independent_cold	method_calls	8	500	1	138507875	160402000
zig-js	independent_cold	method_calls	8	500	2	131217833	160402000
zig-js	independent_cold	method_calls	8	500	3	133851791	160402000
zig-js	independent_cold	method_calls	8	500	4	143896292	160402000
zig-js	independent_cold	method_calls	8	500	5	131707125	160402000
zig-js	independent_cold	method_calls	8	500	6	134239791	160402000
JavaScriptCore	independent_cold	method_calls	8	500	0	265960375	160402000
JavaScriptCore	independent_cold	method_calls	8	500	1	252949833	160402000
JavaScriptCore	independent_cold	method_calls	8	500	2	276391084	160402000
JavaScriptCore	independent_cold	method_calls	8	500	3	260631375	160402000
JavaScriptCore	independent_cold	method_calls	8	500	4	384675500	160402000
JavaScriptCore	independent_cold	method_calls	8	500	5	270205167	160402000
JavaScriptCore	independent_cold	method_calls	8	500	6	293311500	160402000
zig-js	shared	method_calls	8	500	0	289749625	160402000
zig-js	shared	method_calls	8	500	1	283832542	160402000
zig-js	shared	method_calls	8	500	2	297163583	160402000
zig-js	shared	method_calls	8	500	3	297982333	160402000
zig-js	shared	method_calls	8	500	4	284177542	160402000
zig-js	shared	method_calls	8	500	5	300362333	160402000
zig-js	shared	method_calls	8	500	6	285277667	160402000
JavaScriptCore	single	closure_calls	1	600	0	268258417	597092100
JavaScriptCore	single	closure_calls	1	600	1	230238750	597092100
JavaScriptCore	single	closure_calls	1	600	2	235883833	597092100
JavaScriptCore	single	closure_calls	1	600	3	241565291	597092100
JavaScriptCore	single	closure_calls	1	600	4	236266083	597092100
JavaScriptCore	single	closure_calls	1	600	5	225905250	597092100
JavaScriptCore	single	closure_calls	1	600	6	224281750	597092100
zig-js	single	closure_calls	1	600	0	109264916	597092100
zig-js	single	closure_calls	1	600	1	104882291	597092100
zig-js	single	closure_calls	1	600	2	109314917	597092100
zig-js	single	closure_calls	1	600	3	106675500	597092100
zig-js	single	closure_calls	1	600	4	106594333	597092100
zig-js	single	closure_calls	1	600	5	105642875	597092100
zig-js	single	closure_calls	1	600	6	105603375	597092100
zig-js	independent_steady	closure_calls	1	600	0	107609917	597092100
zig-js	independent_steady	closure_calls	1	600	1	105916709	597092100
zig-js	independent_steady	closure_calls	1	600	2	109638125	597092100
zig-js	independent_steady	closure_calls	1	600	3	110017667	597092100
zig-js	independent_steady	closure_calls	1	600	4	109110125	597092100
zig-js	independent_steady	closure_calls	1	600	5	106477375	597092100
zig-js	independent_steady	closure_calls	1	600	6	108753500	597092100
JavaScriptCore	independent_steady	closure_calls	1	600	0	227923875	597092100
JavaScriptCore	independent_steady	closure_calls	1	600	1	224177542	597092100
JavaScriptCore	independent_steady	closure_calls	1	600	2	227300125	597092100
JavaScriptCore	independent_steady	closure_calls	1	600	3	225377042	597092100
JavaScriptCore	independent_steady	closure_calls	1	600	4	226087500	597092100
JavaScriptCore	independent_steady	closure_calls	1	600	5	227346916	597092100
JavaScriptCore	independent_steady	closure_calls	1	600	6	231197042	597092100
JavaScriptCore	independent_cold	closure_calls	1	600	0	236802584	597092100
JavaScriptCore	independent_cold	closure_calls	1	600	1	229878834	597092100
JavaScriptCore	independent_cold	closure_calls	1	600	2	231688041	597092100
JavaScriptCore	independent_cold	closure_calls	1	600	3	227612917	597092100
JavaScriptCore	independent_cold	closure_calls	1	600	4	230894875	597092100
JavaScriptCore	independent_cold	closure_calls	1	600	5	230176542	597092100
JavaScriptCore	independent_cold	closure_calls	1	600	6	231987875	597092100
zig-js	independent_cold	closure_calls	1	600	0	109323375	597092100
zig-js	independent_cold	closure_calls	1	600	1	106439084	597092100
zig-js	independent_cold	closure_calls	1	600	2	107422208	597092100
zig-js	independent_cold	closure_calls	1	600	3	105660916	597092100
zig-js	independent_cold	closure_calls	1	600	4	105511750	597092100
zig-js	independent_cold	closure_calls	1	600	5	107222541	597092100
zig-js	independent_cold	closure_calls	1	600	6	105654958	597092100
zig-js	shared	closure_calls	1	600	0	106923625	597092100
zig-js	shared	closure_calls	1	600	1	104530208	597092100
zig-js	shared	closure_calls	1	600	2	104843917	597092100
zig-js	shared	closure_calls	1	600	3	106064959	597092100
zig-js	shared	closure_calls	1	600	4	104713834	597092100
zig-js	shared	closure_calls	1	600	5	105441750	597092100
zig-js	shared	closure_calls	1	600	6	106841000	597092100
zig-js	independent_steady	closure_calls	2	600	0	104554209	1194184800
zig-js	independent_steady	closure_calls	2	600	1	104215667	1194184800
zig-js	independent_steady	closure_calls	2	600	2	104959250	1194184800
zig-js	independent_steady	closure_calls	2	600	3	105625708	1194184800
zig-js	independent_steady	closure_calls	2	600	4	105016667	1194184800
zig-js	independent_steady	closure_calls	2	600	5	104954208	1194184800
zig-js	independent_steady	closure_calls	2	600	6	106194750	1194184800
JavaScriptCore	independent_steady	closure_calls	2	600	0	234250875	1194184800
JavaScriptCore	independent_steady	closure_calls	2	600	1	235931750	1194184800
JavaScriptCore	independent_steady	closure_calls	2	600	2	235181291	1194184800
JavaScriptCore	independent_steady	closure_calls	2	600	3	234387458	1194184800
JavaScriptCore	independent_steady	closure_calls	2	600	4	234664875	1194184800
JavaScriptCore	independent_steady	closure_calls	2	600	5	233790125	1194184800
JavaScriptCore	independent_steady	closure_calls	2	600	6	325075834	1194184800
JavaScriptCore	independent_cold	closure_calls	2	600	0	240659083	1194184800
JavaScriptCore	independent_cold	closure_calls	2	600	1	249596958	1194184800
JavaScriptCore	independent_cold	closure_calls	2	600	2	266713709	1194184800
JavaScriptCore	independent_cold	closure_calls	2	600	3	249221667	1194184800
JavaScriptCore	independent_cold	closure_calls	2	600	4	235738958	1194184800
JavaScriptCore	independent_cold	closure_calls	2	600	5	237721209	1194184800
JavaScriptCore	independent_cold	closure_calls	2	600	6	240160292	1194184800
zig-js	independent_cold	closure_calls	2	600	0	115197959	1194184800
zig-js	independent_cold	closure_calls	2	600	1	111945625	1194184800
zig-js	independent_cold	closure_calls	2	600	2	107216875	1194184800
zig-js	independent_cold	closure_calls	2	600	3	109135667	1194184800
zig-js	independent_cold	closure_calls	2	600	4	107089792	1194184800
zig-js	independent_cold	closure_calls	2	600	5	108973708	1194184800
zig-js	independent_cold	closure_calls	2	600	6	107658250	1194184800
zig-js	shared	closure_calls	2	600	0	115230333	1194184800
zig-js	shared	closure_calls	2	600	1	120348333	1194184800
zig-js	shared	closure_calls	2	600	2	114432333	1194184800
zig-js	shared	closure_calls	2	600	3	121137416	1194184800
zig-js	shared	closure_calls	2	600	4	117400125	1194184800
zig-js	shared	closure_calls	2	600	5	116435625	1194184800
zig-js	shared	closure_calls	2	600	6	118760500	1194184800
zig-js	independent_steady	closure_calls	4	600	0	109516833	2388372000
zig-js	independent_steady	closure_calls	4	600	1	106849583	2388372000
zig-js	independent_steady	closure_calls	4	600	2	113353750	2388372000
zig-js	independent_steady	closure_calls	4	600	3	112191167	2388372000
zig-js	independent_steady	closure_calls	4	600	4	107653709	2388372000
zig-js	independent_steady	closure_calls	4	600	5	110447459	2388372000
zig-js	independent_steady	closure_calls	4	600	6	110707333	2388372000
JavaScriptCore	independent_steady	closure_calls	4	600	0	305931875	2388372000
JavaScriptCore	independent_steady	closure_calls	4	600	1	296280083	2388372000
JavaScriptCore	independent_steady	closure_calls	4	600	2	281994833	2388372000
JavaScriptCore	independent_steady	closure_calls	4	600	3	306689791	2388372000
JavaScriptCore	independent_steady	closure_calls	4	600	4	290541584	2388372000
JavaScriptCore	independent_steady	closure_calls	4	600	5	267566167	2388372000
JavaScriptCore	independent_steady	closure_calls	4	600	6	277102667	2388372000
JavaScriptCore	independent_cold	closure_calls	4	600	0	275702333	2388372000
JavaScriptCore	independent_cold	closure_calls	4	600	1	278847000	2388372000
JavaScriptCore	independent_cold	closure_calls	4	600	2	261003792	2388372000
JavaScriptCore	independent_cold	closure_calls	4	600	3	279168834	2388372000
JavaScriptCore	independent_cold	closure_calls	4	600	4	267663084	2388372000
JavaScriptCore	independent_cold	closure_calls	4	600	5	381081000	2388372000
JavaScriptCore	independent_cold	closure_calls	4	600	6	276054584	2388372000
zig-js	independent_cold	closure_calls	4	600	0	118007334	2388372000
zig-js	independent_cold	closure_calls	4	600	1	111838125	2388372000
zig-js	independent_cold	closure_calls	4	600	2	110333583	2388372000
zig-js	independent_cold	closure_calls	4	600	3	122766792	2388372000
zig-js	independent_cold	closure_calls	4	600	4	109695875	2388372000
zig-js	independent_cold	closure_calls	4	600	5	112034000	2388372000
zig-js	independent_cold	closure_calls	4	600	6	111092334	2388372000
zig-js	shared	closure_calls	4	600	0	129933625	2388372000
zig-js	shared	closure_calls	4	600	1	120194250	2388372000
zig-js	shared	closure_calls	4	600	2	119580791	2388372000
zig-js	shared	closure_calls	4	600	3	123662333	2388372000
zig-js	shared	closure_calls	4	600	4	128627667	2388372000
zig-js	shared	closure_calls	4	600	5	120259791	2388372000
zig-js	shared	closure_calls	4	600	6	122294375	2388372000
zig-js	independent_steady	closure_calls	8	600	0	149957375	4776753600
zig-js	independent_steady	closure_calls	8	600	1	140923791	4776753600
zig-js	independent_steady	closure_calls	8	600	2	147674167	4776753600
zig-js	independent_steady	closure_calls	8	600	3	156547708	4776753600
zig-js	independent_steady	closure_calls	8	600	4	151819708	4776753600
zig-js	independent_steady	closure_calls	8	600	5	140568750	4776753600
zig-js	independent_steady	closure_calls	8	600	6	149855958	4776753600
JavaScriptCore	independent_steady	closure_calls	8	600	0	411902459	4776753600
JavaScriptCore	independent_steady	closure_calls	8	600	1	406488333	4776753600
JavaScriptCore	independent_steady	closure_calls	8	600	2	392064416	4776753600
JavaScriptCore	independent_steady	closure_calls	8	600	3	404227500	4776753600
JavaScriptCore	independent_steady	closure_calls	8	600	4	402742958	4776753600
JavaScriptCore	independent_steady	closure_calls	8	600	5	397803167	4776753600
JavaScriptCore	independent_steady	closure_calls	8	600	6	398310458	4776753600
JavaScriptCore	independent_cold	closure_calls	8	600	0	400581667	4776753600
JavaScriptCore	independent_cold	closure_calls	8	600	1	413650625	4776753600
JavaScriptCore	independent_cold	closure_calls	8	600	2	417957666	4776753600
JavaScriptCore	independent_cold	closure_calls	8	600	3	419022459	4776753600
JavaScriptCore	independent_cold	closure_calls	8	600	4	414141416	4776753600
JavaScriptCore	independent_cold	closure_calls	8	600	5	394753292	4776753600
JavaScriptCore	independent_cold	closure_calls	8	600	6	417509333	4776753600
zig-js	independent_cold	closure_calls	8	600	0	148844334	4776753600
zig-js	independent_cold	closure_calls	8	600	1	141829958	4776753600
zig-js	independent_cold	closure_calls	8	600	2	137273084	4776753600
zig-js	independent_cold	closure_calls	8	600	3	138338041	4776753600
zig-js	independent_cold	closure_calls	8	600	4	162827834	4776753600
zig-js	independent_cold	closure_calls	8	600	5	135517292	4776753600
zig-js	independent_cold	closure_calls	8	600	6	137729167	4776753600
zig-js	shared	closure_calls	8	600	0	184653875	4776753600
zig-js	shared	closure_calls	8	600	1	181971792	4776753600
zig-js	shared	closure_calls	8	600	2	181835792	4776753600
zig-js	shared	closure_calls	8	600	3	288260375	4776753600
zig-js	shared	closure_calls	8	600	4	177275583	4776753600
zig-js	shared	closure_calls	8	600	5	193916917	4776753600
zig-js	shared	closure_calls	8	600	6	174886834	4776753600
zig-js	single	arguments_calls	1	600	0	105363000	597092100
zig-js	single	arguments_calls	1	600	1	102763583	597092100
zig-js	single	arguments_calls	1	600	2	104160666	597092100
zig-js	single	arguments_calls	1	600	3	102097583	597092100
zig-js	single	arguments_calls	1	600	4	102822750	597092100
zig-js	single	arguments_calls	1	600	5	104776209	597092100
zig-js	single	arguments_calls	1	600	6	103200750	597092100
JavaScriptCore	single	arguments_calls	1	600	0	363583333	597092100
JavaScriptCore	single	arguments_calls	1	600	1	355929375	597092100
JavaScriptCore	single	arguments_calls	1	600	2	385231125	597092100
JavaScriptCore	single	arguments_calls	1	600	3	363362917	597092100
JavaScriptCore	single	arguments_calls	1	600	4	358734875	597092100
JavaScriptCore	single	arguments_calls	1	600	5	369770083	597092100
JavaScriptCore	single	arguments_calls	1	600	6	358510042	597092100
JavaScriptCore	independent_steady	arguments_calls	1	600	0	357873625	597092100
JavaScriptCore	independent_steady	arguments_calls	1	600	1	363220500	597092100
JavaScriptCore	independent_steady	arguments_calls	1	600	2	355660458	597092100
JavaScriptCore	independent_steady	arguments_calls	1	600	3	356375709	597092100
JavaScriptCore	independent_steady	arguments_calls	1	600	4	361927167	597092100
JavaScriptCore	independent_steady	arguments_calls	1	600	5	359253875	597092100
JavaScriptCore	independent_steady	arguments_calls	1	600	6	362546500	597092100
zig-js	independent_steady	arguments_calls	1	600	0	102597250	597092100
zig-js	independent_steady	arguments_calls	1	600	1	103633833	597092100
zig-js	independent_steady	arguments_calls	1	600	2	102328667	597092100
zig-js	independent_steady	arguments_calls	1	600	3	101970584	597092100
zig-js	independent_steady	arguments_calls	1	600	4	101635833	597092100
zig-js	independent_steady	arguments_calls	1	600	5	103108833	597092100
zig-js	independent_steady	arguments_calls	1	600	6	102266916	597092100
zig-js	independent_cold	arguments_calls	1	600	0	110231167	597092100
zig-js	independent_cold	arguments_calls	1	600	1	113322583	597092100
zig-js	independent_cold	arguments_calls	1	600	2	111182416	597092100
zig-js	independent_cold	arguments_calls	1	600	3	107799166	597092100
zig-js	independent_cold	arguments_calls	1	600	4	105165500	597092100
zig-js	independent_cold	arguments_calls	1	600	5	109339334	597092100
zig-js	independent_cold	arguments_calls	1	600	6	109646667	597092100
JavaScriptCore	independent_cold	arguments_calls	1	600	0	362764542	597092100
JavaScriptCore	independent_cold	arguments_calls	1	600	1	405206083	597092100
JavaScriptCore	independent_cold	arguments_calls	1	600	2	388344542	597092100
JavaScriptCore	independent_cold	arguments_calls	1	600	3	383912916	597092100
JavaScriptCore	independent_cold	arguments_calls	1	600	4	375601333	597092100
JavaScriptCore	independent_cold	arguments_calls	1	600	5	396105000	597092100
JavaScriptCore	independent_cold	arguments_calls	1	600	6	720944083	597092100
zig-js	shared	arguments_calls	1	600	0	144951750	597092100
zig-js	shared	arguments_calls	1	600	1	114618000	597092100
zig-js	shared	arguments_calls	1	600	2	126355792	597092100
zig-js	shared	arguments_calls	1	600	3	128399792	597092100
zig-js	shared	arguments_calls	1	600	4	121895125	597092100
zig-js	shared	arguments_calls	1	600	5	190090667	597092100
zig-js	shared	arguments_calls	1	600	6	144237500	597092100
JavaScriptCore	independent_steady	arguments_calls	2	600	0	363567375	1194184800
JavaScriptCore	independent_steady	arguments_calls	2	600	1	362901583	1194184800
JavaScriptCore	independent_steady	arguments_calls	2	600	2	363591584	1194184800
JavaScriptCore	independent_steady	arguments_calls	2	600	3	365765833	1194184800
JavaScriptCore	independent_steady	arguments_calls	2	600	4	360661250	1194184800
JavaScriptCore	independent_steady	arguments_calls	2	600	5	376931208	1194184800
JavaScriptCore	independent_steady	arguments_calls	2	600	6	365671166	1194184800
zig-js	independent_steady	arguments_calls	2	600	0	105023583	1194184800
zig-js	independent_steady	arguments_calls	2	600	1	103861959	1194184800
zig-js	independent_steady	arguments_calls	2	600	2	107041041	1194184800
zig-js	independent_steady	arguments_calls	2	600	3	102554208	1194184800
zig-js	independent_steady	arguments_calls	2	600	4	106535834	1194184800
zig-js	independent_steady	arguments_calls	2	600	5	111477000	1194184800
zig-js	independent_steady	arguments_calls	2	600	6	109676833	1194184800
zig-js	independent_cold	arguments_calls	2	600	0	107444167	1194184800
zig-js	independent_cold	arguments_calls	2	600	1	106987042	1194184800
zig-js	independent_cold	arguments_calls	2	600	2	104906208	1194184800
zig-js	independent_cold	arguments_calls	2	600	3	111291958	1194184800
zig-js	independent_cold	arguments_calls	2	600	4	106301167	1194184800
zig-js	independent_cold	arguments_calls	2	600	5	107094500	1194184800
zig-js	independent_cold	arguments_calls	2	600	6	105528042	1194184800
JavaScriptCore	independent_cold	arguments_calls	2	600	0	370764958	1194184800
JavaScriptCore	independent_cold	arguments_calls	2	600	1	364293334	1194184800
JavaScriptCore	independent_cold	arguments_calls	2	600	2	369211541	1194184800
JavaScriptCore	independent_cold	arguments_calls	2	600	3	386016709	1194184800
JavaScriptCore	independent_cold	arguments_calls	2	600	4	377095917	1194184800
JavaScriptCore	independent_cold	arguments_calls	2	600	5	378662000	1194184800
JavaScriptCore	independent_cold	arguments_calls	2	600	6	374179708	1194184800
zig-js	shared	arguments_calls	2	600	0	106938750	1194184800
zig-js	shared	arguments_calls	2	600	1	105150334	1194184800
zig-js	shared	arguments_calls	2	600	2	103198500	1194184800
zig-js	shared	arguments_calls	2	600	3	104622250	1194184800
zig-js	shared	arguments_calls	2	600	4	104240667	1194184800
zig-js	shared	arguments_calls	2	600	5	102636625	1194184800
zig-js	shared	arguments_calls	2	600	6	102556459	1194184800
JavaScriptCore	independent_steady	arguments_calls	4	600	0	405975834	2388372000
JavaScriptCore	independent_steady	arguments_calls	4	600	1	438535375	2388372000
JavaScriptCore	independent_steady	arguments_calls	4	600	2	416763333	2388372000
JavaScriptCore	independent_steady	arguments_calls	4	600	3	407597833	2388372000
JavaScriptCore	independent_steady	arguments_calls	4	600	4	401024833	2388372000
JavaScriptCore	independent_steady	arguments_calls	4	600	5	406272500	2388372000
JavaScriptCore	independent_steady	arguments_calls	4	600	6	409980042	2388372000
zig-js	independent_steady	arguments_calls	4	600	0	111945042	2388372000
zig-js	independent_steady	arguments_calls	4	600	1	111532750	2388372000
zig-js	independent_steady	arguments_calls	4	600	2	108771167	2388372000
zig-js	independent_steady	arguments_calls	4	600	3	109625792	2388372000
zig-js	independent_steady	arguments_calls	4	600	4	112923583	2388372000
zig-js	independent_steady	arguments_calls	4	600	5	110668833	2388372000
zig-js	independent_steady	arguments_calls	4	600	6	109644750	2388372000
zig-js	independent_cold	arguments_calls	4	600	0	115874834	2388372000
zig-js	independent_cold	arguments_calls	4	600	1	111670500	2388372000
zig-js	independent_cold	arguments_calls	4	600	2	111459833	2388372000
zig-js	independent_cold	arguments_calls	4	600	3	109844125	2388372000
zig-js	independent_cold	arguments_calls	4	600	4	111052000	2388372000
zig-js	independent_cold	arguments_calls	4	600	5	110702959	2388372000
zig-js	independent_cold	arguments_calls	4	600	6	111590708	2388372000
JavaScriptCore	independent_cold	arguments_calls	4	600	0	412202708	2388372000
JavaScriptCore	independent_cold	arguments_calls	4	600	1	412893416	2388372000
JavaScriptCore	independent_cold	arguments_calls	4	600	2	412881791	2388372000
JavaScriptCore	independent_cold	arguments_calls	4	600	3	432097875	2388372000
JavaScriptCore	independent_cold	arguments_calls	4	600	4	414178833	2388372000
JavaScriptCore	independent_cold	arguments_calls	4	600	5	418290542	2388372000
JavaScriptCore	independent_cold	arguments_calls	4	600	6	419444625	2388372000
zig-js	shared	arguments_calls	4	600	0	105642542	2388372000
zig-js	shared	arguments_calls	4	600	1	107993000	2388372000
zig-js	shared	arguments_calls	4	600	2	107591417	2388372000
zig-js	shared	arguments_calls	4	600	3	109765833	2388372000
zig-js	shared	arguments_calls	4	600	4	111230583	2388372000
zig-js	shared	arguments_calls	4	600	5	107116334	2388372000
zig-js	shared	arguments_calls	4	600	6	111114875	2388372000
JavaScriptCore	independent_steady	arguments_calls	8	600	0	582957125	4776753600
JavaScriptCore	independent_steady	arguments_calls	8	600	1	586016958	4776753600
JavaScriptCore	independent_steady	arguments_calls	8	600	2	570768250	4776753600
JavaScriptCore	independent_steady	arguments_calls	8	600	3	594665125	4776753600
JavaScriptCore	independent_steady	arguments_calls	8	600	4	614432291	4776753600
JavaScriptCore	independent_steady	arguments_calls	8	600	5	653631834	4776753600
JavaScriptCore	independent_steady	arguments_calls	8	600	6	730587709	4776753600
zig-js	independent_steady	arguments_calls	8	600	0	154727125	4776753600
zig-js	independent_steady	arguments_calls	8	600	1	157003334	4776753600
zig-js	independent_steady	arguments_calls	8	600	2	168718791	4776753600
zig-js	independent_steady	arguments_calls	8	600	3	160950917	4776753600
zig-js	independent_steady	arguments_calls	8	600	4	137184958	4776753600
zig-js	independent_steady	arguments_calls	8	600	5	128352208	4776753600
zig-js	independent_steady	arguments_calls	8	600	6	132004375	4776753600
zig-js	independent_cold	arguments_calls	8	600	0	145239667	4776753600
zig-js	independent_cold	arguments_calls	8	600	1	140147000	4776753600
zig-js	independent_cold	arguments_calls	8	600	2	135928000	4776753600
zig-js	independent_cold	arguments_calls	8	600	3	134438125	4776753600
zig-js	independent_cold	arguments_calls	8	600	4	146156333	4776753600
zig-js	independent_cold	arguments_calls	8	600	5	156589542	4776753600
zig-js	independent_cold	arguments_calls	8	600	6	170863292	4776753600
JavaScriptCore	independent_cold	arguments_calls	8	600	0	689676167	4776753600
JavaScriptCore	independent_cold	arguments_calls	8	600	1	609878875	4776753600
JavaScriptCore	independent_cold	arguments_calls	8	600	2	599527208	4776753600
JavaScriptCore	independent_cold	arguments_calls	8	600	3	611604375	4776753600
JavaScriptCore	independent_cold	arguments_calls	8	600	4	599348708	4776753600
JavaScriptCore	independent_cold	arguments_calls	8	600	5	601036625	4776753600
JavaScriptCore	independent_cold	arguments_calls	8	600	6	679182709	4776753600
zig-js	shared	arguments_calls	8	600	0	159905750	4776753600
zig-js	shared	arguments_calls	8	600	1	165210459	4776753600
zig-js	shared	arguments_calls	8	600	2	169510459	4776753600
zig-js	shared	arguments_calls	8	600	3	169205792	4776753600
zig-js	shared	arguments_calls	8	600	4	162839000	4776753600
zig-js	shared	arguments_calls	8	600	5	173864708	4776753600
zig-js	shared	arguments_calls	8	600	6	163167041	4776753600
JavaScriptCore	single	fibonacci	1	125	0	534748167	24552125
JavaScriptCore	single	fibonacci	1	125	1	525299334	24552125
JavaScriptCore	single	fibonacci	1	125	2	527125417	24552125
JavaScriptCore	single	fibonacci	1	125	3	522495833	24552125
JavaScriptCore	single	fibonacci	1	125	4	525249959	24552125
JavaScriptCore	single	fibonacci	1	125	5	524561791	24552125
JavaScriptCore	single	fibonacci	1	125	6	526487875	24552125
zig-js	single	fibonacci	1	125	0	100952291	24552125
zig-js	single	fibonacci	1	125	1	106129417	24552125
zig-js	single	fibonacci	1	125	2	99843500	24552125
zig-js	single	fibonacci	1	125	3	100756250	24552125
zig-js	single	fibonacci	1	125	4	101146375	24552125
zig-js	single	fibonacci	1	125	5	100249375	24552125
zig-js	single	fibonacci	1	125	6	101649667	24552125
zig-js	independent_steady	fibonacci	1	125	0	98986417	24552125
zig-js	independent_steady	fibonacci	1	125	1	99527541	24552125
zig-js	independent_steady	fibonacci	1	125	2	99209791	24552125
zig-js	independent_steady	fibonacci	1	125	3	99265583	24552125
zig-js	independent_steady	fibonacci	1	125	4	99511750	24552125
zig-js	independent_steady	fibonacci	1	125	5	96902375	24552125
zig-js	independent_steady	fibonacci	1	125	6	100471959	24552125
JavaScriptCore	independent_steady	fibonacci	1	125	0	551176333	24552125
JavaScriptCore	independent_steady	fibonacci	1	125	1	524107584	24552125
JavaScriptCore	independent_steady	fibonacci	1	125	2	534825291	24552125
JavaScriptCore	independent_steady	fibonacci	1	125	3	542098375	24552125
JavaScriptCore	independent_steady	fibonacci	1	125	4	528748625	24552125
JavaScriptCore	independent_steady	fibonacci	1	125	5	524846417	24552125
JavaScriptCore	independent_steady	fibonacci	1	125	6	569290459	24552125
JavaScriptCore	independent_cold	fibonacci	1	125	0	524312792	24552125
JavaScriptCore	independent_cold	fibonacci	1	125	1	546895041	24552125
JavaScriptCore	independent_cold	fibonacci	1	125	2	527169750	24552125
JavaScriptCore	independent_cold	fibonacci	1	125	3	531814625	24552125
JavaScriptCore	independent_cold	fibonacci	1	125	4	526196834	24552125
JavaScriptCore	independent_cold	fibonacci	1	125	5	523012833	24552125
JavaScriptCore	independent_cold	fibonacci	1	125	6	525474709	24552125
zig-js	independent_cold	fibonacci	1	125	0	101552000	24552125
zig-js	independent_cold	fibonacci	1	125	1	100014834	24552125
zig-js	independent_cold	fibonacci	1	125	2	99723000	24552125
zig-js	independent_cold	fibonacci	1	125	3	100233625	24552125
zig-js	independent_cold	fibonacci	1	125	4	99896041	24552125
zig-js	independent_cold	fibonacci	1	125	5	100670542	24552125
zig-js	independent_cold	fibonacci	1	125	6	100791541	24552125
zig-js	shared	fibonacci	1	125	0	299602292	24552125
zig-js	shared	fibonacci	1	125	1	303576125	24552125
zig-js	shared	fibonacci	1	125	2	298355917	24552125
zig-js	shared	fibonacci	1	125	3	299757292	24552125
zig-js	shared	fibonacci	1	125	4	299466291	24552125
zig-js	shared	fibonacci	1	125	5	299302209	24552125
zig-js	shared	fibonacci	1	125	6	299821291	24552125
zig-js	independent_steady	fibonacci	2	125	0	98438666	49104251
zig-js	independent_steady	fibonacci	2	125	1	101011833	49104251
zig-js	independent_steady	fibonacci	2	125	2	98297792	49104251
zig-js	independent_steady	fibonacci	2	125	3	100432292	49104251
zig-js	independent_steady	fibonacci	2	125	4	100150042	49104251
zig-js	independent_steady	fibonacci	2	125	5	99554792	49104251
zig-js	independent_steady	fibonacci	2	125	6	99219042	49104251
JavaScriptCore	independent_steady	fibonacci	2	125	0	539976542	49104251
JavaScriptCore	independent_steady	fibonacci	2	125	1	548751333	49104251
JavaScriptCore	independent_steady	fibonacci	2	125	2	619689625	49104251
JavaScriptCore	independent_steady	fibonacci	2	125	3	825593166	49104251
JavaScriptCore	independent_steady	fibonacci	2	125	4	741858750	49104251
JavaScriptCore	independent_steady	fibonacci	2	125	5	684148750	49104251
JavaScriptCore	independent_steady	fibonacci	2	125	6	524380125	49104251
JavaScriptCore	independent_cold	fibonacci	2	125	0	552062209	49104251
JavaScriptCore	independent_cold	fibonacci	2	125	1	532993375	49104251
JavaScriptCore	independent_cold	fibonacci	2	125	2	517112584	49104251
JavaScriptCore	independent_cold	fibonacci	2	125	3	640519708	49104251
JavaScriptCore	independent_cold	fibonacci	2	125	4	557019792	49104251
JavaScriptCore	independent_cold	fibonacci	2	125	5	546457500	49104251
JavaScriptCore	independent_cold	fibonacci	2	125	6	541018333	49104251
zig-js	independent_cold	fibonacci	2	125	0	107225792	49104251
zig-js	independent_cold	fibonacci	2	125	1	103479166	49104251
zig-js	independent_cold	fibonacci	2	125	2	102608958	49104251
zig-js	independent_cold	fibonacci	2	125	3	105493000	49104251
zig-js	independent_cold	fibonacci	2	125	4	106600708	49104251
zig-js	independent_cold	fibonacci	2	125	5	101674750	49104251
zig-js	independent_cold	fibonacci	2	125	6	103664000	49104251
zig-js	shared	fibonacci	2	125	0	302753375	49104251
zig-js	shared	fibonacci	2	125	1	306169292	49104251
zig-js	shared	fibonacci	2	125	2	302526292	49104251
zig-js	shared	fibonacci	2	125	3	305068292	49104251
zig-js	shared	fibonacci	2	125	4	302187583	49104251
zig-js	shared	fibonacci	2	125	5	307249375	49104251
zig-js	shared	fibonacci	2	125	6	302025458	49104251
zig-js	independent_steady	fibonacci	4	125	0	106924250	98208506
zig-js	independent_steady	fibonacci	4	125	1	102999708	98208506
zig-js	independent_steady	fibonacci	4	125	2	102995875	98208506
zig-js	independent_steady	fibonacci	4	125	3	105846833	98208506
zig-js	independent_steady	fibonacci	4	125	4	106654500	98208506
zig-js	independent_steady	fibonacci	4	125	5	103654667	98208506
zig-js	independent_steady	fibonacci	4	125	6	105334125	98208506
JavaScriptCore	independent_steady	fibonacci	4	125	0	554238042	98208506
JavaScriptCore	independent_steady	fibonacci	4	125	1	555982292	98208506
JavaScriptCore	independent_steady	fibonacci	4	125	2	580842875	98208506
JavaScriptCore	independent_steady	fibonacci	4	125	3	572689125	98208506
JavaScriptCore	independent_steady	fibonacci	4	125	4	573230708	98208506
JavaScriptCore	independent_steady	fibonacci	4	125	5	592268458	98208506
JavaScriptCore	independent_steady	fibonacci	4	125	6	685944250	98208506
JavaScriptCore	independent_cold	fibonacci	4	125	0	586214291	98208506
JavaScriptCore	independent_cold	fibonacci	4	125	1	571279209	98208506
JavaScriptCore	independent_cold	fibonacci	4	125	2	586099750	98208506
JavaScriptCore	independent_cold	fibonacci	4	125	3	570494250	98208506
JavaScriptCore	independent_cold	fibonacci	4	125	4	579108041	98208506
JavaScriptCore	independent_cold	fibonacci	4	125	5	585433000	98208506
JavaScriptCore	independent_cold	fibonacci	4	125	6	570565166	98208506
zig-js	independent_cold	fibonacci	4	125	0	118870125	98208506
zig-js	independent_cold	fibonacci	4	125	1	114785708	98208506
zig-js	independent_cold	fibonacci	4	125	2	117302000	98208506
zig-js	independent_cold	fibonacci	4	125	3	120914791	98208506
zig-js	independent_cold	fibonacci	4	125	4	113521833	98208506
zig-js	independent_cold	fibonacci	4	125	5	118374625	98208506
zig-js	independent_cold	fibonacci	4	125	6	110460500	98208506
zig-js	shared	fibonacci	4	125	0	317416042	98208506
zig-js	shared	fibonacci	4	125	1	326525000	98208506
zig-js	shared	fibonacci	4	125	2	341066208	98208506
zig-js	shared	fibonacci	4	125	3	342306083	98208506
zig-js	shared	fibonacci	4	125	4	339356541	98208506
zig-js	shared	fibonacci	4	125	5	337096584	98208506
zig-js	shared	fibonacci	4	125	6	327460459	98208506
zig-js	independent_steady	fibonacci	8	125	0	164179625	196417028
zig-js	independent_steady	fibonacci	8	125	1	168380250	196417028
zig-js	independent_steady	fibonacci	8	125	2	170787750	196417028
zig-js	independent_steady	fibonacci	8	125	3	158971458	196417028
zig-js	independent_steady	fibonacci	8	125	4	160833666	196417028
zig-js	independent_steady	fibonacci	8	125	5	173787250	196417028
zig-js	independent_steady	fibonacci	8	125	6	153367042	196417028
JavaScriptCore	independent_steady	fibonacci	8	125	0	809854459	196417028
JavaScriptCore	independent_steady	fibonacci	8	125	1	829186458	196417028
JavaScriptCore	independent_steady	fibonacci	8	125	2	903332083	196417028
JavaScriptCore	independent_steady	fibonacci	8	125	3	811985333	196417028
JavaScriptCore	independent_steady	fibonacci	8	125	4	809527166	196417028
JavaScriptCore	independent_steady	fibonacci	8	125	5	801269792	196417028
JavaScriptCore	independent_steady	fibonacci	8	125	6	804533917	196417028
JavaScriptCore	independent_cold	fibonacci	8	125	0	808168125	196417028
JavaScriptCore	independent_cold	fibonacci	8	125	1	808256625	196417028
JavaScriptCore	independent_cold	fibonacci	8	125	2	804360917	196417028
JavaScriptCore	independent_cold	fibonacci	8	125	3	920711875	196417028
JavaScriptCore	independent_cold	fibonacci	8	125	4	811767875	196417028
JavaScriptCore	independent_cold	fibonacci	8	125	5	928292291	196417028
JavaScriptCore	independent_cold	fibonacci	8	125	6	861171167	196417028
zig-js	independent_cold	fibonacci	8	125	0	171303000	196417028
zig-js	independent_cold	fibonacci	8	125	1	168209416	196417028
zig-js	independent_cold	fibonacci	8	125	2	180631250	196417028
zig-js	independent_cold	fibonacci	8	125	3	166714250	196417028
zig-js	independent_cold	fibonacci	8	125	4	161725250	196417028
zig-js	independent_cold	fibonacci	8	125	5	161963583	196417028
zig-js	independent_cold	fibonacci	8	125	6	170676291	196417028
zig-js	shared	fibonacci	8	125	0	1034897000	196417028
zig-js	shared	fibonacci	8	125	1	460444375	196417028
zig-js	shared	fibonacci	8	125	2	438031958	196417028
zig-js	shared	fibonacci	8	125	3	422605041	196417028
zig-js	shared	fibonacci	8	125	4	410771667	196417028
zig-js	shared	fibonacci	8	125	5	408759458	196417028
zig-js	shared	fibonacci	8	125	6	416823291	196417028
