engine	mode	workload	lanes	jobs	sample	elapsed_ns	checksum
zig-js	single	arithmetic	1	240	0	87776875	224429640
zig-js	single	arithmetic	1	240	1	88392792	224429640
zig-js	single	arithmetic	1	240	2	87503250	224429640
zig-js	single	arithmetic	1	240	3	87344959	224429640
zig-js	single	arithmetic	1	240	4	87215708	224429640
zig-js	single	arithmetic	1	240	5	88328209	224429640
zig-js	single	arithmetic	1	240	6	87369750	224429640
JavaScriptCore	single	arithmetic	1	240	0	367103625	224429640
JavaScriptCore	single	arithmetic	1	240	1	368666584	224429640
JavaScriptCore	single	arithmetic	1	240	2	370224042	224429640
JavaScriptCore	single	arithmetic	1	240	3	366199916	224429640
JavaScriptCore	single	arithmetic	1	240	4	368063209	224429640
JavaScriptCore	single	arithmetic	1	240	5	368850042	224429640
JavaScriptCore	single	arithmetic	1	240	6	369253542	224429640
JavaScriptCore	independent_steady	arithmetic	1	240	0	398884583	224429640
JavaScriptCore	independent_steady	arithmetic	1	240	1	367008625	224429640
JavaScriptCore	independent_steady	arithmetic	1	240	2	367962833	224429640
JavaScriptCore	independent_steady	arithmetic	1	240	3	367363750	224429640
JavaScriptCore	independent_steady	arithmetic	1	240	4	365696542	224429640
JavaScriptCore	independent_steady	arithmetic	1	240	5	365698000	224429640
JavaScriptCore	independent_steady	arithmetic	1	240	6	376798250	224429640
zig-js	independent_steady	arithmetic	1	240	0	89501125	224429640
zig-js	independent_steady	arithmetic	1	240	1	87440667	224429640
zig-js	independent_steady	arithmetic	1	240	2	88296958	224429640
zig-js	independent_steady	arithmetic	1	240	3	87389083	224429640
zig-js	independent_steady	arithmetic	1	240	4	87573542	224429640
zig-js	independent_steady	arithmetic	1	240	5	87208459	224429640
zig-js	independent_steady	arithmetic	1	240	6	87564958	224429640
zig-js	independent_cold	arithmetic	1	240	0	90412333	224429640
zig-js	independent_cold	arithmetic	1	240	1	90382000	224429640
zig-js	independent_cold	arithmetic	1	240	2	90043333	224429640
zig-js	independent_cold	arithmetic	1	240	3	90014750	224429640
zig-js	independent_cold	arithmetic	1	240	4	89377500	224429640
zig-js	independent_cold	arithmetic	1	240	5	90011166	224429640
zig-js	independent_cold	arithmetic	1	240	6	90863334	224429640
JavaScriptCore	independent_cold	arithmetic	1	240	0	373997583	224429640
JavaScriptCore	independent_cold	arithmetic	1	240	1	367981084	224429640
JavaScriptCore	independent_cold	arithmetic	1	240	2	365644084	224429640
JavaScriptCore	independent_cold	arithmetic	1	240	3	368746542	224429640
JavaScriptCore	independent_cold	arithmetic	1	240	4	371414375	224429640
JavaScriptCore	independent_cold	arithmetic	1	240	5	369120000	224429640
JavaScriptCore	independent_cold	arithmetic	1	240	6	368894042	224429640
zig-js	shared	arithmetic	1	240	0	87258334	224429640
zig-js	shared	arithmetic	1	240	1	87312958	224429640
zig-js	shared	arithmetic	1	240	2	86563208	224429640
zig-js	shared	arithmetic	1	240	3	86939917	224429640
zig-js	shared	arithmetic	1	240	4	89383166	224429640
zig-js	shared	arithmetic	1	240	5	91645208	224429640
zig-js	shared	arithmetic	1	240	6	89901000	224429640
JavaScriptCore	independent_steady	arithmetic	2	240	0	390057500	232858800
JavaScriptCore	independent_steady	arithmetic	2	240	1	379246792	232858800
JavaScriptCore	independent_steady	arithmetic	2	240	2	392654000	232858800
JavaScriptCore	independent_steady	arithmetic	2	240	3	402271958	232858800
JavaScriptCore	independent_steady	arithmetic	2	240	4	378534000	232858800
JavaScriptCore	independent_steady	arithmetic	2	240	5	378475167	232858800
JavaScriptCore	independent_steady	arithmetic	2	240	6	375948333	232858800
zig-js	independent_steady	arithmetic	2	240	0	88633375	232858800
zig-js	independent_steady	arithmetic	2	240	1	89229375	232858800
zig-js	independent_steady	arithmetic	2	240	2	89682667	232858800
zig-js	independent_steady	arithmetic	2	240	3	88896666	232858800
zig-js	independent_steady	arithmetic	2	240	4	88226000	232858800
zig-js	independent_steady	arithmetic	2	240	5	89084917	232858800
zig-js	independent_steady	arithmetic	2	240	6	88541000	232858800
zig-js	independent_cold	arithmetic	2	240	0	92708750	232858800
zig-js	independent_cold	arithmetic	2	240	1	91127292	232858800
zig-js	independent_cold	arithmetic	2	240	2	91837334	232858800
zig-js	independent_cold	arithmetic	2	240	3	91226208	232858800
zig-js	independent_cold	arithmetic	2	240	4	91671125	232858800
zig-js	independent_cold	arithmetic	2	240	5	92475750	232858800
zig-js	independent_cold	arithmetic	2	240	6	92277000	232858800
JavaScriptCore	independent_cold	arithmetic	2	240	0	384425083	232858800
JavaScriptCore	independent_cold	arithmetic	2	240	1	387363375	232858800
JavaScriptCore	independent_cold	arithmetic	2	240	2	378050208	232858800
JavaScriptCore	independent_cold	arithmetic	2	240	3	379517000	232858800
JavaScriptCore	independent_cold	arithmetic	2	240	4	378322667	232858800
JavaScriptCore	independent_cold	arithmetic	2	240	5	376048292	232858800
JavaScriptCore	independent_cold	arithmetic	2	240	6	377661625	232858800
zig-js	shared	arithmetic	2	240	0	88108167	232858800
zig-js	shared	arithmetic	2	240	1	88989250	232858800
zig-js	shared	arithmetic	2	240	2	90023542	232858800
zig-js	shared	arithmetic	2	240	3	89389375	232858800
zig-js	shared	arithmetic	2	240	4	94240167	232858800
zig-js	shared	arithmetic	2	240	5	95267584	232858800
zig-js	shared	arithmetic	2	240	6	91548667	232858800
JavaScriptCore	independent_steady	arithmetic	4	240	0	394620250	321717840
JavaScriptCore	independent_steady	arithmetic	4	240	1	436387709	321717840
JavaScriptCore	independent_steady	arithmetic	4	240	2	396839417	321717840
JavaScriptCore	independent_steady	arithmetic	4	240	3	394188750	321717840
JavaScriptCore	independent_steady	arithmetic	4	240	4	391338334	321717840
JavaScriptCore	independent_steady	arithmetic	4	240	5	393399917	321717840
JavaScriptCore	independent_steady	arithmetic	4	240	6	390003958	321717840
zig-js	independent_steady	arithmetic	4	240	0	91982708	321717840
zig-js	independent_steady	arithmetic	4	240	1	90645667	321717840
zig-js	independent_steady	arithmetic	4	240	2	91621666	321717840
zig-js	independent_steady	arithmetic	4	240	3	90684250	321717840
zig-js	independent_steady	arithmetic	4	240	4	93210000	321717840
zig-js	independent_steady	arithmetic	4	240	5	90532584	321717840
zig-js	independent_steady	arithmetic	4	240	6	90606125	321717840
zig-js	independent_cold	arithmetic	4	240	0	99289209	321717840
zig-js	independent_cold	arithmetic	4	240	1	93934708	321717840
zig-js	independent_cold	arithmetic	4	240	2	94187042	321717840
zig-js	independent_cold	arithmetic	4	240	3	95902167	321717840
zig-js	independent_cold	arithmetic	4	240	4	94647000	321717840
zig-js	independent_cold	arithmetic	4	240	5	94131958	321717840
zig-js	independent_cold	arithmetic	4	240	6	94381709	321717840
JavaScriptCore	independent_cold	arithmetic	4	240	0	402296417	321717840
JavaScriptCore	independent_cold	arithmetic	4	240	1	391877333	321717840
JavaScriptCore	independent_cold	arithmetic	4	240	2	420090833	321717840
JavaScriptCore	independent_cold	arithmetic	4	240	3	526501916	321717840
JavaScriptCore	independent_cold	arithmetic	4	240	4	396300417	321717840
JavaScriptCore	independent_cold	arithmetic	4	240	5	426956875	321717840
JavaScriptCore	independent_cold	arithmetic	4	240	6	400353250	321717840
zig-js	shared	arithmetic	4	240	0	90362792	321717840
zig-js	shared	arithmetic	4	240	1	90621083	321717840
zig-js	shared	arithmetic	4	240	2	90259709	321717840
zig-js	shared	arithmetic	4	240	3	90464042	321717840
zig-js	shared	arithmetic	4	240	4	89855792	321717840
zig-js	shared	arithmetic	4	240	5	90112708	321717840
zig-js	shared	arithmetic	4	240	6	90123833	321717840
JavaScriptCore	independent_steady	arithmetic	8	240	0	567475583	787438800
JavaScriptCore	independent_steady	arithmetic	8	240	1	623558333	787438800
JavaScriptCore	independent_steady	arithmetic	8	240	2	592849750	787438800
JavaScriptCore	independent_steady	arithmetic	8	240	3	566994625	787438800
JavaScriptCore	independent_steady	arithmetic	8	240	4	575777041	787438800
JavaScriptCore	independent_steady	arithmetic	8	240	5	611605666	787438800
JavaScriptCore	independent_steady	arithmetic	8	240	6	654513959	787438800
zig-js	independent_steady	arithmetic	8	240	0	116070917	787438800
zig-js	independent_steady	arithmetic	8	240	1	123409167	787438800
zig-js	independent_steady	arithmetic	8	240	2	116375375	787438800
zig-js	independent_steady	arithmetic	8	240	3	110982709	787438800
zig-js	independent_steady	arithmetic	8	240	4	108120375	787438800
zig-js	independent_steady	arithmetic	8	240	5	106802167	787438800
zig-js	independent_steady	arithmetic	8	240	6	108962708	787438800
zig-js	independent_cold	arithmetic	8	240	0	118869458	787438800
zig-js	independent_cold	arithmetic	8	240	1	113156917	787438800
zig-js	independent_cold	arithmetic	8	240	2	113238417	787438800
zig-js	independent_cold	arithmetic	8	240	3	112778875	787438800
zig-js	independent_cold	arithmetic	8	240	4	112536209	787438800
zig-js	independent_cold	arithmetic	8	240	5	117156292	787438800
zig-js	independent_cold	arithmetic	8	240	6	122163625	787438800
JavaScriptCore	independent_cold	arithmetic	8	240	0	595737125	787438800
JavaScriptCore	independent_cold	arithmetic	8	240	1	584739792	787438800
JavaScriptCore	independent_cold	arithmetic	8	240	2	599091292	787438800
JavaScriptCore	independent_cold	arithmetic	8	240	3	598103708	787438800
JavaScriptCore	independent_cold	arithmetic	8	240	4	615842709	787438800
JavaScriptCore	independent_cold	arithmetic	8	240	5	593971292	787438800
JavaScriptCore	independent_cold	arithmetic	8	240	6	603397417	787438800
zig-js	shared	arithmetic	8	240	0	114501000	787438800
zig-js	shared	arithmetic	8	240	1	114366708	787438800
zig-js	shared	arithmetic	8	240	2	113804792	787438800
zig-js	shared	arithmetic	8	240	3	107208959	787438800
zig-js	shared	arithmetic	8	240	4	120133833	787438800
zig-js	shared	arithmetic	8	240	5	117339583	787438800
zig-js	shared	arithmetic	8	240	6	117045334	787438800
JavaScriptCore	single	properties	1	300	0	327679709	453042750
JavaScriptCore	single	properties	1	300	1	326169875	453042750
JavaScriptCore	single	properties	1	300	2	326580542	453042750
JavaScriptCore	single	properties	1	300	3	326953083	453042750
JavaScriptCore	single	properties	1	300	4	324981792	453042750
JavaScriptCore	single	properties	1	300	5	314146417	453042750
JavaScriptCore	single	properties	1	300	6	311291417	453042750
zig-js	single	properties	1	300	0	110626250	453042750
zig-js	single	properties	1	300	1	110490292	453042750
zig-js	single	properties	1	300	2	109820792	453042750
zig-js	single	properties	1	300	3	110632125	453042750
zig-js	single	properties	1	300	4	109873333	453042750
zig-js	single	properties	1	300	5	110182083	453042750
zig-js	single	properties	1	300	6	109681542	453042750
zig-js	independent_steady	properties	1	300	0	110577500	453042750
zig-js	independent_steady	properties	1	300	1	111233125	453042750
zig-js	independent_steady	properties	1	300	2	112653000	453042750
zig-js	independent_steady	properties	1	300	3	119846209	453042750
zig-js	independent_steady	properties	1	300	4	115865708	453042750
zig-js	independent_steady	properties	1	300	5	114132667	453042750
zig-js	independent_steady	properties	1	300	6	114865250	453042750
JavaScriptCore	independent_steady	properties	1	300	0	311472416	453042750
JavaScriptCore	independent_steady	properties	1	300	1	311991458	453042750
JavaScriptCore	independent_steady	properties	1	300	2	310436458	453042750
JavaScriptCore	independent_steady	properties	1	300	3	310693292	453042750
JavaScriptCore	independent_steady	properties	1	300	4	309843667	453042750
JavaScriptCore	independent_steady	properties	1	300	5	311147750	453042750
JavaScriptCore	independent_steady	properties	1	300	6	309378333	453042750
JavaScriptCore	independent_cold	properties	1	300	0	313550375	453042750
JavaScriptCore	independent_cold	properties	1	300	1	310908125	453042750
JavaScriptCore	independent_cold	properties	1	300	2	322513625	453042750
JavaScriptCore	independent_cold	properties	1	300	3	321583292	453042750
JavaScriptCore	independent_cold	properties	1	300	4	317435833	453042750
JavaScriptCore	independent_cold	properties	1	300	5	312318584	453042750
JavaScriptCore	independent_cold	properties	1	300	6	310745875	453042750
zig-js	independent_cold	properties	1	300	0	111451958	453042750
zig-js	independent_cold	properties	1	300	1	111166166	453042750
zig-js	independent_cold	properties	1	300	2	110997417	453042750
zig-js	independent_cold	properties	1	300	3	111198042	453042750
zig-js	independent_cold	properties	1	300	4	111367500	453042750
zig-js	independent_cold	properties	1	300	5	110765625	453042750
zig-js	independent_cold	properties	1	300	6	110734167	453042750
zig-js	shared	properties	1	300	0	167457166	453042750
zig-js	shared	properties	1	300	1	162638875	453042750
zig-js	shared	properties	1	300	2	160592542	453042750
zig-js	shared	properties	1	300	3	155692542	453042750
zig-js	shared	properties	1	300	4	156905667	453042750
zig-js	shared	properties	1	300	5	157230292	453042750
zig-js	shared	properties	1	300	6	157951333	453042750
zig-js	independent_steady	properties	2	300	0	112767041	906086400
zig-js	independent_steady	properties	2	300	1	111446291	906086400
zig-js	independent_steady	properties	2	300	2	113076709	906086400
zig-js	independent_steady	properties	2	300	3	112674416	906086400
zig-js	independent_steady	properties	2	300	4	112780666	906086400
zig-js	independent_steady	properties	2	300	5	111912792	906086400
zig-js	independent_steady	properties	2	300	6	112845583	906086400
JavaScriptCore	independent_steady	properties	2	300	0	314530250	906086400
JavaScriptCore	independent_steady	properties	2	300	1	315908750	906086400
JavaScriptCore	independent_steady	properties	2	300	2	314400083	906086400
JavaScriptCore	independent_steady	properties	2	300	3	314798083	906086400
JavaScriptCore	independent_steady	properties	2	300	4	314710584	906086400
JavaScriptCore	independent_steady	properties	2	300	5	314324084	906086400
JavaScriptCore	independent_steady	properties	2	300	6	314737291	906086400
JavaScriptCore	independent_cold	properties	2	300	0	328325375	906086400
JavaScriptCore	independent_cold	properties	2	300	1	316740042	906086400
JavaScriptCore	independent_cold	properties	2	300	2	315970083	906086400
JavaScriptCore	independent_cold	properties	2	300	3	316604750	906086400
JavaScriptCore	independent_cold	properties	2	300	4	331786333	906086400
JavaScriptCore	independent_cold	properties	2	300	5	317696583	906086400
JavaScriptCore	independent_cold	properties	2	300	6	319186792	906086400
zig-js	independent_cold	properties	2	300	0	114955083	906086400
zig-js	independent_cold	properties	2	300	1	112458708	906086400
zig-js	independent_cold	properties	2	300	2	112705833	906086400
zig-js	independent_cold	properties	2	300	3	113501041	906086400
zig-js	independent_cold	properties	2	300	4	113369208	906086400
zig-js	independent_cold	properties	2	300	5	112349792	906086400
zig-js	independent_cold	properties	2	300	6	112154250	906086400
zig-js	shared	properties	2	300	0	159439250	906086400
zig-js	shared	properties	2	300	1	158168125	906086400
zig-js	shared	properties	2	300	2	158353291	906086400
zig-js	shared	properties	2	300	3	158001375	906086400
zig-js	shared	properties	2	300	4	159463792	906086400
zig-js	shared	properties	2	300	5	203294667	906086400
zig-js	shared	properties	2	300	6	164988625	906086400
zig-js	independent_steady	properties	4	300	0	121580625	1812176400
zig-js	independent_steady	properties	4	300	1	115177042	1812176400
zig-js	independent_steady	properties	4	300	2	115577167	1812176400
zig-js	independent_steady	properties	4	300	3	115452083	1812176400
zig-js	independent_steady	properties	4	300	4	115512750	1812176400
zig-js	independent_steady	properties	4	300	5	114646583	1812176400
zig-js	independent_steady	properties	4	300	6	119165667	1812176400
JavaScriptCore	independent_steady	properties	4	300	0	348087166	1812176400
JavaScriptCore	independent_steady	properties	4	300	1	354238083	1812176400
JavaScriptCore	independent_steady	properties	4	300	2	365525833	1812176400
JavaScriptCore	independent_steady	properties	4	300	3	358021208	1812176400
JavaScriptCore	independent_steady	properties	4	300	4	348426709	1812176400
JavaScriptCore	independent_steady	properties	4	300	5	349758209	1812176400
JavaScriptCore	independent_steady	properties	4	300	6	351438583	1812176400
JavaScriptCore	independent_cold	properties	4	300	0	356798000	1812176400
JavaScriptCore	independent_cold	properties	4	300	1	354662458	1812176400
JavaScriptCore	independent_cold	properties	4	300	2	355107125	1812176400
JavaScriptCore	independent_cold	properties	4	300	3	353430167	1812176400
JavaScriptCore	independent_cold	properties	4	300	4	357021000	1812176400
JavaScriptCore	independent_cold	properties	4	300	5	393196750	1812176400
JavaScriptCore	independent_cold	properties	4	300	6	391107625	1812176400
zig-js	independent_cold	properties	4	300	0	132499375	1812176400
zig-js	independent_cold	properties	4	300	1	122469250	1812176400
zig-js	independent_cold	properties	4	300	2	116082416	1812176400
zig-js	independent_cold	properties	4	300	3	115768000	1812176400
zig-js	independent_cold	properties	4	300	4	116811459	1812176400
zig-js	independent_cold	properties	4	300	5	116099250	1812176400
zig-js	independent_cold	properties	4	300	6	116252791	1812176400
zig-js	shared	properties	4	300	0	163595916	1812176400
zig-js	shared	properties	4	300	1	163121125	1812176400
zig-js	shared	properties	4	300	2	162915708	1812176400
zig-js	shared	properties	4	300	3	162445000	1812176400
zig-js	shared	properties	4	300	4	163699167	1812176400
zig-js	shared	properties	4	300	5	162672833	1812176400
zig-js	shared	properties	4	300	6	164421709	1812176400
zig-js	independent_steady	properties	8	300	0	147634375	3624367200
zig-js	independent_steady	properties	8	300	1	143278917	3624367200
zig-js	independent_steady	properties	8	300	2	144710167	3624367200
zig-js	independent_steady	properties	8	300	3	148200000	3624367200
zig-js	independent_steady	properties	8	300	4	145388250	3624367200
zig-js	independent_steady	properties	8	300	5	143788458	3624367200
zig-js	independent_steady	properties	8	300	6	157585625	3624367200
JavaScriptCore	independent_steady	properties	8	300	0	496646667	3624367200
JavaScriptCore	independent_steady	properties	8	300	1	493471166	3624367200
JavaScriptCore	independent_steady	properties	8	300	2	508983417	3624367200
JavaScriptCore	independent_steady	properties	8	300	3	499411458	3624367200
JavaScriptCore	independent_steady	properties	8	300	4	513559167	3624367200
JavaScriptCore	independent_steady	properties	8	300	5	504677458	3624367200
JavaScriptCore	independent_steady	properties	8	300	6	496823125	3624367200
JavaScriptCore	independent_cold	properties	8	300	0	506701166	3624367200
JavaScriptCore	independent_cold	properties	8	300	1	504563416	3624367200
JavaScriptCore	independent_cold	properties	8	300	2	501903291	3624367200
JavaScriptCore	independent_cold	properties	8	300	3	501527750	3624367200
JavaScriptCore	independent_cold	properties	8	300	4	501988167	3624367200
JavaScriptCore	independent_cold	properties	8	300	5	591451917	3624367200
JavaScriptCore	independent_cold	properties	8	300	6	526646542	3624367200
zig-js	independent_cold	properties	8	300	0	152018375	3624367200
zig-js	independent_cold	properties	8	300	1	150062833	3624367200
zig-js	independent_cold	properties	8	300	2	145353375	3624367200
zig-js	independent_cold	properties	8	300	3	145426750	3624367200
zig-js	independent_cold	properties	8	300	4	168321625	3624367200
zig-js	independent_cold	properties	8	300	5	153682125	3624367200
zig-js	independent_cold	properties	8	300	6	149948708	3624367200
zig-js	shared	properties	8	300	0	268466542	3624367200
zig-js	shared	properties	8	300	1	225512125	3624367200
zig-js	shared	properties	8	300	2	229519792	3624367200
zig-js	shared	properties	8	300	3	232781583	3624367200
zig-js	shared	properties	8	300	4	239167625	3624367200
zig-js	shared	properties	8	300	5	247814750	3624367200
zig-js	shared	properties	8	300	6	233423167	3624367200
zig-js	single	polymorphic_properties	1	400	0	111055541	2841281327
zig-js	single	polymorphic_properties	1	400	1	106268292	2841281327
zig-js	single	polymorphic_properties	1	400	2	100837708	2841281327
zig-js	single	polymorphic_properties	1	400	3	101436792	2841281327
zig-js	single	polymorphic_properties	1	400	4	100196417	2841281327
zig-js	single	polymorphic_properties	1	400	5	100802208	2841281327
zig-js	single	polymorphic_properties	1	400	6	98612667	2841281327
JavaScriptCore	single	polymorphic_properties	1	400	0	219329250	2841281327
JavaScriptCore	single	polymorphic_properties	1	400	1	235039500	2841281327
JavaScriptCore	single	polymorphic_properties	1	400	2	223216750	2841281327
JavaScriptCore	single	polymorphic_properties	1	400	3	217048333	2841281327
JavaScriptCore	single	polymorphic_properties	1	400	4	212275958	2841281327
JavaScriptCore	single	polymorphic_properties	1	400	5	215415542	2841281327
JavaScriptCore	single	polymorphic_properties	1	400	6	216708792	2841281327
JavaScriptCore	independent_steady	polymorphic_properties	1	400	0	224619708	2841281327
JavaScriptCore	independent_steady	polymorphic_properties	1	400	1	222399958	2841281327
JavaScriptCore	independent_steady	polymorphic_properties	1	400	2	212543000	2841281327
JavaScriptCore	independent_steady	polymorphic_properties	1	400	3	218489000	2841281327
JavaScriptCore	independent_steady	polymorphic_properties	1	400	4	225238541	2841281327
JavaScriptCore	independent_steady	polymorphic_properties	1	400	5	213913708	2841281327
JavaScriptCore	independent_steady	polymorphic_properties	1	400	6	212337584	2841281327
zig-js	independent_steady	polymorphic_properties	1	400	0	98887833	2841281327
zig-js	independent_steady	polymorphic_properties	1	400	1	98543958	2841281327
zig-js	independent_steady	polymorphic_properties	1	400	2	98167875	2841281327
zig-js	independent_steady	polymorphic_properties	1	400	3	98781500	2841281327
zig-js	independent_steady	polymorphic_properties	1	400	4	98703042	2841281327
zig-js	independent_steady	polymorphic_properties	1	400	5	98366250	2841281327
zig-js	independent_steady	polymorphic_properties	1	400	6	98466042	2841281327
zig-js	independent_cold	polymorphic_properties	1	400	0	101231208	2841281327
zig-js	independent_cold	polymorphic_properties	1	400	1	100446459	2841281327
zig-js	independent_cold	polymorphic_properties	1	400	2	100246333	2841281327
zig-js	independent_cold	polymorphic_properties	1	400	3	100328292	2841281327
zig-js	independent_cold	polymorphic_properties	1	400	4	100229209	2841281327
zig-js	independent_cold	polymorphic_properties	1	400	5	99812500	2841281327
zig-js	independent_cold	polymorphic_properties	1	400	6	99657208	2841281327
JavaScriptCore	independent_cold	polymorphic_properties	1	400	0	215987125	2841281327
JavaScriptCore	independent_cold	polymorphic_properties	1	400	1	212528125	2841281327
JavaScriptCore	independent_cold	polymorphic_properties	1	400	2	212157167	2841281327
JavaScriptCore	independent_cold	polymorphic_properties	1	400	3	214366792	2841281327
JavaScriptCore	independent_cold	polymorphic_properties	1	400	4	215495667	2841281327
JavaScriptCore	independent_cold	polymorphic_properties	1	400	5	211999209	2841281327
JavaScriptCore	independent_cold	polymorphic_properties	1	400	6	212321000	2841281327
zig-js	shared	polymorphic_properties	1	400	0	742629625	2841281327
zig-js	shared	polymorphic_properties	1	400	1	748277083	2841281327
zig-js	shared	polymorphic_properties	1	400	2	773423625	2841281327
zig-js	shared	polymorphic_properties	1	400	3	747338958	2841281327
zig-js	shared	polymorphic_properties	1	400	4	746569584	2841281327
zig-js	shared	polymorphic_properties	1	400	5	745170042	2841281327
zig-js	shared	polymorphic_properties	1	400	6	751118333	2841281327
JavaScriptCore	independent_steady	polymorphic_properties	2	400	0	216463292	5686541534
JavaScriptCore	independent_steady	polymorphic_properties	2	400	1	216558542	5686541534
JavaScriptCore	independent_steady	polymorphic_properties	2	400	2	215873125	5686541534
JavaScriptCore	independent_steady	polymorphic_properties	2	400	3	217073459	5686541534
JavaScriptCore	independent_steady	polymorphic_properties	2	400	4	216480708	5686541534
JavaScriptCore	independent_steady	polymorphic_properties	2	400	5	216573625	5686541534
JavaScriptCore	independent_steady	polymorphic_properties	2	400	6	217505292	5686541534
zig-js	independent_steady	polymorphic_properties	2	400	0	100026458	5686541534
zig-js	independent_steady	polymorphic_properties	2	400	1	99925167	5686541534
zig-js	independent_steady	polymorphic_properties	2	400	2	99835833	5686541534
zig-js	independent_steady	polymorphic_properties	2	400	3	99698541	5686541534
zig-js	independent_steady	polymorphic_properties	2	400	4	100138833	5686541534
zig-js	independent_steady	polymorphic_properties	2	400	5	99433417	5686541534
zig-js	independent_steady	polymorphic_properties	2	400	6	100284458	5686541534
zig-js	independent_cold	polymorphic_properties	2	400	0	104494833	5686541534
zig-js	independent_cold	polymorphic_properties	2	400	1	102934083	5686541534
zig-js	independent_cold	polymorphic_properties	2	400	2	102127125	5686541534
zig-js	independent_cold	polymorphic_properties	2	400	3	102340542	5686541534
zig-js	independent_cold	polymorphic_properties	2	400	4	102819584	5686541534
zig-js	independent_cold	polymorphic_properties	2	400	5	102818167	5686541534
zig-js	independent_cold	polymorphic_properties	2	400	6	103163125	5686541534
JavaScriptCore	independent_cold	polymorphic_properties	2	400	0	219892375	5686541534
JavaScriptCore	independent_cold	polymorphic_properties	2	400	1	217770584	5686541534
JavaScriptCore	independent_cold	polymorphic_properties	2	400	2	216242583	5686541534
JavaScriptCore	independent_cold	polymorphic_properties	2	400	3	216740125	5686541534
JavaScriptCore	independent_cold	polymorphic_properties	2	400	4	215916291	5686541534
JavaScriptCore	independent_cold	polymorphic_properties	2	400	5	216848375	5686541534
JavaScriptCore	independent_cold	polymorphic_properties	2	400	6	224964292	5686541534
zig-js	shared	polymorphic_properties	2	400	0	754846459	5686541534
zig-js	shared	polymorphic_properties	2	400	1	761204958	5686541534
zig-js	shared	polymorphic_properties	2	400	2	770495208	5686541534
zig-js	shared	polymorphic_properties	2	400	3	767694166	5686541534
zig-js	shared	polymorphic_properties	2	400	4	759800833	5686541534
zig-js	shared	polymorphic_properties	2	400	5	771753375	5686541534
zig-js	shared	polymorphic_properties	2	400	6	763023375	5686541534
JavaScriptCore	independent_steady	polymorphic_properties	4	400	0	255041875	11389518244
JavaScriptCore	independent_steady	polymorphic_properties	4	400	1	244103833	11389518244
JavaScriptCore	independent_steady	polymorphic_properties	4	400	2	246057167	11389518244
JavaScriptCore	independent_steady	polymorphic_properties	4	400	3	247559833	11389518244
JavaScriptCore	independent_steady	polymorphic_properties	4	400	4	245078417	11389518244
JavaScriptCore	independent_steady	polymorphic_properties	4	400	5	246981500	11389518244
JavaScriptCore	independent_steady	polymorphic_properties	4	400	6	248828583	11389518244
zig-js	independent_steady	polymorphic_properties	4	400	0	103382042	11389518244
zig-js	independent_steady	polymorphic_properties	4	400	1	104118875	11389518244
zig-js	independent_steady	polymorphic_properties	4	400	2	102806625	11389518244
zig-js	independent_steady	polymorphic_properties	4	400	3	102967584	11389518244
zig-js	independent_steady	polymorphic_properties	4	400	4	103049542	11389518244
zig-js	independent_steady	polymorphic_properties	4	400	5	104095916	11389518244
zig-js	independent_steady	polymorphic_properties	4	400	6	105761834	11389518244
zig-js	independent_cold	polymorphic_properties	4	400	0	113206458	11389518244
zig-js	independent_cold	polymorphic_properties	4	400	1	106942834	11389518244
zig-js	independent_cold	polymorphic_properties	4	400	2	107467208	11389518244
zig-js	independent_cold	polymorphic_properties	4	400	3	106160083	11389518244
zig-js	independent_cold	polymorphic_properties	4	400	4	106492292	11389518244
zig-js	independent_cold	polymorphic_properties	4	400	5	108008709	11389518244
zig-js	independent_cold	polymorphic_properties	4	400	6	105907917	11389518244
JavaScriptCore	independent_cold	polymorphic_properties	4	400	0	244346416	11389518244
JavaScriptCore	independent_cold	polymorphic_properties	4	400	1	245737209	11389518244
JavaScriptCore	independent_cold	polymorphic_properties	4	400	2	248697834	11389518244
JavaScriptCore	independent_cold	polymorphic_properties	4	400	3	248323959	11389518244
JavaScriptCore	independent_cold	polymorphic_properties	4	400	4	249749916	11389518244
JavaScriptCore	independent_cold	polymorphic_properties	4	400	5	248180042	11389518244
JavaScriptCore	independent_cold	polymorphic_properties	4	400	6	248801792	11389518244
zig-js	shared	polymorphic_properties	4	400	0	796911416	11389518244
zig-js	shared	polymorphic_properties	4	400	1	809093333	11389518244
zig-js	shared	polymorphic_properties	4	400	2	810311291	11389518244
zig-js	shared	polymorphic_properties	4	400	3	981485833	11389518244
zig-js	shared	polymorphic_properties	4	400	4	859314584	11389518244
zig-js	shared	polymorphic_properties	4	400	5	834328417	11389518244
zig-js	shared	polymorphic_properties	4	400	6	846681750	11389518244
JavaScriptCore	independent_steady	polymorphic_properties	8	400	0	389349041	22844935960
JavaScriptCore	independent_steady	polymorphic_properties	8	400	1	382645084	22844935960
JavaScriptCore	independent_steady	polymorphic_properties	8	400	2	374105750	22844935960
JavaScriptCore	independent_steady	polymorphic_properties	8	400	3	352982041	22844935960
JavaScriptCore	independent_steady	polymorphic_properties	8	400	4	373445625	22844935960
JavaScriptCore	independent_steady	polymorphic_properties	8	400	5	370550833	22844935960
JavaScriptCore	independent_steady	polymorphic_properties	8	400	6	376553625	22844935960
zig-js	independent_steady	polymorphic_properties	8	400	0	157090042	22844935960
zig-js	independent_steady	polymorphic_properties	8	400	1	167497625	22844935960
zig-js	independent_steady	polymorphic_properties	8	400	2	164927083	22844935960
zig-js	independent_steady	polymorphic_properties	8	400	3	155784709	22844935960
zig-js	independent_steady	polymorphic_properties	8	400	4	156177292	22844935960
zig-js	independent_steady	polymorphic_properties	8	400	5	164345417	22844935960
zig-js	independent_steady	polymorphic_properties	8	400	6	159106416	22844935960
zig-js	independent_cold	polymorphic_properties	8	400	0	162894000	22844935960
zig-js	independent_cold	polymorphic_properties	8	400	1	181046209	22844935960
zig-js	independent_cold	polymorphic_properties	8	400	2	161026667	22844935960
zig-js	independent_cold	polymorphic_properties	8	400	3	161412417	22844935960
zig-js	independent_cold	polymorphic_properties	8	400	4	179754750	22844935960
zig-js	independent_cold	polymorphic_properties	8	400	5	163650167	22844935960
zig-js	independent_cold	polymorphic_properties	8	400	6	156207208	22844935960
JavaScriptCore	independent_cold	polymorphic_properties	8	400	0	371523625	22844935960
JavaScriptCore	independent_cold	polymorphic_properties	8	400	1	359524625	22844935960
JavaScriptCore	independent_cold	polymorphic_properties	8	400	2	357336625	22844935960
JavaScriptCore	independent_cold	polymorphic_properties	8	400	3	356915500	22844935960
JavaScriptCore	independent_cold	polymorphic_properties	8	400	4	361037584	22844935960
JavaScriptCore	independent_cold	polymorphic_properties	8	400	5	360610125	22844935960
JavaScriptCore	independent_cold	polymorphic_properties	8	400	6	364269167	22844935960
zig-js	shared	polymorphic_properties	8	400	0	1123780042	22844935960
zig-js	shared	polymorphic_properties	8	400	1	1137658834	22844935960
zig-js	shared	polymorphic_properties	8	400	2	1162190375	22844935960
zig-js	shared	polymorphic_properties	8	400	3	1137524334	22844935960
zig-js	shared	polymorphic_properties	8	400	4	1145666959	22844935960
zig-js	shared	polymorphic_properties	8	400	5	1146635750	22844935960
zig-js	shared	polymorphic_properties	8	400	6	1161855958	22844935960
JavaScriptCore	single	object_churn	1	100	0	133060583	1030552128
JavaScriptCore	single	object_churn	1	100	1	129727917	1030552128
JavaScriptCore	single	object_churn	1	100	2	134135750	1030552128
JavaScriptCore	single	object_churn	1	100	3	128159958	1030552128
JavaScriptCore	single	object_churn	1	100	4	128538458	1030552128
JavaScriptCore	single	object_churn	1	100	5	129975625	1030552128
JavaScriptCore	single	object_churn	1	100	6	130576542	1030552128
zig-js	single	object_churn	1	100	0	130662458	1030552128
zig-js	single	object_churn	1	100	1	127834916	1030552128
zig-js	single	object_churn	1	100	2	125021000	1030552128
zig-js	single	object_churn	1	100	3	135613209	1030552128
zig-js	single	object_churn	1	100	4	125816875	1030552128
zig-js	single	object_churn	1	100	5	127470708	1030552128
zig-js	single	object_churn	1	100	6	127480292	1030552128
zig-js	independent_steady	object_churn	1	100	0	131612250	1030552128
zig-js	independent_steady	object_churn	1	100	1	125665875	1030552128
zig-js	independent_steady	object_churn	1	100	2	129628042	1030552128
zig-js	independent_steady	object_churn	1	100	3	132222625	1030552128
zig-js	independent_steady	object_churn	1	100	4	127173167	1030552128
zig-js	independent_steady	object_churn	1	100	5	125284709	1030552128
zig-js	independent_steady	object_churn	1	100	6	128256625	1030552128
JavaScriptCore	independent_steady	object_churn	1	100	0	130223250	1030552128
JavaScriptCore	independent_steady	object_churn	1	100	1	127884875	1030552128
JavaScriptCore	independent_steady	object_churn	1	100	2	132277875	1030552128
JavaScriptCore	independent_steady	object_churn	1	100	3	131704333	1030552128
JavaScriptCore	independent_steady	object_churn	1	100	4	128046333	1030552128
JavaScriptCore	independent_steady	object_churn	1	100	5	127645125	1030552128
JavaScriptCore	independent_steady	object_churn	1	100	6	131806500	1030552128
JavaScriptCore	independent_cold	object_churn	1	100	0	132928500	1030552128
JavaScriptCore	independent_cold	object_churn	1	100	1	129977834	1030552128
JavaScriptCore	independent_cold	object_churn	1	100	2	130323709	1030552128
JavaScriptCore	independent_cold	object_churn	1	100	3	135725000	1030552128
JavaScriptCore	independent_cold	object_churn	1	100	4	130484792	1030552128
JavaScriptCore	independent_cold	object_churn	1	100	5	129672792	1030552128
JavaScriptCore	independent_cold	object_churn	1	100	6	128430375	1030552128
zig-js	independent_cold	object_churn	1	100	0	138701125	1030552128
zig-js	independent_cold	object_churn	1	100	1	137172833	1030552128
zig-js	independent_cold	object_churn	1	100	2	128891500	1030552128
zig-js	independent_cold	object_churn	1	100	3	128723291	1030552128
zig-js	independent_cold	object_churn	1	100	4	129007666	1030552128
zig-js	independent_cold	object_churn	1	100	5	129969083	1030552128
zig-js	independent_cold	object_churn	1	100	6	129547666	1030552128
zig-js	shared	object_churn	1	100	0	118920500	1030552128
zig-js	shared	object_churn	1	100	1	209411083	1030552128
zig-js	shared	object_churn	1	100	2	208791708	1030552128
zig-js	shared	object_churn	1	100	3	209227917	1030552128
zig-js	shared	object_churn	1	100	4	205458666	1030552128
zig-js	shared	object_churn	1	100	5	208227458	1030552128
zig-js	shared	object_churn	1	100	6	203321958	1030552128
zig-js	independent_steady	object_churn	2	100	0	139533416	2066980992
zig-js	independent_steady	object_churn	2	100	1	133930792	2066980992
zig-js	independent_steady	object_churn	2	100	2	134924458	2066980992
zig-js	independent_steady	object_churn	2	100	3	137870916	2066980992
zig-js	independent_steady	object_churn	2	100	4	132060250	2066980992
zig-js	independent_steady	object_churn	2	100	5	133787333	2066980992
zig-js	independent_steady	object_churn	2	100	6	135733917	2066980992
JavaScriptCore	independent_steady	object_churn	2	100	0	131580250	2066980992
JavaScriptCore	independent_steady	object_churn	2	100	1	130591208	2066980992
JavaScriptCore	independent_steady	object_churn	2	100	2	134079084	2066980992
JavaScriptCore	independent_steady	object_churn	2	100	3	131853209	2066980992
JavaScriptCore	independent_steady	object_churn	2	100	4	132759625	2066980992
JavaScriptCore	independent_steady	object_churn	2	100	5	131258125	2066980992
JavaScriptCore	independent_steady	object_churn	2	100	6	134781583	2066980992
JavaScriptCore	independent_cold	object_churn	2	100	0	135100959	2066980992
JavaScriptCore	independent_cold	object_churn	2	100	1	133444042	2066980992
JavaScriptCore	independent_cold	object_churn	2	100	2	135981792	2066980992
JavaScriptCore	independent_cold	object_churn	2	100	3	133758292	2066980992
JavaScriptCore	independent_cold	object_churn	2	100	4	134888875	2066980992
JavaScriptCore	independent_cold	object_churn	2	100	5	134988958	2066980992
JavaScriptCore	independent_cold	object_churn	2	100	6	136804917	2066980992
zig-js	independent_cold	object_churn	2	100	0	141402541	2066980992
zig-js	independent_cold	object_churn	2	100	1	135237708	2066980992
zig-js	independent_cold	object_churn	2	100	2	135558667	2066980992
zig-js	independent_cold	object_churn	2	100	3	143165458	2066980992
zig-js	independent_cold	object_churn	2	100	4	134750375	2066980992
zig-js	independent_cold	object_churn	2	100	5	135485250	2066980992
zig-js	independent_cold	object_churn	2	100	6	136625166	2066980992
zig-js	shared	object_churn	2	100	0	122955500	2066980992
zig-js	shared	object_churn	2	100	1	367329125	2066980992
zig-js	shared	object_churn	2	100	2	319134042	2066980992
zig-js	shared	object_churn	2	100	3	322195875	2066980992
zig-js	shared	object_churn	2	100	4	318067000	2066980992
zig-js	shared	object_churn	2	100	5	320945625	2066980992
zig-js	shared	object_churn	2	100	6	317437875	2066980992
zig-js	independent_steady	object_churn	4	100	0	149479375	4146563328
zig-js	independent_steady	object_churn	4	100	1	162747458	4146563328
zig-js	independent_steady	object_churn	4	100	2	146805750	4146563328
zig-js	independent_steady	object_churn	4	100	3	158717792	4146563328
zig-js	independent_steady	object_churn	4	100	4	145883333	4146563328
zig-js	independent_steady	object_churn	4	100	5	146860583	4146563328
zig-js	independent_steady	object_churn	4	100	6	148266000	4146563328
JavaScriptCore	independent_steady	object_churn	4	100	0	159074167	4146563328
JavaScriptCore	independent_steady	object_churn	4	100	1	143282250	4146563328
JavaScriptCore	independent_steady	object_churn	4	100	2	148396959	4146563328
JavaScriptCore	independent_steady	object_churn	4	100	3	142164500	4146563328
JavaScriptCore	independent_steady	object_churn	4	100	4	141695500	4146563328
JavaScriptCore	independent_steady	object_churn	4	100	5	148500125	4146563328
JavaScriptCore	independent_steady	object_churn	4	100	6	143254209	4146563328
JavaScriptCore	independent_cold	object_churn	4	100	0	150833250	4146563328
JavaScriptCore	independent_cold	object_churn	4	100	1	142538167	4146563328
JavaScriptCore	independent_cold	object_churn	4	100	2	157387667	4146563328
JavaScriptCore	independent_cold	object_churn	4	100	3	143311125	4146563328
JavaScriptCore	independent_cold	object_churn	4	100	4	145922084	4146563328
JavaScriptCore	independent_cold	object_churn	4	100	5	152001708	4146563328
JavaScriptCore	independent_cold	object_churn	4	100	6	143072542	4146563328
zig-js	independent_cold	object_churn	4	100	0	161848166	4146563328
zig-js	independent_cold	object_churn	4	100	1	160855334	4146563328
zig-js	independent_cold	object_churn	4	100	2	158977583	4146563328
zig-js	independent_cold	object_churn	4	100	3	157599000	4146563328
zig-js	independent_cold	object_churn	4	100	4	159239250	4146563328
zig-js	independent_cold	object_churn	4	100	5	159805625	4146563328
zig-js	independent_cold	object_churn	4	100	6	152673125	4146563328
zig-js	shared	object_churn	4	100	0	168453000	4146563328
zig-js	shared	object_churn	4	100	1	695094458	4146563328
zig-js	shared	object_churn	4	100	2	590281792	4146563328
zig-js	shared	object_churn	4	100	3	602017375	4146563328
zig-js	shared	object_churn	4	100	4	576339083	4146563328
zig-js	shared	object_churn	4	100	5	596962042	4146563328
zig-js	shared	object_churn	4	100	6	569892375	4146563328
zig-js	independent_steady	object_churn	8	100	0	214756916	8309369344
zig-js	independent_steady	object_churn	8	100	1	231724792	8309369344
zig-js	independent_steady	object_churn	8	100	2	218791666	8309369344
zig-js	independent_steady	object_churn	8	100	3	223538125	8309369344
zig-js	independent_steady	object_churn	8	100	4	244672166	8309369344
zig-js	independent_steady	object_churn	8	100	5	219829583	8309369344
zig-js	independent_steady	object_churn	8	100	6	237699625	8309369344
JavaScriptCore	independent_steady	object_churn	8	100	0	220067292	8309369344
JavaScriptCore	independent_steady	object_churn	8	100	1	212905083	8309369344
JavaScriptCore	independent_steady	object_churn	8	100	2	218330375	8309369344
JavaScriptCore	independent_steady	object_churn	8	100	3	216619417	8309369344
JavaScriptCore	independent_steady	object_churn	8	100	4	198591542	8309369344
JavaScriptCore	independent_steady	object_churn	8	100	5	207291500	8309369344
JavaScriptCore	independent_steady	object_churn	8	100	6	193692541	8309369344
JavaScriptCore	independent_cold	object_churn	8	100	0	203999750	8309369344
JavaScriptCore	independent_cold	object_churn	8	100	1	204512458	8309369344
JavaScriptCore	independent_cold	object_churn	8	100	2	211851500	8309369344
JavaScriptCore	independent_cold	object_churn	8	100	3	201006542	8309369344
JavaScriptCore	independent_cold	object_churn	8	100	4	195721125	8309369344
JavaScriptCore	independent_cold	object_churn	8	100	5	199189958	8309369344
JavaScriptCore	independent_cold	object_churn	8	100	6	211627250	8309369344
zig-js	independent_cold	object_churn	8	100	0	236504541	8309369344
zig-js	independent_cold	object_churn	8	100	1	236663959	8309369344
zig-js	independent_cold	object_churn	8	100	2	226784916	8309369344
zig-js	independent_cold	object_churn	8	100	3	237027917	8309369344
zig-js	independent_cold	object_churn	8	100	4	230256250	8309369344
zig-js	independent_cold	object_churn	8	100	5	227943500	8309369344
zig-js	independent_cold	object_churn	8	100	6	221510292	8309369344
zig-js	shared	object_churn	8	100	0	452098917	8309369344
zig-js	shared	object_churn	8	100	1	1847552916	8309369344
zig-js	shared	object_churn	8	100	2	1462825167	8309369344
zig-js	shared	object_churn	8	100	3	1772243708	8309369344
zig-js	shared	object_churn	8	100	4	1309697250	8309369344
zig-js	shared	object_churn	8	100	5	1342673292	8309369344
zig-js	shared	object_churn	8	100	6	1292733541	8309369344
zig-js	single	arrays	1	550	0	105369417	29007000000
zig-js	single	arrays	1	550	1	106096584	29007000000
zig-js	single	arrays	1	550	2	104390000	29007000000
zig-js	single	arrays	1	550	3	104547541	29007000000
zig-js	single	arrays	1	550	4	105863125	29007000000
zig-js	single	arrays	1	550	5	104492000	29007000000
zig-js	single	arrays	1	550	6	105089417	29007000000
JavaScriptCore	single	arrays	1	550	0	169506791	29007000000
JavaScriptCore	single	arrays	1	550	1	167088208	29007000000
JavaScriptCore	single	arrays	1	550	2	166585417	29007000000
JavaScriptCore	single	arrays	1	550	3	165956000	29007000000
JavaScriptCore	single	arrays	1	550	4	167728959	29007000000
JavaScriptCore	single	arrays	1	550	5	167600041	29007000000
JavaScriptCore	single	arrays	1	550	6	169664666	29007000000
JavaScriptCore	independent_steady	arrays	1	550	0	170419209	29007000000
JavaScriptCore	independent_steady	arrays	1	550	1	167289708	29007000000
JavaScriptCore	independent_steady	arrays	1	550	2	169787584	29007000000
JavaScriptCore	independent_steady	arrays	1	550	3	165571209	29007000000
JavaScriptCore	independent_steady	arrays	1	550	4	167364792	29007000000
JavaScriptCore	independent_steady	arrays	1	550	5	172975792	29007000000
JavaScriptCore	independent_steady	arrays	1	550	6	168009958	29007000000
zig-js	independent_steady	arrays	1	550	0	104506959	29007000000
zig-js	independent_steady	arrays	1	550	1	111298583	29007000000
zig-js	independent_steady	arrays	1	550	2	105251667	29007000000
zig-js	independent_steady	arrays	1	550	3	105450500	29007000000
zig-js	independent_steady	arrays	1	550	4	105086084	29007000000
zig-js	independent_steady	arrays	1	550	5	106321333	29007000000
zig-js	independent_steady	arrays	1	550	6	106378208	29007000000
zig-js	independent_cold	arrays	1	550	0	92887625	29007000000
zig-js	independent_cold	arrays	1	550	1	88606042	29007000000
zig-js	independent_cold	arrays	1	550	2	88537917	29007000000
zig-js	independent_cold	arrays	1	550	3	89710292	29007000000
zig-js	independent_cold	arrays	1	550	4	91750750	29007000000
zig-js	independent_cold	arrays	1	550	5	89155416	29007000000
zig-js	independent_cold	arrays	1	550	6	87895334	29007000000
JavaScriptCore	independent_cold	arrays	1	550	0	166618125	29007000000
JavaScriptCore	independent_cold	arrays	1	550	1	173000625	29007000000
JavaScriptCore	independent_cold	arrays	1	550	2	170232041	29007000000
JavaScriptCore	independent_cold	arrays	1	550	3	166794875	29007000000
JavaScriptCore	independent_cold	arrays	1	550	4	177576541	29007000000
JavaScriptCore	independent_cold	arrays	1	550	5	167456250	29007000000
JavaScriptCore	independent_cold	arrays	1	550	6	167875458	29007000000
zig-js	shared	arrays	1	550	0	662636458	29007000000
zig-js	shared	arrays	1	550	1	666693042	29007000000
zig-js	shared	arrays	1	550	2	681788334	29007000000
zig-js	shared	arrays	1	550	3	683883250	29007000000
zig-js	shared	arrays	1	550	4	689759458	29007000000
zig-js	shared	arrays	1	550	5	674275208	29007000000
zig-js	shared	arrays	1	550	6	666918875	29007000000
JavaScriptCore	independent_steady	arrays	2	550	0	170262709	58019500000
JavaScriptCore	independent_steady	arrays	2	550	1	167211792	58019500000
JavaScriptCore	independent_steady	arrays	2	550	2	166091875	58019500000
JavaScriptCore	independent_steady	arrays	2	550	3	170374458	58019500000
JavaScriptCore	independent_steady	arrays	2	550	4	168491875	58019500000
JavaScriptCore	independent_steady	arrays	2	550	5	164768042	58019500000
JavaScriptCore	independent_steady	arrays	2	550	6	170435625	58019500000
zig-js	independent_steady	arrays	2	550	0	110605292	58019500000
zig-js	independent_steady	arrays	2	550	1	109323916	58019500000
zig-js	independent_steady	arrays	2	550	2	112345916	58019500000
zig-js	independent_steady	arrays	2	550	3	110472542	58019500000
zig-js	independent_steady	arrays	2	550	4	109850541	58019500000
zig-js	independent_steady	arrays	2	550	5	110145584	58019500000
zig-js	independent_steady	arrays	2	550	6	110238875	58019500000
zig-js	independent_cold	arrays	2	550	0	99134291	58019500000
zig-js	independent_cold	arrays	2	550	1	95038875	58019500000
zig-js	independent_cold	arrays	2	550	2	94370875	58019500000
zig-js	independent_cold	arrays	2	550	3	92913583	58019500000
zig-js	independent_cold	arrays	2	550	4	92950792	58019500000
zig-js	independent_cold	arrays	2	550	5	95229791	58019500000
zig-js	independent_cold	arrays	2	550	6	92727167	58019500000
JavaScriptCore	independent_cold	arrays	2	550	0	169471166	58019500000
JavaScriptCore	independent_cold	arrays	2	550	1	168699833	58019500000
JavaScriptCore	independent_cold	arrays	2	550	2	172884500	58019500000
JavaScriptCore	independent_cold	arrays	2	550	3	169510208	58019500000
JavaScriptCore	independent_cold	arrays	2	550	4	171254583	58019500000
JavaScriptCore	independent_cold	arrays	2	550	5	172043541	58019500000
JavaScriptCore	independent_cold	arrays	2	550	6	168427750	58019500000
zig-js	shared	arrays	2	550	0	673434375	58019500000
zig-js	shared	arrays	2	550	1	670930792	58019500000
zig-js	shared	arrays	2	550	2	673159583	58019500000
zig-js	shared	arrays	2	550	3	674598875	58019500000
zig-js	shared	arrays	2	550	4	673326042	58019500000
zig-js	shared	arrays	2	550	5	672467750	58019500000
zig-js	shared	arrays	2	550	6	676519625	58019500000
JavaScriptCore	independent_steady	arrays	4	550	0	171708292	116061000000
JavaScriptCore	independent_steady	arrays	4	550	1	180437250	116061000000
JavaScriptCore	independent_steady	arrays	4	550	2	172373000	116061000000
JavaScriptCore	independent_steady	arrays	4	550	3	171889625	116061000000
JavaScriptCore	independent_steady	arrays	4	550	4	179531000	116061000000
JavaScriptCore	independent_steady	arrays	4	550	5	268735542	116061000000
JavaScriptCore	independent_steady	arrays	4	550	6	207978459	116061000000
zig-js	independent_steady	arrays	4	550	0	116437042	116061000000
zig-js	independent_steady	arrays	4	550	1	114298709	116061000000
zig-js	independent_steady	arrays	4	550	2	115124542	116061000000
zig-js	independent_steady	arrays	4	550	3	122307125	116061000000
zig-js	independent_steady	arrays	4	550	4	117636166	116061000000
zig-js	independent_steady	arrays	4	550	5	115059292	116061000000
zig-js	independent_steady	arrays	4	550	6	115834333	116061000000
zig-js	independent_cold	arrays	4	550	0	109111750	116061000000
zig-js	independent_cold	arrays	4	550	1	105929625	116061000000
zig-js	independent_cold	arrays	4	550	2	97917250	116061000000
zig-js	independent_cold	arrays	4	550	3	97372208	116061000000
zig-js	independent_cold	arrays	4	550	4	97085666	116061000000
zig-js	independent_cold	arrays	4	550	5	104310125	116061000000
zig-js	independent_cold	arrays	4	550	6	98246584	116061000000
JavaScriptCore	independent_cold	arrays	4	550	0	173260916	116061000000
JavaScriptCore	independent_cold	arrays	4	550	1	180763125	116061000000
JavaScriptCore	independent_cold	arrays	4	550	2	177401083	116061000000
JavaScriptCore	independent_cold	arrays	4	550	3	179053834	116061000000
JavaScriptCore	independent_cold	arrays	4	550	4	182438292	116061000000
JavaScriptCore	independent_cold	arrays	4	550	5	186941459	116061000000
JavaScriptCore	independent_cold	arrays	4	550	6	173663500	116061000000
zig-js	shared	arrays	4	550	0	696979166	116061000000
zig-js	shared	arrays	4	550	1	697432709	116061000000
zig-js	shared	arrays	4	550	2	703042541	116061000000
zig-js	shared	arrays	4	550	3	696284333	116061000000
zig-js	shared	arrays	4	550	4	705215875	116061000000
zig-js	shared	arrays	4	550	5	703817708	116061000000
zig-js	shared	arrays	4	550	6	703151667	116061000000
JavaScriptCore	independent_steady	arrays	8	550	0	268073833	232210000000
JavaScriptCore	independent_steady	arrays	8	550	1	274833459	232210000000
JavaScriptCore	independent_steady	arrays	8	550	2	275195458	232210000000
JavaScriptCore	independent_steady	arrays	8	550	3	278580958	232210000000
JavaScriptCore	independent_steady	arrays	8	550	4	278439666	232210000000
JavaScriptCore	independent_steady	arrays	8	550	5	282048916	232210000000
JavaScriptCore	independent_steady	arrays	8	550	6	322495625	232210000000
zig-js	independent_steady	arrays	8	550	0	188227958	232210000000
zig-js	independent_steady	arrays	8	550	1	174566417	232210000000
zig-js	independent_steady	arrays	8	550	2	171388083	232210000000
zig-js	independent_steady	arrays	8	550	3	227074500	232210000000
zig-js	independent_steady	arrays	8	550	4	243730500	232210000000
zig-js	independent_steady	arrays	8	550	5	199769375	232210000000
zig-js	independent_steady	arrays	8	550	6	193354916	232210000000
zig-js	independent_cold	arrays	8	550	0	150306000	232210000000
zig-js	independent_cold	arrays	8	550	1	169700792	232210000000
zig-js	independent_cold	arrays	8	550	2	163441666	232210000000
zig-js	independent_cold	arrays	8	550	3	145934708	232210000000
zig-js	independent_cold	arrays	8	550	4	135044750	232210000000
zig-js	independent_cold	arrays	8	550	5	147126791	232210000000
zig-js	independent_cold	arrays	8	550	6	139359542	232210000000
JavaScriptCore	independent_cold	arrays	8	550	0	269056708	232210000000
JavaScriptCore	independent_cold	arrays	8	550	1	265410250	232210000000
JavaScriptCore	independent_cold	arrays	8	550	2	270980792	232210000000
JavaScriptCore	independent_cold	arrays	8	550	3	275075583	232210000000
JavaScriptCore	independent_cold	arrays	8	550	4	270583875	232210000000
JavaScriptCore	independent_cold	arrays	8	550	5	264980000	232210000000
JavaScriptCore	independent_cold	arrays	8	550	6	270193708	232210000000
zig-js	shared	arrays	8	550	0	974344708	232210000000
zig-js	shared	arrays	8	550	1	1049956583	232210000000
zig-js	shared	arrays	8	550	2	996009500	232210000000
zig-js	shared	arrays	8	550	3	1062945583	232210000000
zig-js	shared	arrays	8	550	4	1016210875	232210000000
zig-js	shared	arrays	8	550	5	1072926875	232210000000
zig-js	shared	arrays	8	550	6	1044866916	232210000000
JavaScriptCore	single	direct_calls	1	600	0	129244959	597092100
JavaScriptCore	single	direct_calls	1	600	1	128230791	597092100
JavaScriptCore	single	direct_calls	1	600	2	127782375	597092100
JavaScriptCore	single	direct_calls	1	600	3	125515375	597092100
JavaScriptCore	single	direct_calls	1	600	4	124579292	597092100
JavaScriptCore	single	direct_calls	1	600	5	125260917	597092100
JavaScriptCore	single	direct_calls	1	600	6	124946333	597092100
zig-js	single	direct_calls	1	600	0	83943667	597092100
zig-js	single	direct_calls	1	600	1	83619708	597092100
zig-js	single	direct_calls	1	600	2	83057583	597092100
zig-js	single	direct_calls	1	600	3	83888500	597092100
zig-js	single	direct_calls	1	600	4	83390167	597092100
zig-js	single	direct_calls	1	600	5	86637750	597092100
zig-js	single	direct_calls	1	600	6	83317000	597092100
zig-js	independent_steady	direct_calls	1	600	0	85612000	597092100
zig-js	independent_steady	direct_calls	1	600	1	85192083	597092100
zig-js	independent_steady	direct_calls	1	600	2	83564000	597092100
zig-js	independent_steady	direct_calls	1	600	3	83552042	597092100
zig-js	independent_steady	direct_calls	1	600	4	83247166	597092100
zig-js	independent_steady	direct_calls	1	600	5	83712458	597092100
zig-js	independent_steady	direct_calls	1	600	6	83549041	597092100
JavaScriptCore	independent_steady	direct_calls	1	600	0	129136500	597092100
JavaScriptCore	independent_steady	direct_calls	1	600	1	126428416	597092100
JavaScriptCore	independent_steady	direct_calls	1	600	2	127222250	597092100
JavaScriptCore	independent_steady	direct_calls	1	600	3	128559083	597092100
JavaScriptCore	independent_steady	direct_calls	1	600	4	124390125	597092100
JavaScriptCore	independent_steady	direct_calls	1	600	5	125578167	597092100
JavaScriptCore	independent_steady	direct_calls	1	600	6	124754417	597092100
JavaScriptCore	independent_cold	direct_calls	1	600	0	128065250	597092100
JavaScriptCore	independent_cold	direct_calls	1	600	1	126020416	597092100
JavaScriptCore	independent_cold	direct_calls	1	600	2	126423875	597092100
JavaScriptCore	independent_cold	direct_calls	1	600	3	125842500	597092100
JavaScriptCore	independent_cold	direct_calls	1	600	4	126837958	597092100
JavaScriptCore	independent_cold	direct_calls	1	600	5	125299000	597092100
JavaScriptCore	independent_cold	direct_calls	1	600	6	125875625	597092100
zig-js	independent_cold	direct_calls	1	600	0	87430625	597092100
zig-js	independent_cold	direct_calls	1	600	1	86293292	597092100
zig-js	independent_cold	direct_calls	1	600	2	86568334	597092100
zig-js	independent_cold	direct_calls	1	600	3	85755625	597092100
zig-js	independent_cold	direct_calls	1	600	4	85307125	597092100
zig-js	independent_cold	direct_calls	1	600	5	85252667	597092100
zig-js	independent_cold	direct_calls	1	600	6	85895958	597092100
zig-js	shared	direct_calls	1	600	0	85035708	597092100
zig-js	shared	direct_calls	1	600	1	88024500	597092100
zig-js	shared	direct_calls	1	600	2	86203333	597092100
zig-js	shared	direct_calls	1	600	3	83685541	597092100
zig-js	shared	direct_calls	1	600	4	83284875	597092100
zig-js	shared	direct_calls	1	600	5	87464375	597092100
zig-js	shared	direct_calls	1	600	6	85332459	597092100
zig-js	independent_steady	direct_calls	2	600	0	85442667	1194184800
zig-js	independent_steady	direct_calls	2	600	1	84668625	1194184800
zig-js	independent_steady	direct_calls	2	600	2	85147584	1194184800
zig-js	independent_steady	direct_calls	2	600	3	84750125	1194184800
zig-js	independent_steady	direct_calls	2	600	4	84111458	1194184800
zig-js	independent_steady	direct_calls	2	600	5	84914958	1194184800
zig-js	independent_steady	direct_calls	2	600	6	84394916	1194184800
JavaScriptCore	independent_steady	direct_calls	2	600	0	128332875	1194184800
JavaScriptCore	independent_steady	direct_calls	2	600	1	127308750	1194184800
JavaScriptCore	independent_steady	direct_calls	2	600	2	126987375	1194184800
JavaScriptCore	independent_steady	direct_calls	2	600	3	128045792	1194184800
JavaScriptCore	independent_steady	direct_calls	2	600	4	127619875	1194184800
JavaScriptCore	independent_steady	direct_calls	2	600	5	127327375	1194184800
JavaScriptCore	independent_steady	direct_calls	2	600	6	128108125	1194184800
JavaScriptCore	independent_cold	direct_calls	2	600	0	131590834	1194184800
JavaScriptCore	independent_cold	direct_calls	2	600	1	129920291	1194184800
JavaScriptCore	independent_cold	direct_calls	2	600	2	147613000	1194184800
JavaScriptCore	independent_cold	direct_calls	2	600	3	150099667	1194184800
JavaScriptCore	independent_cold	direct_calls	2	600	4	133534125	1194184800
JavaScriptCore	independent_cold	direct_calls	2	600	5	133196875	1194184800
JavaScriptCore	independent_cold	direct_calls	2	600	6	139915250	1194184800
zig-js	independent_cold	direct_calls	2	600	0	91602625	1194184800
zig-js	independent_cold	direct_calls	2	600	1	97977500	1194184800
zig-js	independent_cold	direct_calls	2	600	2	89418917	1194184800
zig-js	independent_cold	direct_calls	2	600	3	91315458	1194184800
zig-js	independent_cold	direct_calls	2	600	4	89498916	1194184800
zig-js	independent_cold	direct_calls	2	600	5	88094042	1194184800
zig-js	independent_cold	direct_calls	2	600	6	87994000	1194184800
zig-js	shared	direct_calls	2	600	0	91692584	1194184800
zig-js	shared	direct_calls	2	600	1	90194750	1194184800
zig-js	shared	direct_calls	2	600	2	90414792	1194184800
zig-js	shared	direct_calls	2	600	3	89822000	1194184800
zig-js	shared	direct_calls	2	600	4	90258416	1194184800
zig-js	shared	direct_calls	2	600	5	91659292	1194184800
zig-js	shared	direct_calls	2	600	6	90304875	1194184800
zig-js	independent_steady	direct_calls	4	600	0	88857792	2388372000
zig-js	independent_steady	direct_calls	4	600	1	89019916	2388372000
zig-js	independent_steady	direct_calls	4	600	2	87149625	2388372000
zig-js	independent_steady	direct_calls	4	600	3	87635959	2388372000
zig-js	independent_steady	direct_calls	4	600	4	87336875	2388372000
zig-js	independent_steady	direct_calls	4	600	5	87094333	2388372000
zig-js	independent_steady	direct_calls	4	600	6	87827125	2388372000
JavaScriptCore	independent_steady	direct_calls	4	600	0	136541041	2388372000
JavaScriptCore	independent_steady	direct_calls	4	600	1	152822083	2388372000
JavaScriptCore	independent_steady	direct_calls	4	600	2	142151458	2388372000
JavaScriptCore	independent_steady	direct_calls	4	600	3	143843541	2388372000
JavaScriptCore	independent_steady	direct_calls	4	600	4	147891959	2388372000
JavaScriptCore	independent_steady	direct_calls	4	600	5	140882333	2388372000
JavaScriptCore	independent_steady	direct_calls	4	600	6	138362458	2388372000
JavaScriptCore	independent_cold	direct_calls	4	600	0	143576917	2388372000
JavaScriptCore	independent_cold	direct_calls	4	600	1	142926334	2388372000
JavaScriptCore	independent_cold	direct_calls	4	600	2	140567083	2388372000
JavaScriptCore	independent_cold	direct_calls	4	600	3	141928541	2388372000
JavaScriptCore	independent_cold	direct_calls	4	600	4	136992125	2388372000
JavaScriptCore	independent_cold	direct_calls	4	600	5	140792500	2388372000
JavaScriptCore	independent_cold	direct_calls	4	600	6	140995750	2388372000
zig-js	independent_cold	direct_calls	4	600	0	95375167	2388372000
zig-js	independent_cold	direct_calls	4	600	1	90795791	2388372000
zig-js	independent_cold	direct_calls	4	600	2	92139417	2388372000
zig-js	independent_cold	direct_calls	4	600	3	89859375	2388372000
zig-js	independent_cold	direct_calls	4	600	4	92204750	2388372000
zig-js	independent_cold	direct_calls	4	600	5	89535083	2388372000
zig-js	independent_cold	direct_calls	4	600	6	90529333	2388372000
zig-js	shared	direct_calls	4	600	0	100263417	2388372000
zig-js	shared	direct_calls	4	600	1	99529417	2388372000
zig-js	shared	direct_calls	4	600	2	108277375	2388372000
zig-js	shared	direct_calls	4	600	3	132666542	2388372000
zig-js	shared	direct_calls	4	600	4	106577792	2388372000
zig-js	shared	direct_calls	4	600	5	111165334	2388372000
zig-js	shared	direct_calls	4	600	6	118822041	2388372000
zig-js	independent_steady	direct_calls	8	600	0	147737167	4776753600
zig-js	independent_steady	direct_calls	8	600	1	121967125	4776753600
zig-js	independent_steady	direct_calls	8	600	2	116828666	4776753600
zig-js	independent_steady	direct_calls	8	600	3	114079250	4776753600
zig-js	independent_steady	direct_calls	8	600	4	119516375	4776753600
zig-js	independent_steady	direct_calls	8	600	5	119020667	4776753600
zig-js	independent_steady	direct_calls	8	600	6	113982083	4776753600
JavaScriptCore	independent_steady	direct_calls	8	600	0	234453875	4776753600
JavaScriptCore	independent_steady	direct_calls	8	600	1	207946292	4776753600
JavaScriptCore	independent_steady	direct_calls	8	600	2	209432791	4776753600
JavaScriptCore	independent_steady	direct_calls	8	600	3	203102667	4776753600
JavaScriptCore	independent_steady	direct_calls	8	600	4	205639042	4776753600
JavaScriptCore	independent_steady	direct_calls	8	600	5	202065125	4776753600
JavaScriptCore	independent_steady	direct_calls	8	600	6	204655750	4776753600
JavaScriptCore	independent_cold	direct_calls	8	600	0	220502083	4776753600
JavaScriptCore	independent_cold	direct_calls	8	600	1	208469375	4776753600
JavaScriptCore	independent_cold	direct_calls	8	600	2	206571250	4776753600
JavaScriptCore	independent_cold	direct_calls	8	600	3	214563000	4776753600
JavaScriptCore	independent_cold	direct_calls	8	600	4	209412166	4776753600
JavaScriptCore	independent_cold	direct_calls	8	600	5	212560208	4776753600
JavaScriptCore	independent_cold	direct_calls	8	600	6	214509209	4776753600
zig-js	independent_cold	direct_calls	8	600	0	114730791	4776753600
zig-js	independent_cold	direct_calls	8	600	1	111730542	4776753600
zig-js	independent_cold	direct_calls	8	600	2	110951375	4776753600
zig-js	independent_cold	direct_calls	8	600	3	112189833	4776753600
zig-js	independent_cold	direct_calls	8	600	4	111746750	4776753600
zig-js	independent_cold	direct_calls	8	600	5	115395459	4776753600
zig-js	independent_cold	direct_calls	8	600	6	109957042	4776753600
zig-js	shared	direct_calls	8	600	0	149004250	4776753600
zig-js	shared	direct_calls	8	600	1	147939167	4776753600
zig-js	shared	direct_calls	8	600	2	147404833	4776753600
zig-js	shared	direct_calls	8	600	3	148370292	4776753600
zig-js	shared	direct_calls	8	600	4	146779000	4776753600
zig-js	shared	direct_calls	8	600	5	146898167	4776753600
zig-js	shared	direct_calls	8	600	6	147151709	4776753600
zig-js	single	method_calls	1	500	0	94777333	2550250
zig-js	single	method_calls	1	500	1	93877125	2550250
zig-js	single	method_calls	1	500	2	94556458	2550250
zig-js	single	method_calls	1	500	3	94403417	2550250
zig-js	single	method_calls	1	500	4	94456125	2550250
zig-js	single	method_calls	1	500	5	94418167	2550250
zig-js	single	method_calls	1	500	6	94731584	2550250
JavaScriptCore	single	method_calls	1	500	0	151321500	2550250
JavaScriptCore	single	method_calls	1	500	1	150765125	2550250
JavaScriptCore	single	method_calls	1	500	2	151681917	2550250
JavaScriptCore	single	method_calls	1	500	3	152797417	2550250
JavaScriptCore	single	method_calls	1	500	4	158332791	2550250
JavaScriptCore	single	method_calls	1	500	5	155273750	2550250
JavaScriptCore	single	method_calls	1	500	6	165658500	2550250
JavaScriptCore	independent_steady	method_calls	1	500	0	160018000	2550250
JavaScriptCore	independent_steady	method_calls	1	500	1	152848333	2550250
JavaScriptCore	independent_steady	method_calls	1	500	2	147084250	2550250
JavaScriptCore	independent_steady	method_calls	1	500	3	148816750	2550250
JavaScriptCore	independent_steady	method_calls	1	500	4	150938250	2550250
JavaScriptCore	independent_steady	method_calls	1	500	5	148353792	2550250
JavaScriptCore	independent_steady	method_calls	1	500	6	147084750	2550250
zig-js	independent_steady	method_calls	1	500	0	90916333	2550250
zig-js	independent_steady	method_calls	1	500	1	91626125	2550250
zig-js	independent_steady	method_calls	1	500	2	94146417	2550250
zig-js	independent_steady	method_calls	1	500	3	91456250	2550250
zig-js	independent_steady	method_calls	1	500	4	92150542	2550250
zig-js	independent_steady	method_calls	1	500	5	91143000	2550250
zig-js	independent_steady	method_calls	1	500	6	91588083	2550250
zig-js	independent_cold	method_calls	1	500	0	96385375	2550250
zig-js	independent_cold	method_calls	1	500	1	97846500	2550250
zig-js	independent_cold	method_calls	1	500	2	94671834	2550250
zig-js	independent_cold	method_calls	1	500	3	97304292	2550250
zig-js	independent_cold	method_calls	1	500	4	95275583	2550250
zig-js	independent_cold	method_calls	1	500	5	94525708	2550250
zig-js	independent_cold	method_calls	1	500	6	94362708	2550250
JavaScriptCore	independent_cold	method_calls	1	500	0	151611208	2550250
JavaScriptCore	independent_cold	method_calls	1	500	1	150478334	2550250
JavaScriptCore	independent_cold	method_calls	1	500	2	152446416	2550250
JavaScriptCore	independent_cold	method_calls	1	500	3	148513834	2550250
JavaScriptCore	independent_cold	method_calls	1	500	4	148194917	2550250
JavaScriptCore	independent_cold	method_calls	1	500	5	151503917	2550250
JavaScriptCore	independent_cold	method_calls	1	500	6	149736000	2550250
zig-js	shared	method_calls	1	500	0	174332292	2550250
zig-js	shared	method_calls	1	500	1	173987958	2550250
zig-js	shared	method_calls	1	500	2	178038417	2550250
zig-js	shared	method_calls	1	500	3	193615792	2550250
zig-js	shared	method_calls	1	500	4	187743041	2550250
zig-js	shared	method_calls	1	500	5	183230875	2550250
zig-js	shared	method_calls	1	500	6	185062083	2550250
JavaScriptCore	independent_steady	method_calls	2	500	0	164908584	10100500
JavaScriptCore	independent_steady	method_calls	2	500	1	171511458	10100500
JavaScriptCore	independent_steady	method_calls	2	500	2	162824625	10100500
JavaScriptCore	independent_steady	method_calls	2	500	3	165401500	10100500
JavaScriptCore	independent_steady	method_calls	2	500	4	204362042	10100500
JavaScriptCore	independent_steady	method_calls	2	500	5	164994209	10100500
JavaScriptCore	independent_steady	method_calls	2	500	6	162871750	10100500
zig-js	independent_steady	method_calls	2	500	0	103748417	10100500
zig-js	independent_steady	method_calls	2	500	1	104141250	10100500
zig-js	independent_steady	method_calls	2	500	2	101133625	10100500
zig-js	independent_steady	method_calls	2	500	3	97193500	10100500
zig-js	independent_steady	method_calls	2	500	4	108480125	10100500
zig-js	independent_steady	method_calls	2	500	5	130817250	10100500
zig-js	independent_steady	method_calls	2	500	6	102699458	10100500
zig-js	independent_cold	method_calls	2	500	0	102197917	10100500
zig-js	independent_cold	method_calls	2	500	1	103071458	10100500
zig-js	independent_cold	method_calls	2	500	2	101178375	10100500
zig-js	independent_cold	method_calls	2	500	3	100418125	10100500
zig-js	independent_cold	method_calls	2	500	4	100255875	10100500
zig-js	independent_cold	method_calls	2	500	5	100017542	10100500
zig-js	independent_cold	method_calls	2	500	6	99376666	10100500
JavaScriptCore	independent_cold	method_calls	2	500	0	155499750	10100500
JavaScriptCore	independent_cold	method_calls	2	500	1	153202834	10100500
JavaScriptCore	independent_cold	method_calls	2	500	2	156198041	10100500
JavaScriptCore	independent_cold	method_calls	2	500	3	152662458	10100500
JavaScriptCore	independent_cold	method_calls	2	500	4	153003791	10100500
JavaScriptCore	independent_cold	method_calls	2	500	5	154180041	10100500
JavaScriptCore	independent_cold	method_calls	2	500	6	151935084	10100500
zig-js	shared	method_calls	2	500	0	187490708	10100500
zig-js	shared	method_calls	2	500	1	185978708	10100500
zig-js	shared	method_calls	2	500	2	185798792	10100500
zig-js	shared	method_calls	2	500	3	185606834	10100500
zig-js	shared	method_calls	2	500	4	184619167	10100500
zig-js	shared	method_calls	2	500	5	185779083	10100500
zig-js	shared	method_calls	2	500	6	186883000	10100500
JavaScriptCore	independent_steady	method_calls	4	500	0	157528084	40201000
JavaScriptCore	independent_steady	method_calls	4	500	1	157671583	40201000
JavaScriptCore	independent_steady	method_calls	4	500	2	156984375	40201000
JavaScriptCore	independent_steady	method_calls	4	500	3	158985625	40201000
JavaScriptCore	independent_steady	method_calls	4	500	4	156810583	40201000
JavaScriptCore	independent_steady	method_calls	4	500	5	157718708	40201000
JavaScriptCore	independent_steady	method_calls	4	500	6	156778500	40201000
zig-js	independent_steady	method_calls	4	500	0	96940667	40201000
zig-js	independent_steady	method_calls	4	500	1	97186125	40201000
zig-js	independent_steady	method_calls	4	500	2	96785250	40201000
zig-js	independent_steady	method_calls	4	500	3	96721750	40201000
zig-js	independent_steady	method_calls	4	500	4	96886583	40201000
zig-js	independent_steady	method_calls	4	500	5	99260083	40201000
zig-js	independent_steady	method_calls	4	500	6	99300167	40201000
zig-js	independent_cold	method_calls	4	500	0	106742750	40201000
zig-js	independent_cold	method_calls	4	500	1	99946000	40201000
zig-js	independent_cold	method_calls	4	500	2	98636583	40201000
zig-js	independent_cold	method_calls	4	500	3	102355209	40201000
zig-js	independent_cold	method_calls	4	500	4	99736584	40201000
zig-js	independent_cold	method_calls	4	500	5	100050792	40201000
zig-js	independent_cold	method_calls	4	500	6	101891333	40201000
JavaScriptCore	independent_cold	method_calls	4	500	0	179655542	40201000
JavaScriptCore	independent_cold	method_calls	4	500	1	166555958	40201000
JavaScriptCore	independent_cold	method_calls	4	500	2	157274584	40201000
JavaScriptCore	independent_cold	method_calls	4	500	3	158675250	40201000
JavaScriptCore	independent_cold	method_calls	4	500	4	159438916	40201000
JavaScriptCore	independent_cold	method_calls	4	500	5	158806708	40201000
JavaScriptCore	independent_cold	method_calls	4	500	6	158830584	40201000
zig-js	shared	method_calls	4	500	0	198649083	40201000
zig-js	shared	method_calls	4	500	1	199350125	40201000
zig-js	shared	method_calls	4	500	2	197527541	40201000
zig-js	shared	method_calls	4	500	3	199648458	40201000
zig-js	shared	method_calls	4	500	4	197114917	40201000
zig-js	shared	method_calls	4	500	5	198794250	40201000
zig-js	shared	method_calls	4	500	6	197585250	40201000
JavaScriptCore	independent_steady	method_calls	8	500	0	241489417	160402000
JavaScriptCore	independent_steady	method_calls	8	500	1	227268916	160402000
JavaScriptCore	independent_steady	method_calls	8	500	2	230860209	160402000
JavaScriptCore	independent_steady	method_calls	8	500	3	225229417	160402000
JavaScriptCore	independent_steady	method_calls	8	500	4	231683167	160402000
JavaScriptCore	independent_steady	method_calls	8	500	5	226766500	160402000
JavaScriptCore	independent_steady	method_calls	8	500	6	228843042	160402000
zig-js	independent_steady	method_calls	8	500	0	129722000	160402000
zig-js	independent_steady	method_calls	8	500	1	132147875	160402000
zig-js	independent_steady	method_calls	8	500	2	124757875	160402000
zig-js	independent_steady	method_calls	8	500	3	131639292	160402000
zig-js	independent_steady	method_calls	8	500	4	147507875	160402000
zig-js	independent_steady	method_calls	8	500	5	140127375	160402000
zig-js	independent_steady	method_calls	8	500	6	132104625	160402000
zig-js	independent_cold	method_calls	8	500	0	140779500	160402000
zig-js	independent_cold	method_calls	8	500	1	156060750	160402000
zig-js	independent_cold	method_calls	8	500	2	151352666	160402000
zig-js	independent_cold	method_calls	8	500	3	135987500	160402000
zig-js	independent_cold	method_calls	8	500	4	136710500	160402000
zig-js	independent_cold	method_calls	8	500	5	140187459	160402000
zig-js	independent_cold	method_calls	8	500	6	143261541	160402000
JavaScriptCore	independent_cold	method_calls	8	500	0	249387667	160402000
JavaScriptCore	independent_cold	method_calls	8	500	1	284645375	160402000
JavaScriptCore	independent_cold	method_calls	8	500	2	249509541	160402000
JavaScriptCore	independent_cold	method_calls	8	500	3	230658083	160402000
JavaScriptCore	independent_cold	method_calls	8	500	4	231927459	160402000
JavaScriptCore	independent_cold	method_calls	8	500	5	245704541	160402000
JavaScriptCore	independent_cold	method_calls	8	500	6	228409250	160402000
zig-js	shared	method_calls	8	500	0	261063959	160402000
zig-js	shared	method_calls	8	500	1	264306083	160402000
zig-js	shared	method_calls	8	500	2	255254500	160402000
zig-js	shared	method_calls	8	500	3	266453167	160402000
zig-js	shared	method_calls	8	500	4	280493542	160402000
zig-js	shared	method_calls	8	500	5	257512875	160402000
zig-js	shared	method_calls	8	500	6	270068042	160402000
JavaScriptCore	single	closure_calls	1	600	0	205314542	597092100
JavaScriptCore	single	closure_calls	1	600	1	205733417	597092100
JavaScriptCore	single	closure_calls	1	600	2	207890416	597092100
JavaScriptCore	single	closure_calls	1	600	3	206068875	597092100
JavaScriptCore	single	closure_calls	1	600	4	206171958	597092100
JavaScriptCore	single	closure_calls	1	600	5	207656750	597092100
JavaScriptCore	single	closure_calls	1	600	6	212347250	597092100
zig-js	single	closure_calls	1	600	0	99595708	597092100
zig-js	single	closure_calls	1	600	1	96441875	597092100
zig-js	single	closure_calls	1	600	2	102129334	597092100
zig-js	single	closure_calls	1	600	3	101714875	597092100
zig-js	single	closure_calls	1	600	4	101542208	597092100
zig-js	single	closure_calls	1	600	5	99509208	597092100
zig-js	single	closure_calls	1	600	6	96647209	597092100
zig-js	independent_steady	closure_calls	1	600	0	96644875	597092100
zig-js	independent_steady	closure_calls	1	600	1	96923833	597092100
zig-js	independent_steady	closure_calls	1	600	2	97075042	597092100
zig-js	independent_steady	closure_calls	1	600	3	97314208	597092100
zig-js	independent_steady	closure_calls	1	600	4	97183375	597092100
zig-js	independent_steady	closure_calls	1	600	5	96534125	597092100
zig-js	independent_steady	closure_calls	1	600	6	97236125	597092100
JavaScriptCore	independent_steady	closure_calls	1	600	0	207115750	597092100
JavaScriptCore	independent_steady	closure_calls	1	600	1	205890084	597092100
JavaScriptCore	independent_steady	closure_calls	1	600	2	205654334	597092100
JavaScriptCore	independent_steady	closure_calls	1	600	3	205023750	597092100
JavaScriptCore	independent_steady	closure_calls	1	600	4	205413583	597092100
JavaScriptCore	independent_steady	closure_calls	1	600	5	206210375	597092100
JavaScriptCore	independent_steady	closure_calls	1	600	6	206476875	597092100
JavaScriptCore	independent_cold	closure_calls	1	600	0	210921875	597092100
JavaScriptCore	independent_cold	closure_calls	1	600	1	207501417	597092100
JavaScriptCore	independent_cold	closure_calls	1	600	2	207487292	597092100
JavaScriptCore	independent_cold	closure_calls	1	600	3	208847500	597092100
JavaScriptCore	independent_cold	closure_calls	1	600	4	240346625	597092100
JavaScriptCore	independent_cold	closure_calls	1	600	5	214433208	597092100
JavaScriptCore	independent_cold	closure_calls	1	600	6	208715125	597092100
zig-js	independent_cold	closure_calls	1	600	0	101270458	597092100
zig-js	independent_cold	closure_calls	1	600	1	98091625	597092100
zig-js	independent_cold	closure_calls	1	600	2	99460708	597092100
zig-js	independent_cold	closure_calls	1	600	3	98911125	597092100
zig-js	independent_cold	closure_calls	1	600	4	98841000	597092100
zig-js	independent_cold	closure_calls	1	600	5	98479167	597092100
zig-js	independent_cold	closure_calls	1	600	6	100331125	597092100
zig-js	shared	closure_calls	1	600	0	99160042	597092100
zig-js	shared	closure_calls	1	600	1	99864208	597092100
zig-js	shared	closure_calls	1	600	2	98007459	597092100
zig-js	shared	closure_calls	1	600	3	97889625	597092100
zig-js	shared	closure_calls	1	600	4	98881459	597092100
zig-js	shared	closure_calls	1	600	5	98694250	597092100
zig-js	shared	closure_calls	1	600	6	98281583	597092100
zig-js	independent_steady	closure_calls	2	600	0	98562000	1194184800
zig-js	independent_steady	closure_calls	2	600	1	100677125	1194184800
zig-js	independent_steady	closure_calls	2	600	2	98967583	1194184800
zig-js	independent_steady	closure_calls	2	600	3	99294958	1194184800
zig-js	independent_steady	closure_calls	2	600	4	98161833	1194184800
zig-js	independent_steady	closure_calls	2	600	5	98351792	1194184800
zig-js	independent_steady	closure_calls	2	600	6	98765958	1194184800
JavaScriptCore	independent_steady	closure_calls	2	600	0	232187125	1194184800
JavaScriptCore	independent_steady	closure_calls	2	600	1	230042458	1194184800
JavaScriptCore	independent_steady	closure_calls	2	600	2	217878209	1194184800
JavaScriptCore	independent_steady	closure_calls	2	600	3	217681041	1194184800
JavaScriptCore	independent_steady	closure_calls	2	600	4	218758042	1194184800
JavaScriptCore	independent_steady	closure_calls	2	600	5	232879541	1194184800
JavaScriptCore	independent_steady	closure_calls	2	600	6	223959666	1194184800
JavaScriptCore	independent_cold	closure_calls	2	600	0	226810167	1194184800
JavaScriptCore	independent_cold	closure_calls	2	600	1	218883459	1194184800
JavaScriptCore	independent_cold	closure_calls	2	600	2	218311375	1194184800
JavaScriptCore	independent_cold	closure_calls	2	600	3	217657417	1194184800
JavaScriptCore	independent_cold	closure_calls	2	600	4	217858333	1194184800
JavaScriptCore	independent_cold	closure_calls	2	600	5	230793750	1194184800
JavaScriptCore	independent_cold	closure_calls	2	600	6	221185000	1194184800
zig-js	independent_cold	closure_calls	2	600	0	106275833	1194184800
zig-js	independent_cold	closure_calls	2	600	1	101662625	1194184800
zig-js	independent_cold	closure_calls	2	600	2	102198334	1194184800
zig-js	independent_cold	closure_calls	2	600	3	103396042	1194184800
zig-js	independent_cold	closure_calls	2	600	4	101690542	1194184800
zig-js	independent_cold	closure_calls	2	600	5	102511000	1194184800
zig-js	independent_cold	closure_calls	2	600	6	104825333	1194184800
zig-js	shared	closure_calls	2	600	0	114042250	1194184800
zig-js	shared	closure_calls	2	600	1	108542167	1194184800
zig-js	shared	closure_calls	2	600	2	109359042	1194184800
zig-js	shared	closure_calls	2	600	3	108226333	1194184800
zig-js	shared	closure_calls	2	600	4	107187542	1194184800
zig-js	shared	closure_calls	2	600	5	109246333	1194184800
zig-js	shared	closure_calls	2	600	6	109156667	1194184800
zig-js	independent_steady	closure_calls	4	600	0	103237500	2388372000
zig-js	independent_steady	closure_calls	4	600	1	101715417	2388372000
zig-js	independent_steady	closure_calls	4	600	2	103484500	2388372000
zig-js	independent_steady	closure_calls	4	600	3	104187375	2388372000
zig-js	independent_steady	closure_calls	4	600	4	103719625	2388372000
zig-js	independent_steady	closure_calls	4	600	5	102166750	2388372000
zig-js	independent_steady	closure_calls	4	600	6	101625292	2388372000
JavaScriptCore	independent_steady	closure_calls	4	600	0	235351792	2388372000
JavaScriptCore	independent_steady	closure_calls	4	600	1	236385875	2388372000
JavaScriptCore	independent_steady	closure_calls	4	600	2	235141916	2388372000
JavaScriptCore	independent_steady	closure_calls	4	600	3	237370334	2388372000
JavaScriptCore	independent_steady	closure_calls	4	600	4	239745334	2388372000
JavaScriptCore	independent_steady	closure_calls	4	600	5	238605417	2388372000
JavaScriptCore	independent_steady	closure_calls	4	600	6	236987000	2388372000
JavaScriptCore	independent_cold	closure_calls	4	600	0	247452625	2388372000
JavaScriptCore	independent_cold	closure_calls	4	600	1	234510375	2388372000
JavaScriptCore	independent_cold	closure_calls	4	600	2	260589250	2388372000
JavaScriptCore	independent_cold	closure_calls	4	600	3	241842292	2388372000
JavaScriptCore	independent_cold	closure_calls	4	600	4	237938875	2388372000
JavaScriptCore	independent_cold	closure_calls	4	600	5	238457291	2388372000
JavaScriptCore	independent_cold	closure_calls	4	600	6	242805125	2388372000
zig-js	independent_cold	closure_calls	4	600	0	109171583	2388372000
zig-js	independent_cold	closure_calls	4	600	1	111784292	2388372000
zig-js	independent_cold	closure_calls	4	600	2	105265917	2388372000
zig-js	independent_cold	closure_calls	4	600	3	104471125	2388372000
zig-js	independent_cold	closure_calls	4	600	4	103254500	2388372000
zig-js	independent_cold	closure_calls	4	600	5	104711917	2388372000
zig-js	independent_cold	closure_calls	4	600	6	104365542	2388372000
zig-js	shared	closure_calls	4	600	0	112799750	2388372000
zig-js	shared	closure_calls	4	600	1	112072250	2388372000
zig-js	shared	closure_calls	4	600	2	111395167	2388372000
zig-js	shared	closure_calls	4	600	3	113109291	2388372000
zig-js	shared	closure_calls	4	600	4	114254542	2388372000
zig-js	shared	closure_calls	4	600	5	113043917	2388372000
zig-js	shared	closure_calls	4	600	6	111306625	2388372000
zig-js	independent_steady	closure_calls	8	600	0	132248667	4776753600
zig-js	independent_steady	closure_calls	8	600	1	135278916	4776753600
zig-js	independent_steady	closure_calls	8	600	2	133706708	4776753600
zig-js	independent_steady	closure_calls	8	600	3	123277833	4776753600
zig-js	independent_steady	closure_calls	8	600	4	128731000	4776753600
zig-js	independent_steady	closure_calls	8	600	5	125032584	4776753600
zig-js	independent_steady	closure_calls	8	600	6	125063458	4776753600
JavaScriptCore	independent_steady	closure_calls	8	600	0	413198167	4776753600
JavaScriptCore	independent_steady	closure_calls	8	600	1	352158042	4776753600
JavaScriptCore	independent_steady	closure_calls	8	600	2	346561334	4776753600
JavaScriptCore	independent_steady	closure_calls	8	600	3	347233250	4776753600
JavaScriptCore	independent_steady	closure_calls	8	600	4	344711709	4776753600
JavaScriptCore	independent_steady	closure_calls	8	600	5	350507875	4776753600
JavaScriptCore	independent_steady	closure_calls	8	600	6	349663458	4776753600
JavaScriptCore	independent_cold	closure_calls	8	600	0	361332250	4776753600
JavaScriptCore	independent_cold	closure_calls	8	600	1	350952750	4776753600
JavaScriptCore	independent_cold	closure_calls	8	600	2	353611792	4776753600
JavaScriptCore	independent_cold	closure_calls	8	600	3	350229667	4776753600
JavaScriptCore	independent_cold	closure_calls	8	600	4	352181792	4776753600
JavaScriptCore	independent_cold	closure_calls	8	600	5	359843542	4776753600
JavaScriptCore	independent_cold	closure_calls	8	600	6	350308167	4776753600
zig-js	independent_cold	closure_calls	8	600	0	139745667	4776753600
zig-js	independent_cold	closure_calls	8	600	1	134130458	4776753600
zig-js	independent_cold	closure_calls	8	600	2	127635417	4776753600
zig-js	independent_cold	closure_calls	8	600	3	126564833	4776753600
zig-js	independent_cold	closure_calls	8	600	4	134126042	4776753600
zig-js	independent_cold	closure_calls	8	600	5	130511833	4776753600
zig-js	independent_cold	closure_calls	8	600	6	127313917	4776753600
zig-js	shared	closure_calls	8	600	0	171479167	4776753600
zig-js	shared	closure_calls	8	600	1	169847375	4776753600
zig-js	shared	closure_calls	8	600	2	167300250	4776753600
zig-js	shared	closure_calls	8	600	3	164612584	4776753600
zig-js	shared	closure_calls	8	600	4	167629584	4776753600
zig-js	shared	closure_calls	8	600	5	171371208	4776753600
zig-js	shared	closure_calls	8	600	6	174071292	4776753600
zig-js	single	arguments_calls	1	600	0	95319833	597092100
zig-js	single	arguments_calls	1	600	1	95042333	597092100
zig-js	single	arguments_calls	1	600	2	95020000	597092100
zig-js	single	arguments_calls	1	600	3	95117292	597092100
zig-js	single	arguments_calls	1	600	4	95025542	597092100
zig-js	single	arguments_calls	1	600	5	97305584	597092100
zig-js	single	arguments_calls	1	600	6	96414083	597092100
JavaScriptCore	single	arguments_calls	1	600	0	328886792	597092100
JavaScriptCore	single	arguments_calls	1	600	1	325545042	597092100
JavaScriptCore	single	arguments_calls	1	600	2	323910625	597092100
JavaScriptCore	single	arguments_calls	1	600	3	333857292	597092100
JavaScriptCore	single	arguments_calls	1	600	4	340542458	597092100
JavaScriptCore	single	arguments_calls	1	600	5	326181000	597092100
JavaScriptCore	single	arguments_calls	1	600	6	332271041	597092100
JavaScriptCore	independent_steady	arguments_calls	1	600	0	329249333	597092100
JavaScriptCore	independent_steady	arguments_calls	1	600	1	323934583	597092100
JavaScriptCore	independent_steady	arguments_calls	1	600	2	323850959	597092100
JavaScriptCore	independent_steady	arguments_calls	1	600	3	331641625	597092100
JavaScriptCore	independent_steady	arguments_calls	1	600	4	323597708	597092100
JavaScriptCore	independent_steady	arguments_calls	1	600	5	331766500	597092100
JavaScriptCore	independent_steady	arguments_calls	1	600	6	325336041	597092100
zig-js	independent_steady	arguments_calls	1	600	0	97391625	597092100
zig-js	independent_steady	arguments_calls	1	600	1	95817000	597092100
zig-js	independent_steady	arguments_calls	1	600	2	94775917	597092100
zig-js	independent_steady	arguments_calls	1	600	3	95512791	597092100
zig-js	independent_steady	arguments_calls	1	600	4	96412208	597092100
zig-js	independent_steady	arguments_calls	1	600	5	100358167	597092100
zig-js	independent_steady	arguments_calls	1	600	6	95336208	597092100
zig-js	independent_cold	arguments_calls	1	600	0	100507000	597092100
zig-js	independent_cold	arguments_calls	1	600	1	98175958	597092100
zig-js	independent_cold	arguments_calls	1	600	2	97882334	597092100
zig-js	independent_cold	arguments_calls	1	600	3	97955042	597092100
zig-js	independent_cold	arguments_calls	1	600	4	100127875	597092100
zig-js	independent_cold	arguments_calls	1	600	5	98050375	597092100
zig-js	independent_cold	arguments_calls	1	600	6	96094500	597092100
JavaScriptCore	independent_cold	arguments_calls	1	600	0	331176000	597092100
JavaScriptCore	independent_cold	arguments_calls	1	600	1	324800792	597092100
JavaScriptCore	independent_cold	arguments_calls	1	600	2	409842542	597092100
JavaScriptCore	independent_cold	arguments_calls	1	600	3	347118000	597092100
JavaScriptCore	independent_cold	arguments_calls	1	600	4	325856958	597092100
JavaScriptCore	independent_cold	arguments_calls	1	600	5	334535000	597092100
JavaScriptCore	independent_cold	arguments_calls	1	600	6	329771625	597092100
zig-js	shared	arguments_calls	1	600	0	97933292	597092100
zig-js	shared	arguments_calls	1	600	1	96140041	597092100
zig-js	shared	arguments_calls	1	600	2	95906417	597092100
zig-js	shared	arguments_calls	1	600	3	95375167	597092100
zig-js	shared	arguments_calls	1	600	4	97782625	597092100
zig-js	shared	arguments_calls	1	600	5	95929042	597092100
zig-js	shared	arguments_calls	1	600	6	95525041	597092100
JavaScriptCore	independent_steady	arguments_calls	2	600	0	336799000	1194184800
JavaScriptCore	independent_steady	arguments_calls	2	600	1	339785292	1194184800
JavaScriptCore	independent_steady	arguments_calls	2	600	2	340627917	1194184800
JavaScriptCore	independent_steady	arguments_calls	2	600	3	341139041	1194184800
JavaScriptCore	independent_steady	arguments_calls	2	600	4	337331541	1194184800
JavaScriptCore	independent_steady	arguments_calls	2	600	5	336245625	1194184800
JavaScriptCore	independent_steady	arguments_calls	2	600	6	344590792	1194184800
zig-js	independent_steady	arguments_calls	2	600	0	97366208	1194184800
zig-js	independent_steady	arguments_calls	2	600	1	97975459	1194184800
zig-js	independent_steady	arguments_calls	2	600	2	100595708	1194184800
zig-js	independent_steady	arguments_calls	2	600	3	97200875	1194184800
zig-js	independent_steady	arguments_calls	2	600	4	97045250	1194184800
zig-js	independent_steady	arguments_calls	2	600	5	96247000	1194184800
zig-js	independent_steady	arguments_calls	2	600	6	97278833	1194184800
zig-js	independent_cold	arguments_calls	2	600	0	103908583	1194184800
zig-js	independent_cold	arguments_calls	2	600	1	101670542	1194184800
zig-js	independent_cold	arguments_calls	2	600	2	99217291	1194184800
zig-js	independent_cold	arguments_calls	2	600	3	100912083	1194184800
zig-js	independent_cold	arguments_calls	2	600	4	99985833	1194184800
zig-js	independent_cold	arguments_calls	2	600	5	103533917	1194184800
zig-js	independent_cold	arguments_calls	2	600	6	101697250	1194184800
JavaScriptCore	independent_cold	arguments_calls	2	600	0	347725375	1194184800
JavaScriptCore	independent_cold	arguments_calls	2	600	1	340356041	1194184800
JavaScriptCore	independent_cold	arguments_calls	2	600	2	340846125	1194184800
JavaScriptCore	independent_cold	arguments_calls	2	600	3	342899166	1194184800
JavaScriptCore	independent_cold	arguments_calls	2	600	4	339170542	1194184800
JavaScriptCore	independent_cold	arguments_calls	2	600	5	344703917	1194184800
JavaScriptCore	independent_cold	arguments_calls	2	600	6	336718000	1194184800
zig-js	shared	arguments_calls	2	600	0	96906583	1194184800
zig-js	shared	arguments_calls	2	600	1	98708750	1194184800
zig-js	shared	arguments_calls	2	600	2	96607708	1194184800
zig-js	shared	arguments_calls	2	600	3	99433083	1194184800
zig-js	shared	arguments_calls	2	600	4	98959791	1194184800
zig-js	shared	arguments_calls	2	600	5	97083333	1194184800
zig-js	shared	arguments_calls	2	600	6	96932500	1194184800
JavaScriptCore	independent_steady	arguments_calls	4	600	0	355756875	2388372000
JavaScriptCore	independent_steady	arguments_calls	4	600	1	372835250	2388372000
JavaScriptCore	independent_steady	arguments_calls	4	600	2	348924958	2388372000
JavaScriptCore	independent_steady	arguments_calls	4	600	3	347867958	2388372000
JavaScriptCore	independent_steady	arguments_calls	4	600	4	351616292	2388372000
JavaScriptCore	independent_steady	arguments_calls	4	600	5	345615917	2388372000
JavaScriptCore	independent_steady	arguments_calls	4	600	6	349056833	2388372000
zig-js	independent_steady	arguments_calls	4	600	0	100143250	2388372000
zig-js	independent_steady	arguments_calls	4	600	1	99134500	2388372000
zig-js	independent_steady	arguments_calls	4	600	2	99682959	2388372000
zig-js	independent_steady	arguments_calls	4	600	3	100232584	2388372000
zig-js	independent_steady	arguments_calls	4	600	4	99024125	2388372000
zig-js	independent_steady	arguments_calls	4	600	5	99797833	2388372000
zig-js	independent_steady	arguments_calls	4	600	6	99016208	2388372000
zig-js	independent_cold	arguments_calls	4	600	0	109688959	2388372000
zig-js	independent_cold	arguments_calls	4	600	1	106236625	2388372000
zig-js	independent_cold	arguments_calls	4	600	2	102527542	2388372000
zig-js	independent_cold	arguments_calls	4	600	3	102712208	2388372000
zig-js	independent_cold	arguments_calls	4	600	4	101295750	2388372000
zig-js	independent_cold	arguments_calls	4	600	5	106854875	2388372000
zig-js	independent_cold	arguments_calls	4	600	6	109098750	2388372000
JavaScriptCore	independent_cold	arguments_calls	4	600	0	376397959	2388372000
JavaScriptCore	independent_cold	arguments_calls	4	600	1	394736792	2388372000
JavaScriptCore	independent_cold	arguments_calls	4	600	2	392284959	2388372000
JavaScriptCore	independent_cold	arguments_calls	4	600	3	367979292	2388372000
JavaScriptCore	independent_cold	arguments_calls	4	600	4	357946083	2388372000
JavaScriptCore	independent_cold	arguments_calls	4	600	5	368195041	2388372000
JavaScriptCore	independent_cold	arguments_calls	4	600	6	368034125	2388372000
zig-js	shared	arguments_calls	4	600	0	99599458	2388372000
zig-js	shared	arguments_calls	4	600	1	101310041	2388372000
zig-js	shared	arguments_calls	4	600	2	102488750	2388372000
zig-js	shared	arguments_calls	4	600	3	108199208	2388372000
zig-js	shared	arguments_calls	4	600	4	101073750	2388372000
zig-js	shared	arguments_calls	4	600	5	100438083	2388372000
zig-js	shared	arguments_calls	4	600	6	102525750	2388372000
JavaScriptCore	independent_steady	arguments_calls	8	600	0	522461666	4776753600
JavaScriptCore	independent_steady	arguments_calls	8	600	1	543950750	4776753600
JavaScriptCore	independent_steady	arguments_calls	8	600	2	544466292	4776753600
JavaScriptCore	independent_steady	arguments_calls	8	600	3	527977958	4776753600
JavaScriptCore	independent_steady	arguments_calls	8	600	4	517573792	4776753600
JavaScriptCore	independent_steady	arguments_calls	8	600	5	525756083	4776753600
JavaScriptCore	independent_steady	arguments_calls	8	600	6	519397000	4776753600
zig-js	independent_steady	arguments_calls	8	600	0	124987541	4776753600
zig-js	independent_steady	arguments_calls	8	600	1	129675167	4776753600
zig-js	independent_steady	arguments_calls	8	600	2	126733500	4776753600
zig-js	independent_steady	arguments_calls	8	600	3	127520417	4776753600
zig-js	independent_steady	arguments_calls	8	600	4	128620375	4776753600
zig-js	independent_steady	arguments_calls	8	600	5	136261625	4776753600
zig-js	independent_steady	arguments_calls	8	600	6	133709166	4776753600
zig-js	independent_cold	arguments_calls	8	600	0	146986417	4776753600
zig-js	independent_cold	arguments_calls	8	600	1	145145583	4776753600
zig-js	independent_cold	arguments_calls	8	600	2	143560875	4776753600
zig-js	independent_cold	arguments_calls	8	600	3	132938917	4776753600
zig-js	independent_cold	arguments_calls	8	600	4	127943750	4776753600
zig-js	independent_cold	arguments_calls	8	600	5	137756250	4776753600
zig-js	independent_cold	arguments_calls	8	600	6	142336209	4776753600
JavaScriptCore	independent_cold	arguments_calls	8	600	0	541271833	4776753600
JavaScriptCore	independent_cold	arguments_calls	8	600	1	536456042	4776753600
JavaScriptCore	independent_cold	arguments_calls	8	600	2	534564791	4776753600
JavaScriptCore	independent_cold	arguments_calls	8	600	3	532990166	4776753600
JavaScriptCore	independent_cold	arguments_calls	8	600	4	533784250	4776753600
JavaScriptCore	independent_cold	arguments_calls	8	600	5	528561084	4776753600
JavaScriptCore	independent_cold	arguments_calls	8	600	6	523624125	4776753600
zig-js	shared	arguments_calls	8	600	0	126376167	4776753600
zig-js	shared	arguments_calls	8	600	1	131756125	4776753600
zig-js	shared	arguments_calls	8	600	2	128793333	4776753600
zig-js	shared	arguments_calls	8	600	3	129485125	4776753600
zig-js	shared	arguments_calls	8	600	4	129609209	4776753600
zig-js	shared	arguments_calls	8	600	5	124306875	4776753600
zig-js	shared	arguments_calls	8	600	6	137110083	4776753600
JavaScriptCore	single	fibonacci	1	125	0	489293292	24552125
JavaScriptCore	single	fibonacci	1	125	1	483319500	24552125
JavaScriptCore	single	fibonacci	1	125	2	486183583	24552125
JavaScriptCore	single	fibonacci	1	125	3	485823916	24552125
JavaScriptCore	single	fibonacci	1	125	4	488957959	24552125
JavaScriptCore	single	fibonacci	1	125	5	488668292	24552125
JavaScriptCore	single	fibonacci	1	125	6	485840375	24552125
zig-js	single	fibonacci	1	125	0	92735459	24552125
zig-js	single	fibonacci	1	125	1	90952041	24552125
zig-js	single	fibonacci	1	125	2	90328458	24552125
zig-js	single	fibonacci	1	125	3	90059917	24552125
zig-js	single	fibonacci	1	125	4	91253917	24552125
zig-js	single	fibonacci	1	125	5	92032708	24552125
zig-js	single	fibonacci	1	125	6	91740333	24552125
zig-js	independent_steady	fibonacci	1	125	0	90510291	24552125
zig-js	independent_steady	fibonacci	1	125	1	93323750	24552125
zig-js	independent_steady	fibonacci	1	125	2	91804292	24552125
zig-js	independent_steady	fibonacci	1	125	3	95363333	24552125
zig-js	independent_steady	fibonacci	1	125	4	90373500	24552125
zig-js	independent_steady	fibonacci	1	125	5	93215750	24552125
zig-js	independent_steady	fibonacci	1	125	6	92303041	24552125
JavaScriptCore	independent_steady	fibonacci	1	125	0	487375375	24552125
JavaScriptCore	independent_steady	fibonacci	1	125	1	486085250	24552125
JavaScriptCore	independent_steady	fibonacci	1	125	2	486782292	24552125
JavaScriptCore	independent_steady	fibonacci	1	125	3	485086750	24552125
JavaScriptCore	independent_steady	fibonacci	1	125	4	490605792	24552125
JavaScriptCore	independent_steady	fibonacci	1	125	5	488376375	24552125
JavaScriptCore	independent_steady	fibonacci	1	125	6	489805750	24552125
JavaScriptCore	independent_cold	fibonacci	1	125	0	491091166	24552125
JavaScriptCore	independent_cold	fibonacci	1	125	1	490977792	24552125
JavaScriptCore	independent_cold	fibonacci	1	125	2	487249209	24552125
JavaScriptCore	independent_cold	fibonacci	1	125	3	487729333	24552125
JavaScriptCore	independent_cold	fibonacci	1	125	4	488374375	24552125
JavaScriptCore	independent_cold	fibonacci	1	125	5	489993167	24552125
JavaScriptCore	independent_cold	fibonacci	1	125	6	485554000	24552125
zig-js	independent_cold	fibonacci	1	125	0	97657416	24552125
zig-js	independent_cold	fibonacci	1	125	1	93762583	24552125
zig-js	independent_cold	fibonacci	1	125	2	92159459	24552125
zig-js	independent_cold	fibonacci	1	125	3	93505875	24552125
zig-js	independent_cold	fibonacci	1	125	4	94208625	24552125
zig-js	independent_cold	fibonacci	1	125	5	95755875	24552125
zig-js	independent_cold	fibonacci	1	125	6	92874500	24552125
zig-js	shared	fibonacci	1	125	0	281266000	24552125
zig-js	shared	fibonacci	1	125	1	280492292	24552125
zig-js	shared	fibonacci	1	125	2	281327042	24552125
zig-js	shared	fibonacci	1	125	3	283037083	24552125
zig-js	shared	fibonacci	1	125	4	279903125	24552125
zig-js	shared	fibonacci	1	125	5	283478666	24552125
zig-js	shared	fibonacci	1	125	6	278078333	24552125
zig-js	independent_steady	fibonacci	2	125	0	96599750	49104251
zig-js	independent_steady	fibonacci	2	125	1	92495459	49104251
zig-js	independent_steady	fibonacci	2	125	2	91580125	49104251
zig-js	independent_steady	fibonacci	2	125	3	95413666	49104251
zig-js	independent_steady	fibonacci	2	125	4	95325667	49104251
zig-js	independent_steady	fibonacci	2	125	5	94851333	49104251
zig-js	independent_steady	fibonacci	2	125	6	95739167	49104251
JavaScriptCore	independent_steady	fibonacci	2	125	0	504108084	49104251
JavaScriptCore	independent_steady	fibonacci	2	125	1	493346375	49104251
JavaScriptCore	independent_steady	fibonacci	2	125	2	496083958	49104251
JavaScriptCore	independent_steady	fibonacci	2	125	3	495796000	49104251
JavaScriptCore	independent_steady	fibonacci	2	125	4	494652166	49104251
JavaScriptCore	independent_steady	fibonacci	2	125	5	491119125	49104251
JavaScriptCore	independent_steady	fibonacci	2	125	6	494584041	49104251
JavaScriptCore	independent_cold	fibonacci	2	125	0	503204000	49104251
JavaScriptCore	independent_cold	fibonacci	2	125	1	499702959	49104251
JavaScriptCore	independent_cold	fibonacci	2	125	2	499186125	49104251
JavaScriptCore	independent_cold	fibonacci	2	125	3	498461459	49104251
JavaScriptCore	independent_cold	fibonacci	2	125	4	498361791	49104251
JavaScriptCore	independent_cold	fibonacci	2	125	5	496574334	49104251
JavaScriptCore	independent_cold	fibonacci	2	125	6	496022334	49104251
zig-js	independent_cold	fibonacci	2	125	0	97270792	49104251
zig-js	independent_cold	fibonacci	2	125	1	95157375	49104251
zig-js	independent_cold	fibonacci	2	125	2	96966875	49104251
zig-js	independent_cold	fibonacci	2	125	3	96342208	49104251
zig-js	independent_cold	fibonacci	2	125	4	96653208	49104251
zig-js	independent_cold	fibonacci	2	125	5	96056417	49104251
zig-js	independent_cold	fibonacci	2	125	6	94731875	49104251
zig-js	shared	fibonacci	2	125	0	284746334	49104251
zig-js	shared	fibonacci	2	125	1	286387500	49104251
zig-js	shared	fibonacci	2	125	2	281022584	49104251
zig-js	shared	fibonacci	2	125	3	287153417	49104251
zig-js	shared	fibonacci	2	125	4	282442250	49104251
zig-js	shared	fibonacci	2	125	5	287481416	49104251
zig-js	shared	fibonacci	2	125	6	285582458	49104251
zig-js	independent_steady	fibonacci	4	125	0	107422792	98208506
zig-js	independent_steady	fibonacci	4	125	1	99057709	98208506
zig-js	independent_steady	fibonacci	4	125	2	95904166	98208506
zig-js	independent_steady	fibonacci	4	125	3	96211000	98208506
zig-js	independent_steady	fibonacci	4	125	4	102136750	98208506
zig-js	independent_steady	fibonacci	4	125	5	98377292	98208506
zig-js	independent_steady	fibonacci	4	125	6	96275000	98208506
JavaScriptCore	independent_steady	fibonacci	4	125	0	519027209	98208506
JavaScriptCore	independent_steady	fibonacci	4	125	1	517567208	98208506
JavaScriptCore	independent_steady	fibonacci	4	125	2	522362542	98208506
JavaScriptCore	independent_steady	fibonacci	4	125	3	550108291	98208506
JavaScriptCore	independent_steady	fibonacci	4	125	4	528611500	98208506
JavaScriptCore	independent_steady	fibonacci	4	125	5	515088000	98208506
JavaScriptCore	independent_steady	fibonacci	4	125	6	521802542	98208506
JavaScriptCore	independent_cold	fibonacci	4	125	0	529402667	98208506
JavaScriptCore	independent_cold	fibonacci	4	125	1	523362500	98208506
JavaScriptCore	independent_cold	fibonacci	4	125	2	526990500	98208506
JavaScriptCore	independent_cold	fibonacci	4	125	3	521847833	98208506
JavaScriptCore	independent_cold	fibonacci	4	125	4	523483625	98208506
JavaScriptCore	independent_cold	fibonacci	4	125	5	508324083	98208506
JavaScriptCore	independent_cold	fibonacci	4	125	6	511969709	98208506
zig-js	independent_cold	fibonacci	4	125	0	108123292	98208506
zig-js	independent_cold	fibonacci	4	125	1	101468875	98208506
zig-js	independent_cold	fibonacci	4	125	2	101321333	98208506
zig-js	independent_cold	fibonacci	4	125	3	99472458	98208506
zig-js	independent_cold	fibonacci	4	125	4	102303958	98208506
zig-js	independent_cold	fibonacci	4	125	5	101319167	98208506
zig-js	independent_cold	fibonacci	4	125	6	103293208	98208506
zig-js	shared	fibonacci	4	125	0	289706250	98208506
zig-js	shared	fibonacci	4	125	1	291565542	98208506
zig-js	shared	fibonacci	4	125	2	291282583	98208506
zig-js	shared	fibonacci	4	125	3	295654250	98208506
zig-js	shared	fibonacci	4	125	4	290670417	98208506
zig-js	shared	fibonacci	4	125	5	300406250	98208506
zig-js	shared	fibonacci	4	125	6	294378083	98208506
zig-js	independent_steady	fibonacci	8	125	0	146886208	196417028
zig-js	independent_steady	fibonacci	8	125	1	133861166	196417028
zig-js	independent_steady	fibonacci	8	125	2	140873250	196417028
zig-js	independent_steady	fibonacci	8	125	3	136304208	196417028
zig-js	independent_steady	fibonacci	8	125	4	137326166	196417028
zig-js	independent_steady	fibonacci	8	125	5	133130375	196417028
zig-js	independent_steady	fibonacci	8	125	6	137134541	196417028
JavaScriptCore	independent_steady	fibonacci	8	125	0	701010959	196417028
JavaScriptCore	independent_steady	fibonacci	8	125	1	704232583	196417028
JavaScriptCore	independent_steady	fibonacci	8	125	2	711081792	196417028
JavaScriptCore	independent_steady	fibonacci	8	125	3	716703583	196417028
JavaScriptCore	independent_steady	fibonacci	8	125	4	715031583	196417028
JavaScriptCore	independent_steady	fibonacci	8	125	5	709906792	196417028
JavaScriptCore	independent_steady	fibonacci	8	125	6	698872125	196417028
JavaScriptCore	independent_cold	fibonacci	8	125	0	718137292	196417028
JavaScriptCore	independent_cold	fibonacci	8	125	1	702511000	196417028
JavaScriptCore	independent_cold	fibonacci	8	125	2	705509958	196417028
JavaScriptCore	independent_cold	fibonacci	8	125	3	707488750	196417028
JavaScriptCore	independent_cold	fibonacci	8	125	4	716872125	196417028
JavaScriptCore	independent_cold	fibonacci	8	125	5	718831584	196417028
JavaScriptCore	independent_cold	fibonacci	8	125	6	714952417	196417028
zig-js	independent_cold	fibonacci	8	125	0	149069750	196417028
zig-js	independent_cold	fibonacci	8	125	1	156694583	196417028
zig-js	independent_cold	fibonacci	8	125	2	136612000	196417028
zig-js	independent_cold	fibonacci	8	125	3	140401333	196417028
zig-js	independent_cold	fibonacci	8	125	4	139728542	196417028
zig-js	independent_cold	fibonacci	8	125	5	149225375	196417028
zig-js	independent_cold	fibonacci	8	125	6	138118333	196417028
zig-js	shared	fibonacci	8	125	0	402519625	196417028
zig-js	shared	fibonacci	8	125	1	420366667	196417028
zig-js	shared	fibonacci	8	125	2	415551292	196417028
zig-js	shared	fibonacci	8	125	3	411484584	196417028
zig-js	shared	fibonacci	8	125	4	419625750	196417028
zig-js	shared	fibonacci	8	125	5	558805375	196417028
zig-js	shared	fibonacci	8	125	6	402657750	196417028
